0.000000000000000000e+00,-7.675428110583170857e-03,-1.022867030621590206e-02,-1.579136361176076697e+00,5.577152124771886377e-02,8.000000000000000000e+00,0.000000000000000000e+00
1.997983437713112265e-01,1.912868456047376597e-01,9.602149636070596295e-05,-1.545589075881200092e+00,5.764031412058951559e-02,8.000000000000000000e+00,0.000000000000000000e+00
3.995966875426224529e-01,3.897982306345310621e-01,2.601897691092813422e-02,-1.512975487374929040e+00,5.893994342788494434e-02,8.000000000000000000e+00,0.000000000000000000e+00
5.993950313139336794e-01,5.870778510193350730e-01,5.806784296891442237e-02,-1.484090240473309397e+00,5.900225351281845193e-02,8.000000000000000000e+00,0.000000000000000000e+00
7.991933750852449059e-01,7.847462180352576810e-01,8.812296133460542635e-02,-1.460096108621853794e+00,5.759538544122620729e-02,8.000000000000000000e+00,0.000000000000000000e+00
9.989917188565561323e-01,9.823292212294929548e-01,1.168525436238259663e-01,-1.443871735627949793e+00,5.407748435730879571e-02,8.000000000000000000e+00,0.000000000000000000e+00
1.198790062627867359e+00,1.180092502779797714e+00,1.452245784751343971e-01,-1.438996068860321831e+00,4.763663426247163879e-02,8.000000000000000000e+00,0.000000000000000000e+00
1.398588406399178474e+00,1.378037742776321295e+00,1.719624157991014313e-01,-1.442770231321967689e+00,3.896046406914719512e-02,8.000000000000000000e+00,0.000000000000000000e+00
1.598386750170489812e+00,1.576165278841960449e+00,1.970733457170243674e-01,-1.450525361292232418e+00,2.926719294576947406e-02,8.000000000000000000e+00,0.000000000000000000e+00
1.798185093941801149e+00,1.774672600933081545e+00,2.206838939808570821e-01,-1.458121633786916060e+00,1.965615235116317111e-02,8.000000000000000000e+00,0.000000000000000000e+00
1.997983437713112265e+00,1.973038315172435997e+00,2.425313807467794347e-01,-1.465873814681561749e+00,1.011453521399361365e-02,8.000000000000000000e+00,0.000000000000000000e+00
2.197781781484423380e+00,2.171797358396875932e+00,2.626498828136804575e-01,-1.474201155501356331e+00,3.943870718810250616e-04,8.000000000000000000e+00,0.000000000000000000e+00
2.397580125255734718e+00,2.370923846752504005e+00,2.810496546277249097e-01,-1.482437129450279167e+00,-8.984665558585271106e-03,8.000000000000000000e+00,0.000000000000000000e+00
2.597378469027046055e+00,2.569702336523582265e+00,2.976764409171256953e-01,-1.490510948086363419e+00,-1.732295338959900788e-02,8.000000000000000000e+00,0.000000000000000000e+00
2.797176812798356949e+00,2.769048956070577105e+00,3.126546555412449968e-01,-1.498440618901040855e+00,-2.434972491667238698e-02,8.000000000000000000e+00,0.000000000000000000e+00
2.996975156569668286e+00,2.968468679975499125e+00,3.260113735416495517e-01,-1.506075932320096955e+00,-2.940049516684056438e-02,8.000000000000000000e+00,0.000000000000000000e+00
3.196773500340979624e+00,3.167666131324780032e+00,3.378139597476707001e-01,-1.513366669395816100e+00,-3.166528694007757216e-02,8.000000000000000000e+00,0.000000000000000000e+00
3.396571844112290961e+00,3.367509514696192863e+00,3.482094576005864139e-01,-1.520309032379722147e+00,-3.191187852406582315e-02,8.000000000000000000e+00,0.000000000000000000e+00
3.596370187883602298e+00,3.566904439957599759e+00,3.572448826204606687e-01,-1.526848886738095823e+00,-3.139995476154384957e-02,8.000000000000000000e+00,0.000000000000000000e+00
3.796168531654913192e+00,3.766530742860461967e+00,3.650582378442590037e-01,-1.532992069114335054e+00,-3.125579748199106694e-02,8.000000000000000000e+00,-4.071223292309725572e+00
3.995966875426224529e+00,3.966555834908658706e+00,3.717330683840484595e-01,-1.538719013500626120e+00,-3.147488118117081068e-02,7.897493260842395557e+00,-4.836562993759478957e+00
4.195765219197535423e+00,4.165981484242807120e+00,3.773012680915571182e-01,-1.544013118205867174e+00,-3.204264497686962893e-02,7.774353900903604675e+00,-4.858527020845308186e+00
4.395563562968846760e+00,4.365928289611873403e+00,3.818576979742688282e-01,-1.548877913333818634e+00,-3.318917203750677836e-02,7.648344935596776750e+00,-4.820936048417695297e+00
4.595361906740158098e+00,4.565677620770122402e+00,3.854509609310160512e-01,-1.553312188402699467e+00,-3.498377365835438763e-02,7.521363650132950163e+00,-4.750111359444720627e+00
4.795160250511469435e+00,4.765497161210507038e+00,3.881648734708584847e-01,-1.557396802814617232e+00,-3.749402656301777104e-02,7.394079113681567783e+00,-4.649606991618563612e+00
4.994958594282780773e+00,4.965415288866941168e+00,3.900900350537234718e-01,-1.561355140435773503e+00,-4.071693154608199694e-02,7.267271722931933020e+00,-4.523438612760842581e+00
5.194756938054092110e+00,5.165227319504182901e+00,3.913278542223713186e-01,-1.565529506573738461e+00,-4.463362002694834518e-02,7.141815504430374162e+00,-4.375921711956834770e+00
5.394555281825403448e+00,5.365098374310876217e+00,3.920004490188392365e-01,-1.570289040836760242e+00,-4.921358974001643904e-02,7.018281742588015959e+00,-4.212022224027830219e+00
5.594353625596713897e+00,5.564931920108828756e+00,3.921822317261477453e-01,-1.575998540409243587e+00,-5.440028545642929675e-02,6.897308986106091666e+00,-4.035054435758717695e+00
5.794151969368025235e+00,5.764890073033906326e+00,3.918369043078945291e-01,-1.583018765189982746e+00,-6.016089226787054572e-02,6.779320377408292408e+00,-3.846925297900026575e+00
5.993950313139336572e+00,5.964426813008986805e+00,3.905959010655914998e-01,-1.591646397289496528e+00,-6.647483516884568344e-02,6.665129347752857036e+00,-3.647877972792886059e+00
6.193748656910647910e+00,6.164613365213875262e+00,3.878278002302987804e-01,-1.602242503429969878e+00,-7.336778645739373828e-02,6.554639377840448589e+00,-3.438113638534278316e+00
6.393547000681959247e+00,6.364284948988775170e+00,3.828714363338772686e-01,-1.615059961534978550e+00,-8.083422637430505431e-02,6.449022193917300250e+00,-3.216075376867869817e+00
6.593345344453270584e+00,6.563906280436183849e+00,3.750556548168053062e-01,-1.630304948802556053e+00,-8.892030062275045610e-02,6.348614729265862344e+00,-2.977527364674208865e+00
6.793143688224581922e+00,6.763709071617373780e+00,3.637406352541013854e-01,-1.648265507073210845e+00,-9.772854067259358068e-02,6.254051967393253086e+00,-2.723065061016875177e+00
6.992942031995893259e+00,6.962449751209328852e+00,3.484456909402374181e-01,-1.668779442047237715e+00,-1.072098993658774785e-01,6.166652078181861896e+00,-2.457222552911468405e+00
7.192740375767204597e+00,7.161676425293108217e+00,3.285264609963730043e-01,-1.691721136553862248e+00,-1.172341294543386703e-01,6.086347649926566739e+00,-2.183236388933168293e+00
7.392538719538515046e+00,7.360027951619657394e+00,3.036398999654885134e-01,-1.716964906801643709e+00,-1.276380719059733437e-01,6.014211566633098194e+00,-1.908479057746477414e+00
7.592337063309826384e+00,7.556806615997849086e+00,2.735083946712353886e-01,-1.744230625435718274e+00,-1.381360616248422102e-01,5.950705036151741290e+00,-1.637757873068014902e+00
7.792135407081137721e+00,7.754030578336013058e+00,2.374308081959180805e-01,-1.773393001812831438e+00,-1.485359457877449552e-01,5.895265955138122571e+00,-1.372466265313442291e+00
7.991933750852449059e+00,7.949366477039320422e+00,1.954805150075572262e-01,-1.804350252884751704e+00,-1.586731331616371699e-01,5.848568314018898207e+00,-1.118068639315406010e+00
8.191732094623759508e+00,8.142628134523436145e+00,1.474639987855485557e-01,-1.837188362612957260e+00,-1.683013955360281033e-01,5.810374604165987833e+00,-8.794091945621873574e-01
8.391530438395070846e+00,8.335293804063461209e+00,9.270240973754606539e-02,-1.871888804326246492e+00,-1.772198639142349708e-01,5.779979842339031393e+00,-6.601471234692373180e-01
8.591328782166382183e+00,8.525470705258138437e+00,3.140052200472627508e-02,-1.908634764244152127e+00,-1.852458083916068698e-01,5.757113445207528102e+00,-4.680938349444518365e-01
8.791127125937693521e+00,8.712904371600959763e+00,-3.665300784587899319e-02,-1.947916814126045670e+00,-1.921223617288595475e-01,5.740877458650481380e+00,-3.078187136987887151e-01
8.990925469709004858e+00,8.897934858596562080e+00,-1.119970488674259246e-01,-1.989762347019598865e+00,-1.977232972077505313e-01,5.730155362213794845e+00,-1.801387231488940921e-01
9.190723813480316196e+00,9.079784901662105057e+00,-1.948825249770018142e-01,-2.033993204542705602e+00,-2.020549407839865863e-01,5.723869281546585697e+00,-8.588816184021901001e-02
9.390522157251627533e+00,9.257586917482743871e+00,-2.856160502523157341e-01,-2.080326548216300253e+00,-2.051464111145317459e-01,5.720873222635185051e+00,-2.544879175958938977e-02
9.590320501022938871e+00,9.430833003823000382e+00,-3.848496201745066903e-01,-2.127985666963948752e+00,-2.070573960878960007e-01,5.719985013121284823e+00,0.000000000000000000e+00
9.790118844794250208e+00,9.598659515353341831e+00,-4.931855141581579227e-01,-2.176563484367917134e+00,-2.078352130079174631e-01,5.719985013121284823e+00,0.000000000000000000e+00
9.989917188565561545e+00,9.759950308579140810e+00,-6.108320966275438968e-01,-2.225698981423493095e+00,-2.074637353972563492e-01,5.719985013121284823e+00,1.215408936694556581e-02
1.018971553233687288e+01,9.914428637681444556e+00,-7.374382203220214427e-01,-2.274769305079945347e+00,-2.058805459613223254e-01,5.720409396090827769e+00,6.295367077088563634e-02
1.038951387610818422e+01,1.006214612844377321e+01,-8.721627080448520752e-01,-2.323224667403804844e+00,-2.031165098971604022e-01,5.722609198854051726e+00,1.482885273660415892e-01
1.058931221987949556e+01,1.020277780060742501e+01,-1.013630531645228983e+00,-2.370541062946970534e+00,-1.991675328566694103e-01,5.727775820720213851e+00,2.658279252693039330e-01
1.078911056365080690e+01,1.033692548064090744e+01,-1.161509915544023164e+00,-2.415980100570388700e+00,-1.939659045690754480e-01,5.737034598883997027e+00,4.158904003900000812e-01
1.098890890742211823e+01,1.046482165091702576e+01,-1.315318084704450330e+00,-2.458875188189463490e+00,-1.875631050427765123e-01,5.751517369841034899e+00,5.954214777886620569e-01
1.118870725119342779e+01,1.058611321660091953e+01,-1.473910155184481763e+00,-2.499125986942879685e+00,-1.800799139560185225e-01,5.772149746649982482e+00,8.001491641775703156e-01
1.138850559496473913e+01,1.070112651821535721e+01,-1.636974940187609473e+00,-2.536723170227882740e+00,-1.716599494112680535e-01,5.799745178365851572e+00,1.025866705616752084e+00
1.158830393873605047e+01,1.081035107399789474e+01,-1.804529340556524808e+00,-2.571625121514958145e+00,-1.625759479813457531e-01,5.835016178077501614e+00,1.264709425407691823e+00
1.178810228250736181e+01,1.091366797321305349e+01,-1.975641651742334082e+00,-2.603895628539623086e+00,-1.530282423041832152e-01,5.878180446878183751e+00,1.512414322504677333e+00
1.198790062627867314e+01,1.101125240360572732e+01,-2.149635264243888955e+00,-2.633368467384379130e+00,-1.431928598948300768e-01,5.929285811793470806e+00,1.765850210536963116e+00
1.218769897004998448e+01,1.110393337585538909e+01,-2.326867242768580368e+00,-2.659880204569067708e+00,-1.333061528396946860e-01,5.988553965157151104e+00,2.019270955545513946e+00
1.238749731382129582e+01,1.119188846317064012e+01,-2.506369304055592551e+00,-2.683535649727482486e+00,-1.235429829662446494e-01,6.055580368439289707e+00,2.269672192893516183e+00
1.258729565759260716e+01,1.127559847713819252e+01,-2.687499471240125448e+00,-2.704501628199767360e+00,-1.140275599801556100e-01,6.129912424138964866e+00,2.515320209624182013e+00
1.278709400136391849e+01,1.135608595114281449e+01,-2.870640474179455115e+00,-2.722998143746155453e+00,-1.049383066092739042e-01,6.211456478443957430e+00,2.751250149942078060e+00
1.298689234513522983e+01,1.143370725693192291e+01,-3.054697139414012330e+00,-2.739258301822623309e+00,-9.642860374563150261e-02,6.299312791529643185e+00,2.973583630368257236e+00
1.318669068890654117e+01,1.150917128886705498e+01,-3.239550623822131215e+00,-2.753586575640560419e+00,-8.851097235240325267e-02,6.392869123252083341e+00,3.182664930399390801e+00
1.338648903267785251e+01,1.158296431325238274e+01,-3.425579561258889516e+00,-2.766274019901068915e+00,-8.118288174074103636e-02,6.491738721053223138e+00,3.378736473438049615e+00
1.358628737644916384e+01,1.165476148573233317e+01,-3.611792114789607933e+00,-2.777633769838423472e+00,-7.444490583789180327e-02,6.594792670404225454e+00,3.562294983963204320e+00
1.378608572022047518e+01,1.172483094023969130e+01,-3.798939416038486172e+00,-2.788059271620131341e+00,-6.827724791760991785e-02,6.701867611267714686e+00,3.733325397038360194e+00
1.398588406399178652e+01,1.179311391992643010e+01,-3.986942238864030319e+00,-2.797892906360782472e+00,-6.271375513120286405e-02,6.812378585769552686e+00,3.889548569826227542e+00
1.418568240776309786e+01,1.185940431735162548e+01,-4.175222751098254470e+00,-2.807456276117870964e+00,-5.778908819855002599e-02,6.925408579288882649e+00,4.028361129381119454e+00
1.438548075153440919e+01,1.192396306467618317e+01,-4.364452014173367367e+00,-2.816898335028264810e+00,-5.347170280990908714e-02,7.040748242623298125e+00,4.149293485994235198e+00
1.458527909530571876e+01,1.198665983250495692e+01,-4.554148157608746139e+00,-2.826191415513349181e+00,-4.971329697168025419e-02,7.157520481741491025e+00,4.253182852325008589e+00
1.478507743907703009e+01,1.204758590188597367e+01,-4.744431760298325251e+00,-2.835310097744367930e+00,-4.645750795588153570e-02,7.275277792538490829e+00,4.341019576168508642e+00
1.498487578284834143e+01,1.210681163919953462e+01,-4.935375789407529190e+00,-2.844200694600607981e+00,-4.363985044983931250e-02,7.393602985623103585e+00,4.414411641856747615e+00
1.518467412661965277e+01,1.216429148980433794e+01,-5.126672355193442776e+00,-2.852812900574849486e+00,-4.118316072351133755e-02,7.511916121370271426e+00,4.476080208418985684e+00
1.538447247039096411e+01,1.222015411759083570e+01,-5.318555757578808496e+00,-2.861127276515528450e+00,-3.901278614946854240e-02,7.630070100071982608e+00,4.528754796788772907e+00
1.558427081416227544e+01,1.227441233040448765e+01,-5.510852757188228424e+00,-2.869104499287398191e+00,-3.704792400085524240e-02,7.747754939851300371e+00,4.576098087641562451e+00
1.578406915793358678e+01,1.232715408531574930e+01,-5.703618077875098891e+00,-2.876729249563656499e+00,-3.519107727239220718e-02,7.864907895074826349e+00,4.623193408994738185e+00
1.598386750170489812e+01,1.237841588690589489e+01,-5.896692180627842284e+00,-2.883970555522257229e+00,-3.335492272054594448e-02,7.981470106909958950e+00,7.407941572608127689e-01
1.618366584547620946e+01,1.242832520929358964e+01,-6.090237371989552173e+00,-2.890803486771558184e+00,-3.145971511899234296e-02,8.000000000000000000e+00,0.000000000000000000e+00
1.638346418924751902e+01,1.247692184250634995e+01,-6.284059508911189695e+00,-2.897206802928514513e+00,-2.946854798370416445e-02,8.000000000000000000e+00,0.000000000000000000e+00
1.658326253301883213e+01,1.252428633368162281e+01,-6.478099489147918000e+00,-2.903154316166828508e+00,-2.738829347579110202e-02,8.000000000000000000e+00,0.000000000000000000e+00
1.678306087679014169e+01,1.257057483739750126e+01,-6.672601770898551443e+00,-2.908640806652708299e+00,-2.522684911320916684e-02,8.000000000000000000e+00,0.000000000000000000e+00
1.698285922056145480e+01,1.261578062002806888e+01,-6.867115734270095473e+00,-2.913641698668735458e+00,-2.299717971503676545e-02,8.000000000000000000e+00,0.000000000000000000e+00
1.718265756433276437e+01,1.266009495583314148e+01,-7.062023356247096650e+00,-2.918153121717065979e+00,-2.071271092159283206e-02,8.000000000000000000e+00,0.000000000000000000e+00
1.738245590810407748e+01,1.270356875687578579e+01,-7.257097656726365642e+00,-2.922167821072432226e+00,-1.837848230190958915e-02,8.000000000000000000e+00,0.000000000000000000e+00
1.758225425187538704e+01,1.274624427925490444e+01,-7.452051544645013514e+00,-2.925676046949149178e+00,-1.600331616759483391e-02,8.000000000000000000e+00,0.000000000000000000e+00
1.778205259564670015e+01,1.278838672033232982e+01,-7.647621229164266232e+00,-2.928681650711175255e+00,-1.359045807868987377e-02,8.000000000000000000e+00,0.000000000000000000e+00
1.798185093941800972e+01,1.282992622858949261e+01,-7.842999932281449205e+00,-2.931178072684485603e+00,-1.114600051604400406e-02,8.000000000000000000e+00,0.000000000000000000e+00
1.818164928318932283e+01,1.287102232209525887e+01,-8.038438839744355136e+00,-2.933168255643709976e+00,-8.673387664260925195e-03,8.000000000000000000e+00,0.000000000000000000e+00
1.838144762696063239e+01,1.291183576258731946e+01,-8.234209985186815572e+00,-2.934653676638054876e+00,-6.173922990782429281e-03,8.000000000000000000e+00,0.000000000000000000e+00
1.858124597073194550e+01,1.295234141921613435e+01,-8.429697155582752899e+00,-2.935634129017062666e+00,-3.650007467927097494e-03,8.000000000000000000e+00,0.000000000000000000e+00
1.878104431450325507e+01,1.299275082041754104e+01,-8.625424227524291609e+00,-2.936115751172127197e+00,-1.098014702910552268e-03,8.000000000000000000e+00,0.000000000000000000e+00
1.898084265827456818e+01,1.303312666385074614e+01,-8.821203475082961987e+00,-2.936096662970118842e+00,1.480837063307805217e-03,8.000000000000000000e+00,0.000000000000000000e+00
1.918064100204587774e+01,1.307349093954382369e+01,-9.016652974166204260e+00,-2.935580207317813439e+00,4.081562652079705721e-03,8.000000000000000000e+00,0.000000000000000000e+00
1.938043934581718730e+01,1.311408191527482181e+01,-9.212439580993816435e+00,-2.934567083014566258e+00,6.694444683212414510e-03,8.000000000000000000e+00,0.000000000000000000e+00
1.958023768958850042e+01,1.315489697516865419e+01,-9.408067149989788547e+00,-2.933053220590080112e+00,9.310422735282776127e-03,8.000000000000000000e+00,0.000000000000000000e+00
1.978003603335980998e+01,1.319599692193519402e+01,-9.603351765270277340e+00,-2.931036269867969946e+00,1.192331047275330992e-02,8.000000000000000000e+00,0.000000000000000000e+00
1.997983437713112309e+01,1.323762024797887626e+01,-9.798945710223859962e+00,-2.928509604377852682e+00,1.452472628612026286e-02,8.000000000000000000e+00,0.000000000000000000e+00
2.017963272090243265e+01,1.327974504757541041e+01,-9.994262811868329877e+00,-2.925462056575675263e+00,1.711099842824708936e-02,8.000000000000000000e+00,0.000000000000000000e+00
2.037943106467374577e+01,1.332245986877653898e+01,-1.018923844416746682e+01,-2.921877594691113522e+00,1.968071382798317753e-02,8.000000000000000000e+00,0.000000000000000000e+00
2.057922940844505533e+01,1.336598243118953633e+01,-1.038437456730698294e+01,-2.917739625103723533e+00,2.222751387552123620e-02,8.000000000000000000e+00,0.000000000000000000e+00
2.077902775221636844e+01,1.341031720260127003e+01,-1.057918722658149768e+01,-2.913028437034269835e+00,2.474603585473717643e-02,8.000000000000000000e+00,0.000000000000000000e+00
2.097882609598767800e+01,1.345557416737034551e+01,-1.077365540012601564e+01,-2.907724322815854023e+00,2.722912126816846162e-02,8.000000000000000000e+00,0.000000000000000000e+00
2.117862443975899112e+01,1.350194130056788033e+01,-1.096805725723540093e+01,-2.901843332559378652e+00,2.966417124595762192e-02,8.000000000000000000e+00,0.000000000000000000e+00
2.137842278353030068e+01,1.354947992499163867e+01,-1.116209711604107468e+01,-2.895417041868942221e+00,3.204752442090087750e-02,8.000000000000000000e+00,0.000000000000000000e+00
2.157822112730161379e+01,1.359832692365781703e+01,-1.135576606863537030e+01,-2.888471906102743958e+00,3.437872684203571727e-02,8.000000000000000000e+00,0.000000000000000000e+00
2.177801947107292335e+01,1.364864011264276478e+01,-1.154912149081048511e+01,-2.881036497016630449e+00,3.664501221375425499e-02,8.000000000000000000e+00,0.000000000000000000e+00
2.197781781484423647e+01,1.370051165355580736e+01,-1.174201035053397568e+01,-2.873137747570516431e+00,3.884629904158516667e-02,8.000000000000000000e+00,0.000000000000000000e+00
2.217761615861554603e+01,1.375403725645851516e+01,-1.193449686664798826e+01,-2.864793272718964445e+00,4.097018568486869572e-02,8.000000000000000000e+00,-2.943793017098168097e+00
2.237741450238685559e+01,1.380924030638477440e+01,-1.212650231765408115e+01,-2.856010196096691267e+00,4.300270755528141919e-02,7.926143899506044477e+00,-4.049627269816467035e+00
2.257721284615816870e+01,1.386612526936666612e+01,-1.231790050798283431e+01,-2.846813719847403057e+00,4.493591604846825655e-02,7.823461990489976259e+00,-4.013592926101969383e+00
2.277701118992947826e+01,1.392481749335125230e+01,-1.250892168593791709e+01,-2.837231411598487796e+00,4.674987631569359203e-02,7.720262174187642934e+00,-3.989576372431534512e+00
2.297680953370079138e+01,1.398532609013341599e+01,-1.269935794956153252e+01,-2.827289996335554001e+00,4.844883943051696285e-02,7.616302852610925100e+00,-3.977017428837758217e+00
2.317660787747210094e+01,1.404765339798205481e+01,-1.288895490890185691e+01,-2.817043161631995751e+00,5.003459646082909079e-02,7.511365545168230184e+00,-3.975291854557907456e+00
2.337640622124341405e+01,1.411205896943253890e+01,-1.307818499904395182e+01,-2.806506236989233294e+00,5.151628039238169421e-02,7.404820614637914744e+00,-3.975110003386350233e+00
2.357620456501472361e+01,1.417851553780115736e+01,-1.326663993314930678e+01,-2.795676966909979022e+00,5.289097828657827322e-02,7.296758298336636805e+00,-3.983475859933115704e+00
2.377600290878603673e+01,1.424701296980636300e+01,-1.345403165550671609e+01,-2.784604014912218428e+00,5.409962943317590117e-02,7.187011126042237130e+00,-4.004709395052687526e+00
2.397580125255734629e+01,1.431786313467110716e+01,-1.364109622256302501e+01,-2.773281080174776925e+00,5.504068695746160145e-02,7.074672213095963613e+00,-4.043710857953621840e+00
2.417559959632865940e+01,1.439077099944968730e+01,-1.382702467001711710e+01,-2.761746551698878172e+00,5.554575665653431471e-02,6.959585513111884225e+00,-4.107354058072793634e+00
2.437539794009996896e+01,1.446580636090184235e+01,-1.401200519576934944e+01,-2.750040199746567993e+00,5.538051437370453828e-02,6.840761023892551584e+00,-4.205046983946532535e+00
2.457519628387128208e+01,1.454323765366602750e+01,-1.419664511145591490e+01,-2.738177193057110603e+00,5.415785843728863902e-02,6.716558182173018920e+00,-4.352138855502014181e+00
2.477499462764259164e+01,1.462254702362949388e+01,-1.437966709325492509e+01,-2.726217479846485325e+00,5.143603627998338118e-02,6.586041224237698444e+00,-4.562882104525329829e+00
2.497479297141390475e+01,1.470419024520479745e+01,-1.456207671865935716e+01,-2.714124365298664188e+00,4.677822353717539516e-02,6.446098118551011780e+00,-4.849266848110341144e+00
2.517459131518521431e+01,1.478812494652027709e+01,-1.474368427538702875e+01,-2.701906742476587464e+00,3.981050852548181918e-02,6.293793427004770180e+00,-5.215791843578551301e+00
2.537438965895652743e+01,1.487405166072947438e+01,-1.492378080010777097e+01,-2.689559691875815339e+00,3.006812894039819287e-02,6.126195116474693947e+00,-5.665163047594590218e+00
2.557418800272783699e+01,1.496242110503443712e+01,-1.510323686458269066e+01,-2.677121308860689552e+00,1.715996009140843825e-02,5.938334372383375026e+00,-6.190920314413506986e+00
2.577398634649914655e+01,1.505290531900924478e+01,-1.528129947625716234e+01,-2.664856169828826005e+00,9.837723825105871688e-04,5.726319941224903509e+00,-6.241618379353597312e+00
2.597378469027045966e+01,1.514570392812561117e+01,-1.545828857228256226e+01,-2.653196985687795717e+00,-1.843082790076309985e-02,5.504186432694345932e+00,-5.655115766128050225e+00
2.617358303404176922e+01,1.524083276032063239e+01,-1.563414073089081491e+01,-2.642834269048967677e+00,-4.083800755917522951e-02,5.294787254825059186e+00,-5.085025163762453282e+00
2.637338137781308234e+01,1.533816870712975167e+01,-1.580859798466193311e+01,-2.634711495115301894e+00,-6.595280536050326936e-02,5.099319683290812755e+00,-4.541740773280751320e+00
2.657317972158439190e+01,1.543772151296635720e+01,-1.598193479711251186e+01,-2.630400711487975052e+00,-9.336528215791660423e-02,4.918064154387910669e+00,-4.022200280209718315e+00
2.677297806535570501e+01,1.553903620209080039e+01,-1.615419320013363702e+01,-2.631694714420452552e+00,-1.230218314225667714e-01,4.751813322828570385e+00,-3.531202653467766517e+00
2.697277640912701457e+01,1.564141647129271462e+01,-1.632600449865647718e+01,-2.640365764589717834e+00,-1.544272320732903159e-01,4.600786229600597466e+00,-3.098336466805372336e+00
2.717257475289832769e+01,1.574342573868827877e+01,-1.649752282222804567e+01,-2.657961688270296996e+00,-1.857274440613468358e-01,4.464372550800852046e+00,-2.733186082580516985e+00
2.737237309666963725e+01,1.584411629186153370e+01,-1.667079144588531037e+01,-2.686354989737357535e+00,-2.159161347522065288e-01,4.339948760354804591e+00,-2.412296500336712501e+00
2.757217144044095036e+01,1.593997028910217040e+01,-1.684598288503850227e+01,-2.727106334801074894e+00,-2.455114646271687462e-01,4.227491544100439036e+00,-2.120302109962197257e+00
2.777196978421225992e+01,1.602817714526664972e+01,-1.702527068300133095e+01,-2.780672893058746986e+00,-2.748823910982297614e-01,4.126059139748942783e+00,-1.845024215473115792e+00
2.797176812798357304e+01,1.610543374803074101e+01,-1.720995084692291144e+01,-2.846930057952907767e+00,-3.042539208316666355e-01,4.035549478458675843e+00,-1.584142919693825258e+00
2.817156647175488260e+01,1.616776618124448106e+01,-1.739893927913331950e+01,-2.924933877163748086e+00,-3.331716863393262562e-01,3.956660595890417742e+00,-1.329604800776107432e+00
2.837136481552619571e+01,1.621220219014107400e+01,-1.759404747013475045e+01,-3.013585425308572319e+00,-3.617258109885128636e-01,3.888835759958173099e+00,-1.083965050932458762e+00
2.857116315929750527e+01,1.623437205027723707e+01,-1.779260516626608535e+01,-3.111261767874968331e+00,-3.891130141521996766e-01,3.832741768468428400e+00,-8.549464001280420167e-01
2.877096150306881839e+01,1.623266638321499755e+01,-1.799185154104301532e+01,3.065376664014254793e+00,-4.143123437978886159e-01,3.788034719846846254e+00,-6.440720715161706300e-01
2.897075984684012795e+01,1.620730825062808478e+01,-1.819057144914411595e+01,2.951974837852295863e+00,-4.368647914286357681e-01,3.753818246197464070e+00,-4.502938962131852740e-01
2.917055819061143751e+01,1.615906914639305469e+01,-1.838583491748036991e+01,2.839117850376280394e+00,-4.564845649179880560e-01,3.729612944858121892e+00,-2.652150024856231858e-01
2.937035653438275062e+01,1.608895821986626729e+01,-1.857305238624796573e+01,2.730831892963888841e+00,-4.733988910704857167e-01,3.715369687694114909e+00,-1.135418292419884262e-01
2.957015487815406019e+01,1.599769704780533530e+01,-1.874863274519814027e+01,2.625008318131353491e+00,-4.859684964177773958e-01,3.709317494510201652e+00,-1.929408281850205839e-02
2.976995322192537330e+01,1.588409512438051863e+01,-1.891205229762434215e+01,2.519908207884277385e+00,-4.930936123871005883e-01,3.708282112646786643e+00,0.000000000000000000e+00
2.996975156569668286e+01,1.575023002054290977e+01,-1.906070722263582695e+01,2.414199732129898468e+00,-4.944966800191242795e-01,3.708282112646786643e+00,0.000000000000000000e+00
3.016954990946799597e+01,1.560699842419528061e+01,-1.919598415074202080e+01,2.309008015688774229e+00,-4.899453028978766889e-01,3.708282112646786643e+00,6.258760811758576348e-02
3.036934825323930554e+01,1.545814686529863380e+01,-1.932537477086818711e+01,2.203029453367499890e+00,-4.801927654535432799e-01,3.711609385727419497e+00,1.848432231200026477e-01
3.056914659701061865e+01,1.529690827103676298e+01,-1.944296713519831599e+01,2.097901880342164738e+00,-4.657103891449596578e-01,3.721534682386652637e+00,3.499947555576077285e-01
3.076894494078192821e+01,1.512177725397045336e+01,-1.954238729869124924e+01,1.995912190862569879e+00,-4.467065261207001092e-01,3.740425992416246626e+00,5.502243180992008043e-01
3.096874328455324132e+01,1.493463343955013478e+01,-1.962016820962061203e+01,1.897122307001052555e+00,-4.243098296537561320e-01,3.770120405791648199e+00,7.689416021811671387e-01
3.116854162832455089e+01,1.474439001500254065e+01,-1.967293204829803344e+01,1.801126418353657499e+00,-4.007150401468164702e-01,3.810173786232164073e+00,9.826497462942103134e-01
3.136833997209586400e+01,1.454657083904018933e+01,-1.970291374528484241e+01,1.705144029861059174e+00,-3.772702544985475637e-01,3.861429537691247305e+00,1.174659778877116256e+00
3.156813831586717356e+01,1.434521020990511531e+01,-1.971043871208948062e+01,1.614164958192385591e+00,-3.537405152888894455e-01,3.922247920836026136e+00,1.358045741870657963e+00
3.176793665963848667e+01,1.414737028771559935e+01,-1.969830715283586642e+01,1.532126672537726275e+00,-3.299089227617006959e-01,3.990286881127002694e+00,1.547061667333998303e+00
3.196773500340979624e+01,1.394866554634305622e+01,-1.967040157306071180e+01,1.460262895862017629e+00,-3.055798335728622805e-01,4.067338156940136784e+00,1.744719570943093823e+00
3.216753334718110580e+01,1.375294979113158078e+01,-1.963074293943967064e+01,1.400446228865254827e+00,-2.810979110363891476e-01,4.152114851143820395e+00,1.953855783957516801e+00
3.236733169095241891e+01,1.355904232085737959e+01,-1.958206130364535724e+01,1.350765497299340812e+00,-2.561797911153380625e-01,4.245150998760310657e+00,2.183305336531637941e+00
3.256713003472373202e+01,1.336652554340275323e+01,-1.952673771839306838e+01,1.310960250739501287e+00,-2.312714691839010128e-01,4.346950114000907028e+00,2.429900032183531344e+00
3.276692837849503803e+01,1.317598022057884499e+01,-1.946710647288323415e+01,1.280352182599219901e+00,-2.069667513425648420e-01,4.457159895299464658e+00,2.688341740170742344e+00
3.296672672226635115e+01,1.298607053392643351e+01,-1.940390540776032324e+01,1.256446813638143034e+00,-1.833069405689989329e-01,4.576288680193702163e+00,2.961109412819120212e+00
3.316652506603766426e+01,1.279744908268507331e+01,-1.933802460805392087e+01,1.237873823464511247e+00,-1.602151403677938291e-01,4.703791246113429025e+00,3.255135545150197984e+00
3.336632340980897737e+01,1.260955611518972397e+01,-1.926969692944861734e+01,1.223272452904070384e+00,-1.370105295813209001e-01,4.840171242028460163e+00,3.590219022439585572e+00
3.356612175358028338e+01,1.242247920782482318e+01,-1.919928831813330561e+01,1.211472936540747725e+00,-1.149672120933760144e-01,4.986235030734841978e+00,3.941623115734171900e+00
3.376592009735159650e+01,1.223604756628299128e+01,-1.912701939303357079e+01,1.201603080620972985e+00,-9.507576063055060700e-02,5.141866007034916031e+00,4.286312307640429253e+00
3.396571844112290961e+01,1.205050745874981288e+01,-1.905325335426152833e+01,1.193112839374481648e+00,-7.765383201776326905e-02,5.305699646631316213e+00,4.614009782298920115e+00
3.416551678489422272e+01,1.186507756176539630e+01,-1.897792893727259766e+01,1.185750074435854895e+00,-6.316994463826221262e-02,5.476987362170481433e+00,4.905066498692926658e+00
3.436531512866552873e+01,1.168097813438407329e+01,-1.890177957211342274e+01,1.179343493916999996e+00,-5.113901710669950529e-02,5.652595169102497152e+00,5.166014709307546582e+00
3.456511347243684185e+01,1.149616463341794059e+01,-1.882417297058626104e+01,1.173748750252139761e+00,-4.149038748093753642e-02,5.832911080836200135e+00,5.388378700717232128e+00
3.476491181620815496e+01,1.131254691015545255e+01,-1.874607828688983702e+01,1.168879908183104277e+00,-3.404033815288028120e-02,6.014415418050965911e+00,5.568652284307593625e+00
3.496471015997946807e+01,1.112889479720822905e+01,-1.866710968866807363e+01,1.164633844451608891e+00,-2.814914047104755471e-02,6.196745516665572495e+00,5.719082717412650396e+00
3.516450850375077408e+01,1.094551136256232482e+01,-1.858747893317294597e+01,1.160912024502190665e+00,-2.345354243975382794e-02,6.378592756014502818e+00,5.845758722638808358e+00
3.536430684752208720e+01,1.076298843483264278e+01,-1.850751828324445114e+01,1.157654492069496222e+00,-1.958976826325684040e-02,6.558674265443878326e+00,5.957322451361331872e+00
3.556410519129340031e+01,1.057970305931749344e+01,-1.842658027713681435e+01,1.154759786907153529e+00,-1.624336012770792592e-02,6.738207260100973706e+00,6.062495620472570401e+00
3.576390353506470632e+01,1.039738320151745121e+01,-1.834548767724709961e+01,1.152207082402093796e+00,-1.317756855369379282e-02,6.915408000914403885e+00,6.169810880879435189e+00
3.596370187883601943e+01,1.021501446030961624e+01,-1.826385124680549410e+01,1.149960755369123344e+00,-1.025234319944392375e-02,7.091432257825708518e+00,6.284425946682082653e+00
3.616350022260733255e+01,1.003261530862045170e+01,-1.818173570972728470e+01,1.148021222568250455e+00,-7.428694019973351541e-03,7.266537815643524745e+00,6.407745850435678570e+00
3.636329856637864566e+01,9.851020071886974705e+00,-1.809957780861006782e+01,1.146415678899114443e+00,-4.698518111455662893e-03,7.440221811496399162e+00,6.539904599916812167e+00
3.656309691014995167e+01,9.668797715556900485e+00,-1.801679285495971783e+01,1.145166036717076175e+00,-2.062147332051385805e-03,7.614116448986662178e+00,6.680447484164338867e+00
3.676289525392126478e+01,9.486967001651139597e+00,-1.793391153673242755e+01,1.144328118912002701e+00,4.698899785962937616e-04,7.787468565671818332e+00,6.771503678880513633e+00
3.696269359769257790e+01,9.305704085794914704e+00,-1.785109487339448009e+01,1.143963780744117198e+00,2.889556421544469626e-03,7.958869027898631821e+00,1.639221257747591087e+00
3.716249194146389101e+01,9.123631949711326072e+00,-1.776780587508555342e+01,1.144154244763851747e+00,5.187151551868407831e-03,8.000000000000000000e+00,0.000000000000000000e+00
3.736229028523519702e+01,8.941981997214625721e+00,-1.768471993069039883e+01,1.144992387826820224e+00,7.345012005236526212e-03,8.000000000000000000e+00,0.000000000000000000e+00
3.756208862900651013e+01,8.760577314801560433e+00,-1.760189278667564849e+01,1.146565007524807722e+00,9.359826742537047384e-03,8.000000000000000000e+00,0.000000000000000000e+00
3.776188697277782325e+01,8.578473020966022489e+00,-1.751905988334801734e+01,1.148945953181754298e+00,1.121018343444602806e-02,8.000000000000000000e+00,0.000000000000000000e+00
3.796168531654913636e+01,8.396463952973592271e+00,-1.743678739351975793e+01,1.152144815554002388e+00,1.289430257923826831e-02,8.000000000000000000e+00,0.000000000000000000e+00
3.816148366032044237e+01,8.214297563256998558e+00,-1.735519563533786069e+01,1.156065259204364537e+00,1.442837034475487855e-02,8.000000000000000000e+00,0.000000000000000000e+00
3.836128200409175548e+01,8.031531994911972561e+00,-1.727434514090974815e+01,1.160568371180032976e+00,1.582216253217824664e-02,8.000000000000000000e+00,0.000000000000000000e+00
3.856108034786306860e+01,7.848416154333294870e+00,-1.719460415474881287e+01,1.165508477821013855e+00,1.708659467554523789e-02,8.000000000000000000e+00,0.000000000000000000e+00
3.876087869163437460e+01,7.664740666585315054e+00,-1.711610770561383177e+01,1.170757572972669802e+00,1.821561077499158146e-02,8.000000000000000000e+00,0.000000000000000000e+00
3.896067703540568772e+01,7.480474604138002803e+00,-1.703894787279160283e+01,1.176180416196775713e+00,1.919427905540573714e-02,8.000000000000000000e+00,0.000000000000000000e+00
3.916047537917700083e+01,7.295802283250349518e+00,-1.696307165226254554e+01,1.181639710281272571e+00,2.000098384650747171e-02,8.000000000000000000e+00,0.000000000000000000e+00
3.936027372294831395e+01,7.110527089696326186e+00,-1.688821607271436420e+01,1.187004916742029348e+00,2.060242390782473371e-02,8.000000000000000000e+00,0.000000000000000000e+00
3.956007206671961995e+01,6.924868783564500418e+00,-1.681429981636252435e+01,1.192161344530060063e+00,2.096823595851436683e-02,8.000000000000000000e+00,0.000000000000000000e+00
3.975987041049093307e+01,6.739150453584068501e+00,-1.674132275089825228e+01,1.197002604073591936e+00,2.106609135409069633e-02,8.000000000000000000e+00,0.000000000000000000e+00
3.995966875426224618e+01,6.552814118036060620e+00,-1.666897903945262982e+01,1.201485961357482424e+00,2.087901267913487569e-02,8.000000000000000000e+00,0.000000000000000000e+00
4.015946709803355930e+01,6.366185945610921770e+00,-1.659734166889021623e+01,1.205676512532273037e+00,2.042183633087718553e-02,8.000000000000000000e+00,0.000000000000000000e+00
4.035926544180486530e+01,6.179702897363140046e+00,-1.652654754098783840e+01,1.209640516275308553e+00,1.971658993881267308e-02,8.000000000000000000e+00,-4.457993913210310133e+00
4.055906378557617842e+01,5.992475181568842402e+00,-1.645625366683600888e+01,1.213443503054389083e+00,1.879210351567004236e-02,7.887769262556539651e+00,-5.629986864127389801e+00
4.075886212934749153e+01,5.805137783789911410e+00,-1.638670812378655839e+01,1.217117096184526126e+00,1.767557416258364739e-02,7.743825120387832328e+00,-5.739241199997658249e+00
4.095866047311880465e+01,5.617813242792659700e+00,-1.631796755455880898e+01,1.220663484047205927e+00,1.639891637718574047e-02,7.594499615358051514e+00,-5.853404956191162078e+00
4.115845881689011065e+01,5.429646476827630686e+00,-1.624971610197656346e+01,1.224077513690430496e+00,1.500349061839647592e-02,7.438626288326823932e+00,-5.969123480805836657e+00
4.135825716066142377e+01,5.241771249102175290e+00,-1.618234402663564708e+01,1.227318991315977215e+00,1.352854828194572159e-02,7.276703130601869240e+00,-6.083059578794004274e+00
4.155805550443273688e+01,5.053504298596092958e+00,-1.611556295727944743e+01,1.230353383851152227e+00,1.200021155372830821e-02,7.107749397331830643e+00,-6.193222429854383648e+00
4.175785384820404289e+01,4.864589041057728380e+00,-1.604922794102342110e+01,1.233125356427403396e+00,1.035361394350944875e-02,6.931092880310094628e+00,-6.302128498948100344e+00
4.195765219197535600e+01,4.676239365745433751e+00,-1.598369326238053212e+01,1.235576658611429401e+00,8.364725151119693086e-03,6.747328549256439878e+00,-6.418700174317732987e+00
4.215745053574666912e+01,4.487202131760715140e+00,-1.591843749928051110e+01,1.237670240717925640e+00,5.510776575014434721e-03,6.554324878599973481e+00,-6.562849219561212699e+00
4.235724887951798223e+01,4.298187415532077615e+00,-1.585361569045528007e+01,1.239355211471890428e+00,1.237345979971912150e-03,6.351093173492184718e+00,-6.610245866583302821e+00
4.255704722328928824e+01,4.109122582646189237e+00,-1.578910364787034837e+01,1.240601100989211947e+00,-5.033886856364954213e-03,6.139654004288051858e+00,-6.319718827164115815e+00
4.275684556706060135e+01,3.919746462368854267e+00,-1.572471221942335973e+01,1.241388581830493720e+00,-1.365709242376959148e-02,5.930190667238685265e+00,-5.982830990496815105e+00
4.295664391083191447e+01,3.730643390095605749e+00,-1.566053905602609397e+01,1.241709942832894598e+00,-2.493065715821030440e-02,5.725179147320874407e+00,-5.606013535602084374e+00
4.315644225460322758e+01,3.541335847762152600e+00,-1.559632007905013218e+01,1.241593161808153045e+00,-3.910049396460286986e-02,5.525970724043399507e+00,-5.202607972339324149e+00
4.335624059837453359e+01,3.352138296284882912e+00,-1.553205357371538753e+01,1.241064547549288744e+00,-5.613306673055762364e-02,5.334532574361387169e+00,-4.783623325388674630e+00
4.355603894214584670e+01,3.162908825991431971e+00,-1.546757456965834443e+01,1.240113792396865477e+00,-7.596178976427665763e-02,5.152146909061055879e+00,-4.354403320894377316e+00
4.375583728591715982e+01,2.973985496939604012e+00,-1.540290004755739695e+01,1.238375302432806802e+00,-9.859057036787410855e-02,4.980520459046423376e+00,-3.928217202095403593e+00
4.395563562968847293e+01,2.784850786597055983e+00,-1.533777577430915784e+01,1.234911125983401359e+00,-1.236023883697409259e-01,4.820170089946319791e+00,-3.520621191772979941e+00
4.415543397345977894e+01,2.596068880936879264e+00,-1.527236059212794395e+01,1.227697393183905472e+00,-1.502424880925405937e-01,4.671963158027282681e+00,-3.140108227963317677e+00
4.435523231723109205e+01,2.407451029753558291e+00,-1.520655804179602200e+01,1.214584909824718117e+00,-1.779007332873319691e-01,4.535709719020911024e+00,-2.792060796202206152e+00
4.455503066100240517e+01,2.218747199360748823e+00,-1.514016111064642267e+01,1.193328257921711266e+00,-2.060044906659437292e-01,4.410849287062992730e+00,-2.485469273114873534e+00
4.475482900477371118e+01,2.031035713189395686e+00,-1.507266848105660983e+01,1.162543807244508454e+00,-2.336725126225800697e-01,4.296976404592071752e+00,-2.217268355349964803e+00
4.495462734854502429e+01,1.843694321595857000e+00,-1.500177891166999977e+01,1.121041403860389973e+00,-2.607418004098995268e-01,4.192343730904479315e+00,-1.979258983546722028e+00
4.515442569231633740e+01,1.659436947984474164e+00,-1.492405419403999822e+01,1.067833234995074321e+00,-2.872203203232552293e-01,4.096842981522666349e+00,-1.764001258545158102e+00
4.535422403608765052e+01,1.480921955757078745e+00,-1.483580457860403534e+01,1.003013116044578990e+00,-3.131535016891453527e-01,4.010182803148924613e+00,-1.562711778539553453e+00
4.555402237985895653e+01,1.308988805581460912e+00,-1.473253267558586366e+01,9.268125881550122180e-01,-3.388795875146133896e-01,3.931248821069242005e+00,-1.363837043902472956e+00
4.575382072363026964e+01,1.148954117062127578e+00,-1.461347324818110494e+01,8.391607030079999419e-01,-3.645827552241148184e-01,3.861430050802445280e+00,-1.168936892914909320e+00
4.595361906740158275e+01,1.003243287071071022e+00,-1.447769969859498751e+01,7.416656089623767656e-01,-3.898272192766285560e-01,3.800660849618129777e+00,-9.778648517443284671e-01
4.615341741117289587e+01,8.735311137169472495e-01,-1.432469583704373051e+01,6.373062350185141334e-01,-4.143064132827207202e-01,3.748696780272388729e+00,-7.954412450759754671e-01
4.635321575494420188e+01,7.632971085676981682e-01,-1.415784194780431804e+01,5.284697741416772843e-01,-4.371853435350637751e-01,3.706019946141025923e+00,-6.219735342742591655e-01
4.655301409871551499e+01,6.739617627803341504e-01,-1.398040667448312746e+01,4.174139800990495086e-01,-4.580568470723435648e-01,3.672528650287989915e+00,-4.564469868714761125e-01
4.675281244248682810e+01,6.048035790173760251e-01,-1.379210113205048494e+01,3.076409616930468882e-01,-4.768033991448932807e-01,3.647511042804745252e+00,-3.028847457786074115e-01
4.695261078625814122e+01,5.569952720835531501e-01,-1.359731326853953881e+01,1.997943453559394289e-01,-4.928464689669645460e-01,3.630817840745018454e+00,-1.715477410448566498e-01
4.715240913002944723e+01,5.309471507983847260e-01,-1.339982011180124921e+01,9.387027584711682415e-02,-5.054295719961025002e-01,3.621393703675523934e+00,-7.159108340072947718e-02
4.735220747380076034e+01,5.267567977670144508e-01,-1.320157760291886184e+01,-1.028647212426703206e-02,-5.141645170765891670e-01,3.617471661903217672e+00,-9.318075529060054762e-03
4.755200581757207345e+01,5.424450443533775923e-01,-1.300403650020970581e+01,-1.140378140696327591e-01,-5.190697160944349742e-01,3.616961186891930691e+00,0.000000000000000000e+00
4.775180416134338657e+01,5.752494129836611680e-01,-1.280782803091489441e+01,-2.184853107943840467e-01,-5.197819760520082655e-01,3.616961186891930691e+00,0.000000000000000000e+00
4.795160250511469258e+01,6.257839606301427438e-01,-1.261366564433154736e+01,-3.228255293855197827e-01,-5.164119068635467658e-01,3.616961186891930691e+00,4.408862087830902471e-02
4.815140084888600569e+01,6.948254424056595768e-01,-1.242653941754069358e+01,-4.278573105704950308e-01,-5.099083270463047324e-01,3.619391628960002105e+00,1.202030757743366013e-01
4.835119919265731880e+01,7.829352419838551125e-01,-1.224878697470992783e+01,-5.323932413632321836e-01,-5.007474191485647985e-01,3.625974400011588550e+00,2.163279897036517740e-01
4.855099753642862481e+01,8.915983302273063904e-01,-1.208022713228588430e+01,-6.370517300415472484e-01,-4.896174184175652866e-01,3.637919635450645561e+00,3.201782161130112825e-01
4.875079588019993793e+01,1.019343664230294211e+00,-1.192505177356394874e+01,-7.427467818291145774e-01,-4.775177490951601489e-01,3.655566516405972521e+00,4.188507854579513467e-01
4.895059422397125104e+01,1.162445139832714025e+00,-1.178745118068910536e+01,-8.483567608023802054e-01,-4.646114700035215983e-01,3.678242895156200287e+00,5.140526852089470911e-01
4.915039256774256415e+01,1.321796309625133059e+00,-1.166561662347065464e+01,-9.518465925622064949e-01,-4.510677283280309369e-01,3.706170358343897853e+00,6.042695790858203519e-01
4.935019091151387016e+01,1.492597971814314084e+00,-1.156215891941579699e+01,-1.051571262712990062e+00,-4.368769276254754752e-01,3.738587132874831909e+00,6.937564379399371317e-01
4.954998925528518328e+01,1.672954751115540262e+00,-1.147626125439001399e+01,-1.147372803395245944e+00,-4.218367237025313909e-01,3.775475262781367913e+00,7.870492951302101581e-01
4.974978759905649639e+01,1.861134097312379110e+00,-1.140729436310008360e+01,-1.237870855739413134e+00,-4.057241605093742653e-01,3.817026749675870079e+00,8.887234544100988121e-01
4.994958594282780950e+01,2.053661559284146065e+00,-1.135514380856704619e+01,-1.321899264940049612e+00,-3.888248154366936715e-01,3.863189436915484443e+00,9.970880038574743143e-01
5.014938428659911551e+01,2.250358449387245052e+00,-1.131849492299914495e+01,-1.400270549362518935e+00,-3.709569827225498995e-01,3.914489922427690782e+00,1.115740331810206820e+00
5.034918263037042863e+01,2.448942313889328926e+00,-1.129660844587201574e+01,-1.472500325731160409e+00,-3.524482405799070905e-01,3.971026395956498867e+00,1.242225847238803915e+00
5.054898097414174174e+01,2.648690182495277767e+00,-1.128833198632890245e+01,-1.539081005529244317e+00,-3.331263455814943431e-01,4.033080755869566048e+00,1.381453347912151797e+00
5.074877931791305485e+01,2.848348586142608774e+00,-1.129258762840500552e+01,-1.600504146119305027e+00,-3.127446174130862899e-01,4.100914924435352660e+00,1.540416390413188008e+00
5.094857766168436086e+01,3.047658904277540159e+00,-1.130829129528102506e+01,-1.656777698721215497e+00,-2.915391932840422640e-01,4.175338067257016839e+00,1.717466640951001544e+00
5.114837600545567398e+01,3.245502101459163846e+00,-1.133435806209353380e+01,-1.708581425125450970e+00,-2.699767576622527088e-01,4.256630037835741120e+00,1.908318320245163680e+00
5.134817434922698709e+01,3.442205063875857007e+00,-1.136990073321219263e+01,-1.756032203553647975e+00,-2.483990580895458489e-01,4.345319358914632168e+00,2.109778582755087672e+00
5.154797269299829310e+01,3.636924078840930274e+00,-1.141395244345744686e+01,-1.799683388823270613e+00,-2.267986356904504175e-01,4.441192616940099036e+00,2.326580195882213431e+00
5.174777103676960621e+01,3.829839962079413240e+00,-1.146579753299204896e+01,-1.839745616749954404e+00,-2.054620847055252664e-01,4.544635493211270472e+00,2.556445323618637300e+00
5.194756938054091933e+01,4.020575198082235069e+00,-1.152467972925156836e+01,-1.876556612214263842e+00,-1.846487352184092434e-01,4.655570093513976992e+00,2.797861844120685504e+00
5.214736772431223244e+01,4.209521913209877120e+00,-1.159015979502036053e+01,-1.910189125737863591e+00,-1.640991851767398535e-01,4.774234676577635561e+00,3.059635294335997013e+00
5.234716606808353845e+01,4.395827610339205549e+00,-1.166142357909087934e+01,-1.940764736022791981e+00,-1.438661655117702276e-01,4.900400856391821769e+00,3.345208180159416678e+00
5.254696441185485156e+01,4.580391742996889448e+00,-1.173835994835775587e+01,-1.968213572316988680e+00,-1.237497470116041831e-01,5.035050101697524205e+00,3.662729884776103173e+00
5.274676275562616468e+01,4.762534183213106509e+00,-1.182018938847476797e+01,-1.992463913479655790e+00,-1.035581329494194291e-01,5.178269411103546993e+00,4.023143126807831926e+00
5.294656109939747779e+01,4.942786802804028490e+00,-1.190650559925789054e+01,-2.013337720053897328e+00,-8.330341411796231277e-02,5.331280713523486980e+00,4.432304209983607635e+00
5.314635944316878380e+01,5.121244027762913653e+00,-1.199659596078842227e+01,-2.030664773315540295e+00,-6.276312245241323640e-02,5.494966897485266344e+00,4.904888781415413845e+00
5.334615778694009691e+01,5.298050945346369112e+00,-1.208964753775772571e+01,-2.044165670725890394e+00,-4.197383398036728941e-02,5.670505811239111793e+00,5.450346640318472602e+00
5.354595613071141003e+01,5.473774542460470016e+00,-1.218497428358016421e+01,-2.053652639006146252e+00,-2.088032396418725706e-02,5.859509131855134889e+00,6.083098146142868146e+00
5.374575447448272314e+01,5.648690598715905509e+00,-1.228168697917534224e+01,-2.058890540378709666e+00,6.266806924768546228e-04,6.063458913412719475e+00,-5.990217983240814448e+00
5.394555281825402915e+01,5.823268297938606786e+00,-1.237895599045041983e+01,-2.059749494462159713e+00,2.242547139047173024e-02,5.862702917322953233e+00,-5.367059607678799082e+00
5.414535116202534226e+01,5.998042310371135777e+00,-1.247598700180224895e+01,-2.056005457613205856e+00,4.446602790564836705e-02,5.676751643466166009e+00,-4.779908327890681541e+00
5.434514950579665538e+01,6.173450079637185617e+00,-1.257194298625446471e+01,-2.047384757610781314e+00,6.663860944328094116e-02,5.505827189231018437e+00,-4.260429966083958853e+00
5.454494784956796138e+01,6.349615816587432349e+00,-1.266586989312697931e+01,-2.033580895429989432e+00,8.875575605938548773e-02,5.349113745928820052e+00,-3.801754033591832282e+00
5.474474619333927450e+01,6.527677942489678031e+00,-1.275737947844770304e+01,-2.014319015066169616e+00,1.106739792515475385e-01,5.204881741198476242e+00,-3.396356318452519396e+00
5.494454453711058761e+01,6.706687706812408223e+00,-1.284497891050837737e+01,-1.989655382146506390e+00,1.322468658831802979e-01,5.073169234595559018e+00,-3.033631339810669569e+00
5.514434288088190073e+01,6.888836476942714171e+00,-1.292855890264220520e+01,-1.959380783443614327e+00,1.535969782426543639e-01,4.951879612780478723e+00,-2.704231718958990172e+00
5.534414122465320673e+01,7.072920097136607964e+00,-1.300598104662531718e+01,-1.923758253773835136e+00,1.747264663384252570e-01,4.841593711470809858e+00,-2.400017353377352336e+00
5.554393956842451985e+01,7.259841845598122845e+00,-1.307608195554676911e+01,-1.883120471732331325e+00,1.957045825586082588e-01,4.741600764810831592e+00,-2.114214224477751536e+00
5.574373791219583296e+01,7.450422193275391791e+00,-1.313767367966455879e+01,-1.837241421461347723e+00,2.165747362817700139e-01,4.651438869503899731e+00,-1.846432333963741845e+00
5.594353625596714608e+01,7.642778782592102971e+00,-1.318901072406502095e+01,-1.786945171372120278e+00,2.370051671078904632e-01,4.571725463441670634e+00,-1.599138296926756242e+00
5.614333459973845208e+01,7.838956445146113339e+00,-1.322965937311017370e+01,-1.732504351145114807e+00,2.567069722336184912e-01,4.501101646828475467e+00,-1.368335758714158468e+00
5.634313294350976520e+01,8.036850943360956734e+00,-1.325839886208849983e+01,-1.674479060062975977e+00,2.755418874593974499e-01,4.439894428174739005e+00,-1.151687614420600081e+00
5.654293128728107831e+01,8.234974375887242459e+00,-1.327463717152059353e+01,-1.613548511100273641e+00,2.933459884092992076e-01,4.388026858374539430e+00,-9.509315847746762085e-01
5.674272963105239143e+01,8.435641226577866192e+00,-1.327812884195863496e+01,-1.550214358418862348e+00,3.099159273898149380e-01,4.344315946899754977e+00,-7.646268780508591600e-01
5.694252797482369743e+01,8.635352697253589227e+00,-1.326847352215603415e+01,-1.484883624605775054e+00,3.250536323353235835e-01,4.308980715987750898e+00,-5.934748542143980510e-01
5.714232631859501055e+01,8.833039955150836064e+00,-1.324572158444880188e+01,-1.416896336092330566e+00,3.385785913873815001e-01,4.281485846791545313e+00,-4.396337516053920313e-01
5.734212466236632366e+01,9.029718814316542108e+00,-1.320959744235093858e+01,-1.345964498977267443e+00,3.503311985394055861e-01,4.260903070348368793e+00,-3.081702884901092454e-01
5.754192300613763678e+01,9.223610116055427355e+00,-1.316008852579818189e+01,-1.271623609732830396e+00,3.600180224508956472e-01,4.246405254722226630e+00,-2.019380572392054374e-01
5.774172134990894278e+01,9.412920444933131847e+00,-1.309727589814845494e+01,-1.193465068142587571e+00,3.675513665583449718e-01,4.236909360383161349e+00,-1.159429066644221823e-01
5.794151969368025590e+01,9.596864443842106240e+00,-1.302071567922688544e+01,-1.112684697394171973e+00,3.733025688396554576e-01,4.231453631228779599e+00,-5.304924538871091250e-02
5.814131803745156901e+01,9.774393760742011494e+00,-1.292942143764770080e+01,-1.030212899876706167e+00,3.772614266788507087e-01,4.228950178796754500e+00,-1.369618678476520676e-02
5.834111638122287502e+01,9.943034806327515795e+00,-1.282245767145292703e+01,-9.463285025306098497e-01,3.795779904959342699e-01,4.228303358551171343e+00,0.000000000000000000e+00
5.854091472499418813e+01,1.010000500588074956e+01,-1.269940570611560204e+01,-8.613800427072639820e-01,3.803440586237850640e-01,4.228303358551171343e+00,0.000000000000000000e+00
5.874071306876550125e+01,1.024408102843088209e+01,-1.256140522712309782e+01,-7.759052350494696215e-01,3.794985872927882919e-01,4.228303358551171343e+00,1.511580086614738687e-02
5.894051141253681436e+01,1.037516404273205772e+01,-1.241057418879086782e+01,-6.907518345975777185e-01,3.769888846911289004e-01,4.229017678860925500e+00,5.770816364717133717e-02
5.914030975630812037e+01,1.049302197193350494e+01,-1.224936226118258276e+01,-6.064319475311689134e-01,3.726025132490490277e-01,4.231741849197867111e+00,1.275686730861944895e-01
5.934010810007943348e+01,1.059739700005476415e+01,-1.207981009248303117e+01,-5.238463889820015318e-01,3.665021069123582942e-01,4.237739697104440317e+00,2.181947312835497699e-01
5.953990644385074660e+01,1.068864720879221863e+01,-1.190233335624363775e+01,-4.445003794620967508e-01,3.587310924120819533e-01,4.248002360841321767e+00,3.265094416279522016e-01
5.973970478762205971e+01,1.076655221682244168e+01,-1.171769717546038336e+01,-3.685183356765582285e-01,3.494866115401603079e-01,4.263377570421237550e+00,4.475956402090554009e-01
5.993950313139336572e+01,1.083020489643359063e+01,-1.152865280677236370e+01,-2.952404717773409182e-01,3.393876618886935703e-01,4.284268281370321674e+00,5.705548380012749332e-01
6.013930147516467883e+01,1.087983381943416994e+01,-1.133569809356768943e+01,-2.249801867603871131e-01,3.289271676678418022e-01,4.310719614639090480e+00,6.877755094125315161e-01
6.033909981893599195e+01,1.091577319749531405e+01,-1.113858839464791295e+01,-1.576979834003715553e-01,3.184951283933410981e-01,4.342569298807306133e+00,7.938481337011411565e-01
6.053889816270730506e+01,1.093796098227913305e+01,-1.094006606233426204e+01,-9.370625157445755526e-02,3.084830087595790138e-01,4.378934089994387158e+00,8.848186367656322160e-01
6.073869650647861107e+01,1.094707322586570086e+01,-1.074093452075672595e+01,-3.375057432583461470e-02,2.993329583389039428e-01,4.419029657924986587e+00,9.546789362837779791e-01
6.093849485024992418e+01,1.094393856928927633e+01,-1.054039842102321245e+01,2.155147102385335245e-02,2.914264173998211138e-01,4.462148033610445097e+00,9.974770668373816873e-01
6.113829319402123730e+01,1.092962690611899745e+01,-1.034157850504693954e+01,7.201096455143107811e-02,2.851279070176883090e-01,4.506487319118491541e+00,1.009500441693937933e+00
6.133809153779254331e+01,1.090535589028877972e+01,-1.014318541160657006e+01,1.185657800184352073e-01,2.804704935072296901e-01,4.551040554974390417e+00,9.909035152844404282e-01
6.153788988156385642e+01,1.087254416679478020e+01,-9.945597475173864055e+00,1.618539527313112014e-01,2.775327545899715087e-01,4.594443793518192543e+00,9.415850145107507174e-01
6.173768822533516953e+01,1.083298296259964211e+01,-9.750159691855809996e+00,2.030718549768462111e-01,2.762974797694189855e-01,4.635129013672107945e+00,8.639086307484815652e-01
6.193748656910648265e+01,1.078766639788345572e+01,-9.555148891189441329e+00,2.434971574414035445e-01,2.762396430092767807e-01,4.672295144112078802e+00,7.695941429909138876e-01
6.213728491287778866e+01,1.073745329834386730e+01,-9.361910790872276067e+00,2.841691665517558363e-01,2.772478926954107803e-01,4.705066346068666583e+00,-4.492334182780221008e-01
6.233708325664910177e+01,1.068126430814009709e+01,-9.169985298646977867e+00,3.263674805138043755e-01,2.792668428826316496e-01,4.685933480356208491e+00,-6.667895787977146105e-01
6.253688160042041488e+01,1.061798254970215183e+01,-8.980401755873570480e+00,3.713078419278323938e-01,2.823033567089346940e-01,4.657406485862856549e+00,-6.668106857108495600e-01
6.273667994419172800e+01,1.054612158204380812e+01,-8.793717725540862062e+00,4.202193511961294092e-01,2.862677394911363193e-01,4.628678120297368359e+00,-6.418736132312911069e-01
6.293647828796303401e+01,1.046472863716131307e+01,-8.611417546860813843e+00,4.737784759562426729e-01,2.909117316761862804e-01,4.600909398778194159e+00,-5.933823366392075860e-01
6.313627663173434712e+01,1.037239287963331158e+01,-8.433724168320253511e+00,5.329297241711228317e-01,2.965315587668897468e-01,4.575009879657480738e+00,-5.269764013762486821e-01
6.333607497550566023e+01,1.026887814501189311e+01,-8.262736631697494616e+00,5.969044126073348444e-01,3.027513553295366200e-01,4.551928300250740911e+00,-4.495667923188922388e-01
6.353587331927697335e+01,1.015377356870026304e+01,-8.099606937189244960e+00,6.645113147252255104e-01,3.091658550086828772e-01,4.532167107911810433e+00,-3.584993079391544657e-01
6.373567166304827936e+01,1.002624249172875537e+01,-7.944707421653757429e+00,7.355572412457860310e-01,3.158112781369882827e-01,4.516268059652971623e+00,-2.606480172419480268e-01
6.393547000681959247e+01,9.888463136829344080e+00,-7.801387844749693379e+00,8.086039913672951052e-01,3.222460399268001763e-01,4.504779754346795784e+00,-1.652026920706197166e-01
6.413526835059090558e+01,9.738261028618408588e+00,-7.667960566427003855e+00,8.828932087321992306e-01,3.280223881355718851e-01,4.497405915827345169e+00,-8.192228808487427016e-02
6.433506669436221159e+01,9.578336280074420728e+00,-7.547082301918258906e+00,9.582430701634829795e-01,3.326799778741166280e-01,4.493752813884383635e+00,-2.292161528432004602e-02
6.453486503813353181e+01,9.411418220565211712e+00,-7.440157365263376121e+00,1.034368610656079657e+00,3.357527904180241940e-01,4.492741580878392149e+00,0.000000000000000000e+00
6.473466338190483782e+01,9.235226443753123959e+00,-7.345175698409953213e+00,1.110165830183890368e+00,3.368883824616330513e-01,4.492741580878392149e+00,0.000000000000000000e+00
6.493446172567614383e+01,9.052598616469589743e+00,-7.263351657762439295e+00,1.184025114474774210e+00,3.356652785749080214e-01,4.492741580878392149e+00,2.468801793923211529e-02
6.513426006944746405e+01,8.865755714898813977e+00,-7.195544201085296798e+00,1.256941250902428031e+00,3.316909909746887375e-01,4.493833687880567140e+00,1.016526123396135628e-01
6.533405841321877006e+01,8.674445695881789931e+00,-7.142287246495010677e+00,1.328350167405659032e+00,3.248576743145054069e-01,4.498323520209219772e+00,2.265327380241392852e-01
6.553385675699007606e+01,8.478684589173905550e+00,-7.103625636677713295e+00,1.397270468358833284e+00,3.150385377731662051e-01,4.508361145837067596e+00,3.967408377123958219e-01
6.573365510076139628e+01,8.280451122240206629e+00,-7.078385900326289892e+00,1.465043261298270227e+00,3.021279581767700728e-01,4.525912580665522711e+00,6.112457437386012993e-01
6.593345344453270229e+01,8.082592752552775650e+00,-7.065882911667991984e+00,1.531181658726171957e+00,2.862914794894962367e-01,4.552608847112273871e+00,8.662519919792800449e-01
6.613325178830402251e+01,7.882852186089599478e+00,-7.065725607956263588e+00,1.594935763939708373e+00,2.677620533956004412e-01,4.590457357309226438e+00,1.157638017128747032e+00
6.633305013207532852e+01,7.681835830293062273e+00,-7.078057046906018890e+00,1.655745652216304542e+00,2.468270698445591549e-01,4.640967787575585923e+00,1.483694915021551264e+00
6.653284847584663453e+01,7.484179257112183237e+00,-7.102333985040767850e+00,1.712964870770179004e+00,2.238467009276894626e-01,4.704201697602431231e+00,1.846381384880834142e+00
6.673264681961795475e+01,7.287299890454467466e+00,-7.138405097843850022e+00,1.766414168228736870e+00,1.993977962078820054e-01,4.782117099272887195e+00,2.240042793876359628e+00
6.693244516338926076e+01,7.092446246791650921e+00,-7.185660227065748806e+00,1.815085810372291775e+00,1.742053345399881270e-01,4.875131729035753203e+00,2.659677601267943281e+00
6.713224350716056676e+01,6.901157045433954806e+00,-7.242977720906692340e+00,1.858355936983276280e+00,1.483518363773967119e-01,4.982884857762038600e+00,3.116551261953066643e+00
6.733204185093188698e+01,6.712475652537215787e+00,-7.309357352545683639e+00,1.895024918396099878e+00,1.223072042690991068e-01,5.106453749265059017e+00,3.610733254455531505e+00
6.753184019470319299e+01,6.526840820579494995e+00,-7.383001200969778743e+00,1.923394876149509436e+00,9.668185808953647098e-02,5.245766117203297441e+00,4.139502619696068031e+00
6.773163853847449900e+01,6.343174896405494145e+00,-7.462260725828544494e+00,1.942850554260317608e+00,7.144689159602396478e-02,5.401312681818246197e+00,4.715595617963267649e+00
6.793143688224581922e+01,6.161264556825050143e+00,-7.544808303880394362e+00,1.952615260124089147e+00,4.696734263527806846e-02,5.572987250168817575e+00,5.341279494681308471e+00
6.813123522601712523e+01,5.979945496276709349e+00,-7.628523597722848493e+00,1.952861504597125375e+00,2.349219489456828153e-02,5.761216997094550152e+00,6.020255963844743263e+00
6.833103356978844545e+01,5.797826098522416594e+00,-7.711251974528252617e+00,1.944555865220858770e+00,1.084433247390828841e-03,5.966579303928461364e+00,6.761394102011545115e+00
6.853083191355975146e+01,5.614522984897698521e+00,-7.790322794483556912e+00,1.928852612736566385e+00,-2.017180521104749991e-02,6.188669147573964580e+00,6.027427408340623849e+00
6.873063025733105746e+01,5.428703145695913612e+00,-7.863682165319373141e+00,1.906952818863574706e+00,-4.027333112134282023e-02,6.380274391742493556e+00,5.160557211129324529e+00
6.893042860110237768e+01,5.239977588193591274e+00,-7.929469678067490257e+00,1.880143860819112334e+00,-5.898579923001642106e-02,6.539932197837311278e+00,4.277135301073255569e+00
6.913022694487368369e+01,5.048943406353705754e+00,-7.987214457847134241e+00,1.849750274975155762e+00,-7.614892998313026184e-02,6.669175067432412618e+00,3.413055805602409176e+00
6.933002528864498970e+01,4.855634454024203350e+00,-8.037600468474700222e+00,1.817085704290967385e+00,-9.145305030056370688e-02,6.770637498449062264e+00,2.607652055765949051e+00
6.952982363241630992e+01,4.660764190607509683e+00,-8.081259781679346332e+00,1.783607970739280901e+00,-1.044557241921668794e-01,6.847118696275577676e+00,1.902798685150899116e+00
6.972962197618761593e+01,4.464555480507446994e+00,-8.118684696664809408e+00,1.750542673468149957e+00,-1.149811469268381126e-01,6.902404469566482348e+00,1.321931662427361154e+00
6.992942031995893615e+01,4.267265070633553314e+00,-8.150146146191898922e+00,1.718861604123537390e+00,-1.228104254845594906e-01,6.940560996612177291e+00,8.840514727723419730e-01
7.012921866373024216e+01,4.069233852149487518e+00,-8.175793675008472761e+00,1.688809796569460175e+00,-1.279564017258953967e-01,6.965949386122850306e+00,5.909858735056864321e-01
7.032901700750154816e+01,3.870374060456536203e+00,-8.195800100712514080e+00,1.660079011551489181e+00,-1.306312327234707693e-01,6.982885078781987609e+00,4.303317375736786521e-01
7.052881535127286838e+01,3.671110047664866372e+00,-8.210262440358000902e+00,1.632359005329282908e+00,-1.310928053012654637e-01,6.995186515704433283e+00,3.852836871001805163e-01
7.072861369504417439e+01,3.471600734178003300e+00,-8.219302329455610234e+00,1.605483271104779064e+00,-1.296068599982170555e-01,7.006177808885314384e+00,4.380493038416076179e-01
7.092841203881548040e+01,3.271737650253601526e+00,-8.223046203824491585e+00,1.579380510528604731e+00,-1.264640869941347223e-01,7.018664971161247657e+00,5.701694000700290310e-01
7.112821038258680062e+01,3.071972847401253315e+00,-8.221612794033967830e+00,1.554067335171536168e+00,-1.219639900571981850e-01,7.034874796139119368e+00,7.640675782691179752e-01
7.132800872635810663e+01,2.872323183654298173e+00,-8.215147841213259028e+00,1.529581558738359437e+00,-1.164012272888646227e-01,7.056537038744084001e+00,1.003834063925711950e+00
7.152780707012941264e+01,2.672751838133204050e+00,-8.203801996355275961e+00,1.505993262328953364e+00,-1.101152081902700836e-01,7.084916018059876031e+00,1.272653157525131640e+00
7.172760541390073286e+01,2.473647055067959233e+00,-8.187770936388716336e+00,1.483389699842155629e+00,-1.033990695893014511e-01,7.120706262056512692e+00,1.557206252841129457e+00
7.192740375767203886e+01,2.274922605408313370e+00,-8.167249200073737114e+00,1.461868867930789406e+00,-9.651720566457729078e-02,7.164262620770274204e+00,1.846094306934259244e+00
7.212720210144335908e+01,2.076584090069971911e+00,-8.142455543778519100e+00,1.441551961801715187e+00,-8.958564852035520720e-02,7.215584637819217662e+00,2.135753519700387848e+00
7.232700044521466509e+01,1.878936373180319030e+00,-8.113676953376462109e+00,1.422557786361775989e+00,-8.259411357165288847e-02,7.274463405157063356e+00,2.429299743939722145e+00
7.252679878898597110e+01,1.681802684555238736e+00,-8.081168469112141040e+00,1.405010105146010879e+00,-7.554085376859670520e-02,7.340881908726106353e+00,2.729213136324152078e+00
7.272659713275729132e+01,1.485186371656293414e+00,-8.045233032608519963e+00,1.389048099482693921e+00,-6.846772576497983653e-02,7.414818999033322200e+00,3.035675878613579126e+00
7.292639547652859733e+01,1.289307635768041083e+00,-8.006247006295327040e+00,1.374797558259530206e+00,-6.144203372598956020e-02,7.496140065979349565e+00,3.347442120426803225e+00
7.312619382029990334e+01,1.093901120341590705e+00,-7.964525099764713900e+00,1.362386210711779011e+00,-5.455562903984632200e-02,7.584841936611083746e+00,3.661424088366251439e+00
7.332599216407122356e+01,8.989819873082737223e-01,-7.920460904741766228e+00,1.351950255785704158e+00,-4.790580738244802628e-02,7.680703654090820898e+00,3.973882710883631209e+00
7.352579050784252956e+01,7.046009324586803846e-01,-7.874487069833932651e+00,1.343591246330299693e+00,-4.159456308004465253e-02,7.783362097153966097e+00,4.280171190282367810e+00
7.372558885161383557e+01,5.104986889967455532e-01,-7.826990946764129653e+00,1.337363416439410813e+00,-3.571630591481849554e-02,7.892485588589267742e+00,4.275860579560875507e+00
7.392538719538515579e+01,3.166816009439354374e-01,-7.778444870759158469e+00,1.333182047379186663e+00,-3.033297217445964089e-02,8.000000000000000000e+00,0.000000000000000000e+00
7.412518553915646180e+01,1.230496712265571196e-01,-7.729320338096908216e+00,1.330828512568544841e+00,-2.548325851949494181e-02,8.000000000000000000e+00,0.000000000000000000e+00
7.432498388292778202e+01,-7.063231670195663225e-02,-7.680077082128549115e+00,1.330035669613971905e+00,-2.119177504243032611e-02,8.000000000000000000e+00,0.000000000000000000e+00
7.452478222669908803e+01,-2.643378863910009202e-01,-7.631226340916385631e+00,1.330500255928554587e+00,-1.747648911602592628e-02,8.000000000000000000e+00,0.000000000000000000e+00
7.472458057047039404e+01,-4.582458990975776247e-01,-7.583148189154482743e+00,1.331888506912153325e+00,-1.435320484323345663e-02,8.000000000000000000e+00,0.000000000000000000e+00
7.492437891424171426e+01,-6.524658454828323739e-01,-7.535969700784646896e+00,1.333860179000728952e+00,-1.183360617908868657e-02,8.000000000000000000e+00,0.000000000000000000e+00
7.512417725801302026e+01,-8.467520414417286645e-01,-7.489681058384014989e+00,1.336064848660269533e+00,-9.929862790382713508e-03,8.000000000000000000e+00,0.000000000000000000e+00
7.532397560178432627e+01,-1.041279590215633322e+00,-7.444081939074030707e+00,1.338151539297548265e+00,-8.665673025329561838e-03,8.000000000000000000e+00,-2.339183847127016769e+00
7.552377394555564649e+01,-1.235972273819560430e+00,-7.398987394600157863e+00,1.339782766063267960e+00,-8.074870232072517071e-03,7.941350200401728010e+00,-6.290723330701520233e+00
7.572357228932695250e+01,-1.430615592256537338e+00,-7.354214268833219492e+00,1.340668524493951352e+00,-8.233230586449745772e-03,7.781529113715820678e+00,-6.263691199897697182e+00
7.592337063309827272e+01,-1.625386679250136801e+00,-7.309490165580389665e+00,1.340659315888423020e+00,-9.238942201807034613e-03,7.618971280284768000e+00,-6.179682807590475946e+00
7.612316897686957873e+01,-1.820083929097072284e+00,-7.264639743125009375e+00,1.339721704879890396e+00,-1.116092576479092886e-02,7.455157093773788546e+00,-6.052670995681313393e+00
7.632296732064088474e+01,-2.014680827699688148e+00,-7.219464180453310398e+00,1.337876155260740330e+00,-1.405782711676470051e-02,7.291163210348850399e+00,-5.886779328912576048e+00
7.652276566441220496e+01,-2.209253059222122673e+00,-7.173757506677966411e+00,1.335174633539624178e+00,-1.797399097311669705e-02,7.127965796114958508e+00,-5.687537971838181328e+00
7.672256400818351096e+01,-2.403558748000850898e+00,-7.127403844705868963e+00,1.331693168372925840e+00,-2.292052261609177702e-02,6.966751826074262688e+00,-5.459724381135729665e+00
7.692236235195481697e+01,-2.597726610052705887e+00,-7.080218662193554557e+00,1.327510859951052780e+00,-2.891409061280733606e-02,6.808356524611523852e+00,-5.208549083893639242e+00
7.712216069572613719e+01,-2.791670558209314645e+00,-7.032086106435447626e+00,1.322706807923882177e+00,-3.594704191424677453e-02,6.653728031045765157e+00,-4.939643008298054916e+00
7.732195903949744320e+01,-2.985325673722959205e+00,-6.982904162317179697e+00,1.317322513423212715e+00,-4.398195530293345923e-02,6.503705673903618312e+00,-4.657408891740558055e+00
7.752175738326874921e+01,-3.178706161432259147e+00,-6.932573642385156276e+00,1.311324332359572686e+00,-5.298607179299545666e-02,6.358999448725114689e+00,-4.368150982611801680e+00
7.772155572704006943e+01,-3.371746276393818853e+00,-6.881031905807224014e+00,1.304463699738211524e+00,-6.285254209218144039e-02,6.220236255016414972e+00,-4.077705867660458949e+00
7.792135407081137544e+01,-3.564494896102097243e+00,-6.828200135147525884e+00,1.296263540376788370e+00,-7.345359471903513404e-02,6.087808691358803870e+00,-3.788979107787572076e+00
7.812115241458269566e+01,-3.756765788779703463e+00,-6.774062991274492518e+00,1.286229822913349086e+00,-8.470358374605597984e-02,5.962192470658394861e+00,-3.503676245172693715e+00
7.832095075835400166e+01,-3.948754640394155135e+00,-6.718451013271419470e+00,1.273861058114911682e+00,-9.653304423862971162e-02,5.843552214640137521e+00,-3.223404005219531854e+00
7.852074910212530767e+01,-4.140217324363053564e+00,-6.661170974167761827e+00,1.258676783380770381e+00,-1.088476803091765199e-01,5.732253047941506807e+00,-2.950481066272094832e+00
7.872054744589662789e+01,-4.330789105135776751e+00,-6.601628718975742771e+00,1.240298857770792740e+00,-1.215104557790861323e-01,5.628548401643312715e+00,-2.687943549194659720e+00
7.892034578966793390e+01,-4.520622799009915482e+00,-6.538645960268085311e+00,1.218320430678878630e+00,-1.343575247185584132e-01,5.532208466078097686e+00,-2.439942343273877157e+00
7.912014413343923991e+01,-4.708708185580416483e+00,-6.471343096631020586e+00,1.192421659901381492e+00,-1.471476055230909186e-01,5.443390819193917096e+00,-2.208112113772740415e+00
7.931994247721056013e+01,-4.894727665638118452e+00,-6.398662615253632779e+00,1.162401102790548979e+00,-1.597260529890688341e-01,5.361764785142661083e+00,-1.991819558473127749e+00
7.951974082098186614e+01,-5.078440383704302619e+00,-6.319593761343995197e+00,1.128052178319502552e+00,-1.720170206757927756e-01,5.286943485193175363e+00,-1.791691126801925105e+00
7.971953916475318636e+01,-5.258652330748204484e+00,-6.233670674649729904e+00,1.089511848257261217e+00,-1.838832068113185614e-01,5.218846435876052681e+00,-1.608309717891270640e+00
7.991933750852449236e+01,-5.435199139192867790e+00,-6.140086202374059887e+00,1.047141184510176348e+00,-1.952231292218111758e-01,5.156900514010519743e+00,-1.440906233546925597e+00
8.011913585229579837e+01,-5.607408315081135797e+00,-6.038378327870477236e+00,1.001248990000759953e+00,-2.059822752464635920e-01,5.100711408557875970e+00,-1.291580883851857431e+00
8.031893419606711859e+01,-5.774047624783746890e+00,-5.928601822606947458e+00,9.521333080991207787e-01,-2.160012630965923996e-01,5.049929823917679528e+00,-1.159972914131119026e+00
8.051873253983842460e+01,-5.935075563110073560e+00,-5.810161881965474784e+00,9.002229085571720191e-01,-2.252582797656806080e-01,5.003803115991815709e+00,-1.044015040706168351e+00
8.071853088360973061e+01,-6.089588758898681675e+00,-5.683105175426378608e+00,8.461414120617551937e-01,-2.337897572789276457e-01,4.961889462991714517e+00,-9.404971496310446932e-01
8.091832922738105083e+01,-6.236328100910888850e+00,-5.547954093338598902e+00,7.906226417114319283e-01,-2.416778362149874237e-01,4.923931164358503310e+00,-8.461021495769137646e-01
8.111812757115235684e+01,-6.375136559362055699e+00,-5.404278847334388125e+00,7.347098504553266629e-01,-2.490437410968927012e-01,4.889482249516448498e+00,-7.587881648296832537e-01
8.131792591492366284e+01,-6.505173151967361456e+00,-5.252198495777312459e+00,6.790624965363205590e-01,-2.559469230660322281e-01,4.858330727856970732e+00,-6.769925989635843244e-01
8.151772425869498306e+01,-6.625164230520022457e+00,-5.092751070694197857e+00,6.239500157295951865e-01,-2.624162615043114655e-01,4.830443649907488535e+00,-6.016208818316093332e-01
8.171752260246628907e+01,-6.735137400524559226e+00,-4.926483191669150941e+00,5.696724963730335212e-01,-2.684056755973568964e-01,4.805551329797267179e+00,-5.318967930277498368e-01
8.191732094623760929e+01,-6.836065949388628660e+00,-4.753781044172382231e+00,5.161583826893756388e-01,-2.739491977380792975e-01,4.783359838997953695e+00,-4.656199422505413188e-01
8.211711929000891530e+01,-6.927930515832871450e+00,-4.576710716683415114e+00,4.631314741035543747e-01,-2.791119362650500424e-01,4.763902383075460101e+00,-4.079522290386116135e-01
8.231691763378022131e+01,-7.011446088725884707e+00,-4.395483131807329968e+00,4.107271657307045576e-01,-2.836880981087221421e-01,4.746783763133533895e+00,-3.566156559493459111e-01
8.251671597755154153e+01,-7.086735844006372353e+00,-4.210387317831590259e+00,3.585521590216151910e-01,-2.877868030256981458e-01,4.731747718632949073e+00,-3.079985664138919499e-01
8.271651432132284754e+01,-7.153162007926404442e+00,-4.022586360673385819e+00,3.060827318702619149e-01,-2.915561435165108239e-01,4.718763429740758575e+00,-2.630061894289330016e-01
8.291631266509415354e+01,-7.210478339431739769e+00,-3.831305089950908460e+00,2.525838026391056257e-01,-2.949681725831209134e-01,4.707620637619373660e+00,-2.170556235165297942e-01
8.311611100886547376e+01,-7.257902999212887174e+00,-3.636465480523614069e+00,1.972511199459712206e-01,-2.982129821959396132e-01,4.698365727245891854e+00,-1.713451346113258056e-01
8.331590935263677977e+01,-7.294073014553478451e+00,-3.440701152189880041e+00,1.396456763514211108e-01,-3.012146144306300233e-01,4.691099925001381621e+00,-1.287072089415678688e-01
8.351570769640808578e+01,-7.318590447465433080e+00,-3.242384768453524302e+00,7.944548977508936183e-02,-3.038623892070333454e-01,4.685614193758764756e+00,-8.945718928224326294e-02
8.371550604017940600e+01,-7.330556502225052284e+00,-3.042327084364283785e+00,1.697165939382738742e-02,-3.061501478588567471e-01,4.681786326485172900e+00,-5.565719673249212851e-02
8.391530438395071201e+01,-7.329269926332880658e+00,-2.842848838618862395e+00,-4.755073520077601756e-02,-3.080042049835753915e-01,4.679414273719344486e+00,-2.910413506965879235e-02
8.411510272772203223e+01,-7.314314761118560604e+00,-2.643337399660949050e+00,-1.140730618504581795e-01,-3.093813875807850389e-01,4.678169743461983110e+00,-9.328418956255409705e-03
8.431490107149333824e+01,-7.285519716652065547e+00,-2.445621507560078900e+00,-1.814749348959965314e-01,-3.103378551346647751e-01,4.677771315517641249e+00,0.000000000000000000e+00
8.451469941526464424e+01,-7.242799406157388376e+00,-2.250111307651026848e+00,-2.497636235183280373e-01,-3.107641696009338372e-01,4.677771315517641249e+00,0.000000000000000000e+00
8.471449775903596446e+01,-7.186503089349365325e+00,-2.058259866110503822e+00,-3.189072797572392037e-01,-3.105441289925353066e-01,4.677771315517641249e+00,4.814828360139901571e-03
8.491429610280727047e+01,-7.117212642008544421e+00,-1.871390213076152831e+00,-3.880604052357237155e-01,-3.094840069948774364e-01,4.677976452875023838e+00,2.741796916129589368e-02
8.511409444657857648e+01,-7.034752297903957619e+00,-1.688749440906210042e+00,-4.569393482217170011e-01,-3.074636488289466119e-01,4.679150823878425847e+00,6.825176596034665533e-02
8.531389279034989670e+01,-6.940315580044535970e+00,-1.512801674077014713e+00,-5.245811251227618932e-01,-3.045561450827377059e-01,4.682062660772281504e+00,1.236082774989556571e-01
8.551369113412120271e+01,-6.834378977419205192e+00,-1.344187314467141015e+00,-5.902740262295798068e-01,-3.008051447696541980e-01,4.687316862567898035e+00,1.910284020477621969e-01
8.571348947789252293e+01,-6.716463338478253497e+00,-1.182436975009150126e+00,-6.536933533778018779e-01,-2.963585093452575370e-01,4.695467490735675042e+00,2.660609685588536943e-01
8.591328782166382894e+01,-6.588064400836572965e+00,-1.029676752428715147e+00,-7.146162179169790463e-01,-2.912957937956599519e-01,4.706761333381771273e+00,3.467488473225454615e-01
8.611308616543513494e+01,-6.450127892868834145e+00,-8.855830828849110548e-01,-7.731463025426635882e-01,-2.855331808393531956e-01,4.721433711742912820e+00,4.349125227967658991e-01
8.631288450920645516e+01,-6.304012118217268146e+00,-7.494506633760336101e-01,-8.293726235782410416e-01,-2.793555801076827438e-01,4.739793687529424204e+00,5.240969319201784771e-01
8.651268285297776117e+01,-6.151503169422012363e+00,-6.211956951844711527e-01,-8.832511687730522087e-01,-2.726748532227780686e-01,4.761776687538906927e+00,6.172293445967945713e-01
8.671248119674906718e+01,-5.992768899958460516e+00,-4.999590432271280860e-01,-9.348413209419962344e-01,-2.654116152756891833e-01,4.787596931047197302e+00,7.164779723804965972e-01
8.691227954052038740e+01,-5.828302325196125011e+00,-3.857641854883603894e-01,-9.841040377866054900e-01,-2.577671622215738090e-01,4.817467882011417402e+00,8.177405255087047964e-01
8.711207788429169341e+01,-5.659844963289032194e+00,-2.797321423106717830e-01,-1.031363436172179071e+00,-2.497211920456070544e-01,4.851137842903738395e+00,9.231767449796233205e-01
8.731187622806299942e+01,-5.485894536717486503e+00,-1.809830536929577516e-01,-1.077350591106700728e+00,-2.414924636760877041e-01,4.889054698048709291e+00,1.027640454180368756e+00
8.751167457183431964e+01,-5.307414222301293449e+00,-9.021727113950486765e-02,-1.122561904682241707e+00,-2.332265491431159965e-01,4.930962678126891596e+00,1.129238041707914642e+00
8.771147291560562564e+01,-5.125802591827183896e+00,-8.091358441046218528e-03,-1.167267127200513510e+00,-2.249741596160228785e-01,4.976398964059534080e+00,1.228616929258560031e+00
8.791127125937694586e+01,-4.939856408674223154e+00,6.601177193053983649e-02,-1.211559078159223812e+00,-2.168001839418779442e-01,5.025575232037033935e+00,1.324406443980245873e+00
8.811106960314825187e+01,-4.751097226747976521e+00,1.315569239147617864e-01,-1.255054194319598082e+00,-2.086546616687188771e-01,5.077960223398805262e+00,1.419697657354779929e+00
8.831086794691955788e+01,-4.559702945029638244e+00,1.886778326873774225e-01,-1.297770579471772434e+00,-2.005305934122650902e-01,5.133498826426757589e+00,1.515455332327746873e+00
8.851066629069087810e+01,-4.365666216015200440e+00,2.375764311152691877e-01,-1.339363304758259376e+00,-1.924526500906051929e-01,5.192235104942868773e+00,1.611610234054616342e+00
8.871046463446218411e+01,-4.170185047735913919e+00,2.782104673710928400e-01,-1.379483302752260832e+00,-1.843784078023806561e-01,5.253841713248089462e+00,1.710629959544978096e+00
8.891026297823349012e+01,-3.972990006485233483e+00,3.109654873101698747e-01,-1.418089447045749463e+00,-1.763355278859303488e-01,5.318529123971671879e+00,1.812040646401182009e+00
8.911006132200481034e+01,-3.774742588192448345e+00,3.360753307698861048e-01,-1.454816959727915915e+00,-1.684614828476068693e-01,5.386182030897693096e+00,1.912771186857702865e+00
8.930985966577611634e+01,-3.575685264833924126e+00,3.539106532122154314e-01,-1.489577010637477938e+00,-1.603137913530813530e-01,5.456694021353873936e+00,2.026575159711886620e+00
8.950965800954742235e+01,-3.376186541789181206e+00,3.648870676058175722e-01,-1.522239591075436715e+00,-1.510823569958783252e-01,5.530400611551188561e+00,2.179096114466022804e+00
8.970945635331874257e+01,-3.176390689175504711e+00,3.694741912965385788e-01,-1.552682643030280474e+00,-1.404723216183322576e-01,5.608592436607612086e+00,2.381259228373604930e+00
8.990925469709004858e+01,-2.976513334784857356e+00,3.681802209969676776e-01,-1.580942571535034702e+00,-1.277810117744280216e-01,5.692824312833002942e+00,2.658841196799077267e+00
9.010905304086136880e+01,-2.777014693969091397e+00,3.615418847865277119e-01,-1.606923418974132156e+00,-1.122799316493322541e-01,5.785300875400862353e+00,3.042023673417110441e+00
9.030885138463267481e+01,-2.577286346077130030e+00,3.500433293229675003e-01,-1.630686232363215638e+00,-9.465122924452523678e-02,5.889556438832874719e+00,3.516844638226134023e+00
9.050864972840398082e+01,-2.378176454362809888e+00,3.341583637132432005e-01,-1.652285583623103404e+00,-7.618589568397490797e-02,6.007645294719352158e+00,4.050313738759296456e+00
9.070844807217530104e+01,-2.179426122902509810e+00,3.142743893309143388e-01,-1.671611331064139172e+00,-5.807207799511686364e-02,6.140833948164572398e+00,4.610111138644829687e+00
9.090824641594660704e+01,-1.980822421289968993e+00,2.907517737804280467e-01,-1.688734966179579633e+00,-4.030236464689079812e-02,6.289182059233024091e+00,5.205887886944461584e+00
9.110804475971791305e+01,-1.783039848689401463e+00,2.640895817779245203e-01,-1.704529941416398353e+00,-2.271593308530639455e-02,6.452263602277481525e+00,5.854296961515984776e+00
9.130784310348923327e+01,-1.585296769539971784e+00,2.345637488625792466e-01,-1.717959191027606414e+00,-5.855523197988207924e-03,6.631188892526890477e+00,6.542517033407921900e+00
9.150764144726053928e+01,-1.388009268374561067e+00,2.025124036749616496e-01,-1.726281998699090270e+00,9.546963673981291240e-03,6.825542120677193125e+00,6.355225815380309839e+00
9.170743979103185950e+01,-1.191420755871868575e+00,1.686787049205781264e-01,-1.728589871301589698e+00,2.316999547163409862e-02,7.008815160114933995e+00,5.661808960338740704e+00
9.190723813480316551e+01,-9.945486618981551619e-01,1.333401554100063502e-01,-1.722167768518285902e+00,3.430229533433311329e-02,7.168571962788437446e+00,5.037259103677398819e+00
9.210703647857447152e+01,-7.983743693659353102e-01,9.534230199936401251e-02,-1.703721081965449802e+00,4.202420974670777187e-02,7.307634239933087805e+00,4.555843399015933493e+00
9.230683482234579174e+01,-6.025312143390954001e-01,5.731646434531528778e-02,-1.675993756251270117e+00,4.702641610891757779e-02,7.430969354000051652e+00,4.203233960426357996e+00
9.250663316611709774e+01,-4.050053991487961857e-01,2.486201498197294912e-02,-1.643799620286100494e+00,5.049096467030827345e-02,7.543345685543159540e+00,3.926959890263631348e+00
9.270643150988840375e+01,-2.069357504171448481e-01,4.189327590356589311e-04,-1.611537402807915687e+00,5.342629304314459177e-02,7.646534373499728865e+00,0.000000000000000000e+00
