0.000000000000000000e+00,1.662208147054456894e-02,-6.306150852626141168e-02,-1.564029670581690512e+00,6.060716997452580274e-02,7.113825880966684778e+00,-6.921930245429334105e-01
1.999238527915352948e-01,2.155423877871085470e-01,-4.405674710392645105e-02,-1.525363476129756091e+00,6.224546607940222021e-02,7.094355658067857284e+00,-6.916600681830050723e-01
3.998477055830705895e-01,4.137702209852222590e-01,-1.667317837791396778e-02,-1.490233758114575480e+00,6.217294116119464337e-02,7.074819120684704643e+00,-7.093294802746428207e-01
5.997715583746059398e-01,6.112060938174361802e-01,1.592349545679059425e-02,-1.463124160434845944e+00,5.959510444092400161e-02,7.054727470139382284e+00,-8.514088904823932102e-01
7.996954111661411790e-01,8.085977203547909387e-01,4.786466950621563049e-02,-1.447478148898478034e+00,5.371492981967409402e-02,7.030553715688726335e+00,-1.159928516619487704e+00
9.996192639576764183e-01,1.006336603422837372e+00,7.666371792894999260e-02,-1.442075370330709205e+00,4.490203321837255707e-02,6.997508127816441714e+00,-1.616267201238410278e+00
1.199543116749211880e+00,1.204464672254764723e+00,1.041126936967415734e-01,-1.443673632725242184e+00,3.407575350770726541e-02,6.951154366948059327e+00,-2.169974936853529712e+00
1.399466969540747119e+00,1.402387595446226820e+00,1.301463166716442799e-01,-1.450940627020727014e+00,2.165844770801438404e-02,6.888553742604133667e+00,-2.791597790630613307e+00
1.599390822332282358e+00,1.601179631928033587e+00,1.538390782711432370e-01,-1.462360355776412879e+00,8.212427833035300037e-03,6.806939308958195767e+00,-3.444031498689251514e+00
1.799314675123817597e+00,1.799783307939867294e+00,1.749274338862796818e-01,-1.474993196839690768e+00,-5.419806230003884097e-03,6.705127722219507369e+00,-2.989047855854642499e+00
1.999238527915352837e+00,1.998939954720174050e+00,1.935230356475307611e-01,-1.487631625084173681e+00,-1.910180962893945344e-02,6.615359524871956332e+00,-2.424770948893360423e+00
2.199162380706888076e+00,2.198202851413016301e+00,2.093509030329702147e-01,-1.501170565281874314e+00,-3.272052165052972278e-02,6.541682058184880688e+00,-1.915969776470811903e+00
2.399086233498423759e+00,2.397615459801115456e+00,2.222471392062487505e-01,-1.515614027804965014e+00,-4.542295830619076658e-02,6.482890621522868990e+00,-1.501022425692437157e+00
2.599010086289958998e+00,2.597395323647652354e+00,2.321459922638386408e-01,-1.530479519287378798e+00,-5.609761431470378784e-02,6.436411029006860574e+00,-1.210424399129342854e+00
2.798933939081494238e+00,2.797041931230828560e+00,2.389488120271849592e-01,-1.545640227350214779e+00,-6.385768052183360410e-02,6.398733639372729876e+00,-1.027445371126730622e+00
2.998857791873029477e+00,2.997071190004535701e+00,2.426053135493701773e-01,-1.561167751473757637e+00,-6.901972104363821026e-02,6.366528508272661036e+00,-9.172907574244130169e-01
3.198781644664564716e+00,3.196968174800297380e+00,2.430668782075635637e-01,-1.576889414182944593e+00,-7.239238058665119213e-02,6.337661789324116945e+00,-8.663914719097569606e-01
3.398705497456099955e+00,3.396839628102184871e+00,2.403166137809050196e-01,-1.592721211379090729e+00,-7.430032564346750190e-02,6.310276564808479094e+00,-8.589755282925672919e-01
3.598629350247635195e+00,3.596805998334359433e+00,2.343399836668188796e-01,-1.608635412878994586e+00,-7.513506050346832610e-02,6.282985316098479878e+00,-8.587839905641783123e-01
3.798553203039170434e+00,3.796290571654072465e+00,2.251623663144235177e-01,-1.624522660071033853e+00,-7.563538965101976319e-02,6.255630563940715483e+00,-8.649312727500729769e-01
3.998477055830705673e+00,3.996108860038189992e+00,2.127535211677548665e-01,-1.640407818107850968e+00,-7.611628222724622916e-02,6.227888061547840692e+00,-8.721712965610571855e-01
4.198400908622240912e+00,4.195398610580125975e+00,1.971816641437259543e-01,-1.656195731204211041e+00,-7.636107273012102126e-02,6.199830684847456475e+00,-8.890278575148522489e-01
4.398324761413776152e+00,4.394380689113315697e+00,1.784612758239232100e-01,-1.671856414709834038e+00,-7.639570760183660159e-02,6.171105003726740534e+00,-9.147428770889206584e-01
4.598248614205311391e+00,4.593369109313663046e+00,1.565841018418240582e-01,-1.687429184159029205e+00,-7.636884641424714071e-02,6.141359535036620798e+00,-9.436979174641780821e-01
4.798172466996847518e+00,4.791381743898696755e+00,1.316970319592648819e-01,-1.702811619303597146e+00,-7.632830772581319922e-02,6.110616047334458401e+00,-9.739565365393203500e-01
4.998096319788382758e+00,4.989693203390446641e+00,1.036714376508683921e-01,-1.718049141323532369e+00,-7.629943229759844625e-02,6.078609759105502164e+00,-1.004890849858685486e+00
5.198020172579917997e+00,5.187256540799783266e+00,7.268302917303208488e-02,-1.733132905517931199e+00,-7.637048126863012210e-02,6.045459676781814728e+00,-1.033105065075402118e+00
5.397944025371453236e+00,5.383851985523794959e+00,3.882254025559189053e-02,-1.748028774346881642e+00,-7.659138014068790634e-02,6.011272263825249595e+00,-1.056797799888383516e+00
5.597867878162988475e+00,5.580885507178835248e+00,1.876077992813755552e-03,-1.762786171287982873e+00,-7.702062423414846037e-02,5.975925605259943652e+00,-1.074218803777872377e+00
5.797791730954523715e+00,5.776670901063092778e+00,-3.780758344855764119e-02,-1.777419566968108544e+00,-7.773900600455269094e-02,5.939907462362407742e+00,-1.079608762373680086e+00
5.997715583746058954e+00,5.971773873136543287e+00,-8.028983864664601677e-02,-1.791980833144952268e+00,-7.877429292625014179e-02,5.903504040025283395e+00,-1.064184264310803485e+00
6.197639436537594193e+00,6.166896319172863628e+00,-1.257058942019879388e-01,-1.806498562551883014e+00,-8.019806607886240113e-02,5.867279307274350764e+00,-1.033721440977553030e+00
6.397563289329129432e+00,6.360737346568727801e+00,-1.737363392135242157e-01,-1.821080511814860081e+00,-8.206724115961150368e-02,5.831988685744541989e+00,-9.887954524818070023e-01
6.597487142120664672e+00,6.553840715733276312e+00,-2.245003539110241586e-01,-1.835838599455005049e+00,-8.436756753072706394e-02,5.798037375835247254e+00,-9.299517745627221554e-01
6.797410994912199911e+00,6.746781030723937533e+00,-2.781836080648873999e-01,-1.850837214502264461e+00,-8.708285500146983882e-02,5.765826526238639005e+00,-8.594509620580451648e-01
6.997334847703735150e+00,6.938454995124748059e+00,-3.345339399831791516e-01,-1.866249280888613304e+00,-9.013458721224448800e-02,5.735969295019979874e+00,-7.798482155240492597e-01
7.197258700495270389e+00,7.128998147785240214e+00,-3.936579054232117181e-01,-1.882255031278310842e+00,-9.343772091066569752e-02,5.708780619369643539e+00,-6.935423768571051806e-01
7.397182553286805629e+00,7.319302145781818147e+00,-4.559649519827169151e-01,-1.898970087546038910e+00,-9.691188681503984381e-02,5.684401493953978424e+00,-6.029806220637251579e-01
7.597106406078340868e+00,7.508232741895036533e+00,-5.212598133785416588e-01,-1.916600611704995627e+00,-1.004640889000569942e-01,5.663157616073769773e+00,-5.106097891333757355e-01
7.797030258869876107e+00,7.695849229316910289e+00,-5.897605739626992083e-01,-1.935360291923323262e+00,-1.040057151719993717e-01,5.645120496157073120e+00,-4.196325774571695311e-01
7.996954111661411346e+00,7.882326449605147722e+00,-6.617876564184260735e-01,-1.955385020962749243e+00,-1.074261517825065987e-01,5.630240923795297725e+00,-3.324129548322947714e-01
8.196877964452946586e+00,8.067370390106503919e+00,-7.375381306953688876e-01,-1.976865858342537141e+00,-1.106415635591789376e-01,5.618423438164580119e+00,-2.520747877902284051e-01
8.396801817244481825e+00,8.250649067359741906e+00,-8.172241433323619297e-01,-2.000000395521865926e+00,-1.135490230543854256e-01,5.609449749125759332e+00,-1.815578689133416357e-01
8.596725670036017064e+00,8.432030399444329305e+00,-9.011763391704759041e-01,-2.024770967186888981e+00,-1.160577631033170853e-01,5.602977005567580271e+00,-1.214381482617172270e-01
8.796649522827552303e+00,8.611270545731311898e+00,-9.897146427557733661e-01,-2.051010416983206408e+00,-1.181555551266983001e-01,5.598642395910508718e+00,-7.235274302243800693e-02
8.996573375619087543e+00,8.787987193615222736e+00,-1.083119630604802541e+00,-2.078450220228463596e+00,-1.198321157409168863e-01,5.596058656939129072e+00,-3.530354997322934785e-02
9.196497228410622782e+00,8.961880356668460834e+00,-1.181735302073690264e+00,-2.106741488728340883e+00,-1.210697660104330525e-01,5.594797355461403221e+00,-1.089433406650896011e-02
9.396421081202158021e+00,9.132593983974565788e+00,-1.285832527405340153e+00,-2.135528730214080628e+00,-1.218665308851949597e-01,5.594407997159437151e+00,0.000000000000000000e+00
9.596344933993695037e+00,9.299708695438713590e+00,-1.395440267087816322e+00,-2.164489525689797134e+00,-1.222146215820119897e-01,5.594407997159437151e+00,0.000000000000000000e+00
9.796268786785230276e+00,9.463246161890122465e+00,-1.510367574114741096e+00,-2.193284032758611612e+00,-1.220860891933250453e-01,5.594407997159437151e+00,4.022729689490314731e-03
9.996192639576765515e+00,9.623278552078149417e+00,-1.630248992982133549e+00,-2.221521836243491865e+00,-1.214621012275704931e-01,5.594551775332089250e+00,2.335653166596650052e-02
1.019611649236830075e+01,9.779807038064902258e+00,-1.754607601420082430e+00,-2.248896315864494788e+00,-1.203364816200979959e-01,5.595386334740751977e+00,5.746352806288038129e-02
1.039604034515983599e+01,9.932887647573744871e+00,-1.883026164974285876e+00,-2.275103675209812160e+00,-1.186765939278907334e-01,5.597437993174304793e+00,1.067065981719070855e-01
1.059596419795137123e+01,1.008278205758671575e+01,-2.015298028463337054e+00,-2.299892902374653936e+00,-1.165007736551668810e-01,5.601247683443449255e+00,1.699075686474624536e-01
1.079588805074290647e+01,1.022965233532364060e+01,-2.151180808056809113e+00,-2.323279490695307814e+00,-1.138767123720604291e-01,5.607313828660516641e+00,2.444920111665039586e-01
1.099581190353444171e+01,1.037320907661831804e+01,-2.290028026234129044e+00,-2.345395246230319142e+00,-1.108806126137960174e-01,5.616015228750517174e+00,3.278668311343883590e-01
1.119573575632597695e+01,1.051390372406872231e+01,-2.431926909174292106e+00,-2.366349712825819740e+00,-1.076146732532053119e-01,5.627669094086634516e+00,4.167723334538896984e-01
1.139565960911751219e+01,1.065191491867526707e+01,-2.576766758454997586e+00,-2.386250615164175137e+00,-1.041761805931292889e-01,5.642465937315837898e+00,5.082989913420760120e-01
1.159558346190904743e+01,1.078703208846716599e+01,-2.724054186701565961e+00,-2.405272971987702846e+00,-1.006507940709822774e-01,5.660442998231150824e+00,6.000866641464702722e-01
1.179550731470058267e+01,1.091935159417512402e+01,-2.873639668964786953e+00,-2.423518718398934624e+00,-9.713776570681509348e-02,5.681575670928122435e+00,6.893635772295895192e-01
1.199543116749211791e+01,1.104925767224413846e+01,-3.025757000757570925e+00,-2.441048445874176576e+00,-9.372817393015168974e-02,5.705795314353244052e+00,7.735761808448129440e-01
1.219535502028365315e+01,1.117658261176158341e+01,-3.180044354886757407e+00,-2.458028519079892504e+00,-9.051230809941135380e-02,5.732852117639751555e+00,8.502592840624043635e-01
1.239527887307518839e+01,1.130109619855524983e+01,-3.336055744942595602e+00,-2.474526033406674763e+00,-8.756673204166547098e-02,5.762380567410323451e+00,9.173440527467002781e-01
1.259520272586672363e+01,1.142336982502500398e+01,-3.494382231921836723e+00,-2.490596637633600174e+00,-8.494679537513367962e-02,5.794139324295247029e+00,9.731618950590344985e-01
1.279512657865825886e+01,1.154317821561352098e+01,-3.654645457472518455e+00,-2.506343838596322815e+00,-8.266493906987429363e-02,5.827649769486064280e+00,1.017574520022898499e+00
1.299505043144979410e+01,1.166020574688090328e+01,-3.816317772078296144e+00,-2.521803805701179790e+00,-8.067526334721657200e-02,5.862395672399459023e+00,1.052378121746571971e+00
1.319497428424132934e+01,1.177507354367101122e+01,-3.980185182400441057e+00,-2.537036290602000754e+00,-7.895642499889655996e-02,5.898210087407415259e+00,1.078194229001417037e+00
1.339489813703286458e+01,1.188739117376708521e+01,-4.145644088927588733e+00,-2.552074798079784212e+00,-7.748524112225635418e-02,5.934653844709858461e+00,1.095960799508909789e+00
1.359482198982439982e+01,1.199707615583750098e+01,-4.312502940271624396e+00,-2.566939416433760890e+00,-7.620193411588699339e-02,5.971415433991648314e+00,1.107806499537216105e+00
1.379474584261593506e+01,1.210459708898524234e+01,-4.481439326582204785e+00,-2.581687160191970420e+00,-7.509399951581788302e-02,6.008450702638152841e+00,1.113995489921704163e+00
1.399466969540747030e+01,1.220936809514683041e+01,-4.651494411202969914e+00,-2.596291789188112986e+00,-7.413511118308843684e-02,6.045369855456702801e+00,1.115621404589019372e+00
1.419459354819900554e+01,1.231173106513542947e+01,-4.823170738433484317e+00,-2.610807703070270769e+00,-7.328082519743157885e-02,6.082143659876903641e+00,1.114161162432929730e+00
1.439451740099054078e+01,1.241182435181620214e+01,-4.996690517496286787e+00,-2.625237244132486936e+00,-7.251388024787513986e-02,6.118729217168064949e+00,1.110163915125852663e+00
1.459444125378207602e+01,1.250904433387853487e+01,-5.170961830371981094e+00,-2.639550714648471796e+00,-7.180540559444222037e-02,6.154829392426136359e+00,1.104873021456705073e+00
1.479436510657361126e+01,1.260401841591414573e+01,-5.347067162422021624e+00,-2.653813352887843369e+00,-7.113133861361470300e-02,6.190642715569857124e+00,1.098958507994566292e+00
1.499428895936514650e+01,1.269641555477401518e+01,-5.524379730006245381e+00,-2.667973435697264417e+00,-7.046925397841295735e-02,6.226035184218422280e+00,1.093364078725402644e+00
1.519421281215668174e+01,1.278625210535392931e+01,-5.702888646484685964e+00,-2.682055166594325524e+00,-6.979613636435848256e-02,6.261031060765916756e+00,1.088955862404868524e+00
1.539413666494821697e+01,1.287373024060479665e+01,-5.882974725848882258e+00,-2.696073573957026959e+00,-6.909464694550640496e-02,6.295756210056007163e+00,1.086326830270740063e+00
1.559406051773975221e+01,1.295846450074809297e+01,-6.063803479937001306e+00,-2.709964657160000012e+00,-6.834348588462198226e-02,6.330119975117529663e+00,1.086447891559184198e+00
1.579398437053128745e+01,1.304081282447784140e+01,-6.246089421412860609e+00,-2.723780352493494483e+00,-6.752072525459032470e-02,6.364357718981335843e+00,1.090069703220553077e+00
1.599390822332282269e+01,1.312060072243889763e+01,-6.429414290625225625e+00,-2.737475986971213970e+00,-6.661439403004819348e-02,6.398510448425381192e+00,1.097744360094270899e+00
1.619383207611435793e+01,1.319785242835229155e+01,-6.613774837798502837e+00,-2.751040217264163257e+00,-6.559912050783507642e-02,6.432712929470207008e+00,1.110521799683018340e+00
1.639375592890589317e+01,1.327266068298313506e+01,-6.799336384247473219e+00,-2.764471119807058841e+00,-6.445776114107283628e-02,6.467160687760586057e+00,1.129107810300054471e+00
1.659367978169742841e+01,1.334487044609765682e+01,-6.985636098507864489e+00,-2.777708904387595101e+00,-6.318066015526695167e-02,6.501951166932132153e+00,1.154014279714895119e+00
1.679360363448896365e+01,1.341466551328630530e+01,-7.173049944377687837e+00,-2.790760863993385854e+00,-6.173713719454183152e-02,6.537350195213150528e+00,1.186543204295336551e+00
1.699352748728049889e+01,1.348197532194928172e+01,-7.361283671224651215e+00,-2.803573500875370605e+00,-6.012072445452300989e-02,6.573533494412173717e+00,1.227102778105639835e+00
1.719345134007203413e+01,1.354686466056982752e+01,-7.550377111394882768e+00,-2.816114540440519232e+00,-5.831130070419337369e-02,6.610747380273900298e+00,1.276680648866882484e+00
1.739337519286356937e+01,1.360939005009213254e+01,-7.740331567088069242e+00,-2.828348158572114635e+00,-5.628696640497259096e-02,6.649255813917928748e+00,1.336406707077772316e+00
1.759329904565510461e+01,1.366954553772965575e+01,-7.930925531742092360e+00,-2.840209276658911541e+00,-5.404836562221105450e-02,6.689304612491928204e+00,1.406508798629789281e+00
1.779322289844663985e+01,1.372746304201056944e+01,-8.122329507762151124e+00,-2.851667230915498674e+00,-5.156764592591753238e-02,6.731220455533643232e+00,1.488504574218005638e+00
1.799314675123817509e+01,1.378315383619840517e+01,-8.314292761530643006e+00,-2.862647915305326585e+00,-4.883990980312636482e-02,6.775276267552410303e+00,1.583034782809497942e+00
1.819307060402971032e+01,1.383674410845657654e+01,-8.506898078439034450e+00,-2.873104281303522800e+00,-4.585533922155101555e-02,6.821827821217520516e+00,1.691014725254822437e+00
1.839299445682124556e+01,1.388832773374207541e+01,-8.700079227616502209e+00,-2.882970123125282669e+00,-4.260080650133386826e-02,6.871213147981656277e+00,1.813663834867894398e+00
1.859291830961278080e+01,1.393798838417925090e+01,-8.893671746880382756e+00,-2.892177134651543913e+00,-3.907886103648589710e-02,6.923765584337229662e+00,1.951616853039839006e+00
1.879284216240431604e+01,1.398591748358291831e+01,-9.087872336250100602e+00,-2.900667879452891285e+00,-3.527713784986193785e-02,6.979920099686911072e+00,2.106323081289247945e+00
1.899276601519585128e+01,1.403216308643368571e+01,-9.282248819694867592e+00,-2.908364773008594639e+00,-3.119782859469629951e-02,7.039955971731334472e+00,-1.462921067305326339e+00
1.919268986798739007e+01,1.407697456428815208e+01,-9.477128821777325740e+00,-2.915211564555687751e+00,-2.683980951847372495e-02,6.998279216670646008e+00,-2.507791506653135105e+00
1.939261372077892531e+01,1.412046989888720461e+01,-9.672236274836830461e+00,-2.921135717669623766e+00,-2.220363218416683548e-02,6.926276965443727285e+00,-2.757539398040237177e+00
1.959253757357046055e+01,1.416284953858787254e+01,-9.867581916018293597e+00,-2.926075807005560137e+00,-1.729725459793079317e-02,6.846232855476992896e+00,-3.012470002506823175e+00
1.979246142636199579e+01,1.420434054369786914e+01,-1.006324594506833492e+01,-2.929972401551477645e+00,-1.212162052281511720e-02,6.757649532812348703e+00,-3.270206852628203986e+00
1.999238527915353103e+01,1.424508536366423606e+01,-1.025885174430347213e+01,-2.932761245727856014e+00,-6.692605062652612173e-03,6.660257070885756470e+00,-3.527443014275418953e+00
2.019230913194506627e+01,1.428540521727409462e+01,-1.045480993265898384e+01,-2.934391739028868962e+00,-1.019651619675006728e-03,6.553441909039460000e+00,-3.623083195527488254e+00
2.039223298473660151e+01,1.432542796652818673e+01,-1.065055528375025595e+01,-2.934809467162525998e+00,4.865482442006984799e-03,6.442037927700503097e+00,-3.386008516088666820e+00
2.059215683752813675e+01,1.436549162688165282e+01,-1.084648352266177085e+01,-2.933964833609980616e+00,1.093499240496624558e-02,6.336053049842206519e+00,-3.158131695866581712e+00
2.079208069031967199e+01,1.440579840524843291e+01,-1.104228957073250328e+01,-2.931815690281435849e+00,1.715069479003058367e-02,6.235613360102552960e+00,-2.939799206249299246e+00
2.099200454311120723e+01,1.444662511222852430e+01,-1.123798654525995033e+01,-2.928317302703002944e+00,2.347546834788313483e-02,6.140641800868967159e+00,-2.731326776851967342e+00
2.119192839590274247e+01,1.448826192100858457e+01,-1.143360964140758895e+01,-2.923432902983003068e+00,2.986960289781227448e-02,6.051026643088025736e+00,-2.534568958806532990e+00
2.139185224869427770e+01,1.453093363702291718e+01,-1.162885867195672773e+01,-2.917128872416610008e+00,3.624621224999475394e-02,5.966725878549893558e+00,-2.352766616576130509e+00
2.159177610148581294e+01,1.457499098509041957e+01,-1.182397666937300684e+01,-2.909371952297600039e+00,4.247574199524178223e-02,5.887322730529646719e+00,-2.195123672255764546e+00
2.179169995427734818e+01,1.462064346473175291e+01,-1.201855249043358143e+01,-2.900135252455461554e+00,4.824526519880623782e-02,5.812326162845528721e+00,-2.071893696681636143e+00
2.199162380706888342e+01,1.466824579034184950e+01,-1.221278065768229659e+01,-2.889408143092079495e+00,5.319782108650365771e-02,5.740598899014475620e+00,-1.993836729202852265e+00
2.219154765986041866e+01,1.471804871966020478e+01,-1.240639782074798880e+01,-2.877181334909733934e+00,5.694400671448290874e-02,5.670737229646021227e+00,-1.970570159895272955e+00
2.239147151265195390e+01,1.477036795367078703e+01,-1.259938705803103787e+01,-2.863515603215370575e+00,5.911624565083840877e-02,5.600822134017950482e+00,-1.969629704781775015e+00
2.259139536544348914e+01,1.482547795887168185e+01,-1.279156409786027382e+01,-2.848453818414603322e+00,5.936837498248487971e-02,5.530068787321709145e+00,-2.006835085408068764e+00
2.279131921823502438e+01,1.488369009668124399e+01,-1.298287244105831562e+01,-2.832091219843398733e+00,5.740427684483636467e-02,5.457018585494068041e+00,-2.111381557677733500e+00
2.299124307102655962e+01,1.494522860998502978e+01,-1.317303207699571033e+01,-2.814498651444703903e+00,5.293718090609941807e-02,5.379131136373297650e+00,-2.287905876546762585e+00
2.319116692381809486e+01,1.501040958485521948e+01,-1.336212846339753924e+01,-2.795778642702011041e+00,4.583411700419506157e-02,5.293375177015870570e+00,-2.534952907060284755e+00
2.339109077660963010e+01,1.507929773085929881e+01,-1.354975169677168800e+01,-2.776206069627249917e+00,3.607991008443652003e-02,5.196777676065545748e+00,-2.845360196818893517e+00
2.359101462940116534e+01,1.515210998793159014e+01,-1.373601550637215674e+01,-2.756237527208201143e+00,2.381279060494765482e-02,5.086100022711337765e+00,-3.205299449430818903e+00
2.379093848219270058e+01,1.522887764843823000e+01,-1.392060464292436883e+01,-2.737064815601583323e+00,9.392819526053289639e-03,4.958511056295073161e+00,-3.593784196247973739e+00
2.399086233498423582e+01,1.530971000587173947e+01,-1.410343747493348054e+01,-2.720050978693284272e+00,-6.811483677383847052e-03,4.811445347427524055e+00,-3.293161849353984039e+00
2.419078618777577105e+01,1.539470702350449294e+01,-1.428448114668912794e+01,-2.706702434713939454e+00,-2.435968343620631416e-02,4.672549637920489829e+00,-2.941178513653591509e+00
2.439071004056730629e+01,1.548349162320169903e+01,-1.446344513715231983e+01,-2.698434515300796921e+00,-4.278440648335370827e-02,4.545058964402590718e+00,-2.612555820974618026e+00
2.459063389335884153e+01,1.557574774405480333e+01,-1.464117968100929978e+01,-2.696581748400561196e+00,-6.182399544464454999e-02,4.428456083651744812e+00,-2.310981868766811775e+00
2.479055774615037677e+01,1.566926182784946064e+01,-1.481771722817490300e+01,-2.702286006410803854e+00,-8.101610349032238589e-02,4.322946513656723333e+00,-2.035136478617964872e+00
2.499048159894191201e+01,1.576228542283766032e+01,-1.499509942666301754e+01,-2.716649199449605145e+00,-1.001455937043741473e-01,4.227601425548665581e+00,-1.779334052280829637e+00
2.519040545173344725e+01,1.585202935254851475e+01,-1.517380433335802792e+01,-2.740166237767469148e+00,-1.192045338057241277e-01,4.142580639609334092e+00,-1.540125488549250354e+00
2.539032930452498249e+01,1.593611047069658859e+01,-1.535491949206967277e+01,-2.772864179767555726e+00,-1.380930260931891584e-01,4.067666166908643355e+00,-1.310928920222050431e+00
2.559025315731651773e+01,1.601247871014964375e+01,-1.554003913879579635e+01,-2.814157055428415877e+00,-1.569247311140891943e-01,4.002608188672329703e+00,-1.087065147951646882e+00
2.579017701010805297e+01,1.607828447851853682e+01,-1.572810788345131172e+01,-2.862578279090978839e+00,-1.756473771311270748e-01,3.948123420730238475e+00,-8.656229556622411225e-01
2.599010086289958821e+01,1.613214127278539678e+01,-1.592090478491103056e+01,-2.916643704292264161e+00,-1.941705585981933213e-01,3.903987876575524485e+00,-6.434872666905706584e-01
2.619002471569112345e+01,1.617234449040603650e+01,-1.611647670917553654e+01,-2.974582970216704148e+00,-2.123250330075307224e-01,3.870938154780576124e+00,-4.312088624615409982e-01
2.638994856848265869e+01,1.619873773625868196e+01,-1.631449102797976636e+01,-3.034588070886394817e+00,-2.291262785637629695e-01,3.848620642429830152e+00,-2.657474598297858703e-01
2.658987242127419393e+01,1.621189698930049872e+01,-1.651406813880958424e+01,-3.095655645699796565e+00,-2.420342098618123439e-01,3.834785039520081540e+00,-1.620197997535352541e-01
2.678979627406572916e+01,1.621250346470120007e+01,-1.671393130553589046e+01,3.127153056377327545e+00,-2.501896817609849388e-01,3.826331457239041889e+00,-8.907632096885835515e-02
2.698972012685726440e+01,1.620128386979388324e+01,-1.691361742891182374e+01,3.068256797065398445e+00,-2.557943992245145237e-01,3.821672631455033109e+00,-3.457814781214527122e-02
2.718964397964879964e+01,1.617887657414669533e+01,-1.711263037176593471e+01,3.010770071104391654e+00,-2.597721660487353201e-01,3.819860173111899737e+00,-3.474037731182111084e-03
2.738956783244033488e+01,1.614604075949839768e+01,-1.730930722629277341e+01,2.954817441148488655e+00,-2.619287201622538808e-01,3.819678821913234490e+00,0.000000000000000000e+00
2.758949168523187012e+01,1.610282345816766636e+01,-1.750536501580480575e+01,2.899487843119296748e+00,-2.621668319180573414e-01,3.819678821913234490e+00,0.000000000000000000e+00
2.778941553802340536e+01,1.604982970404740783e+01,-1.769857813961522552e+01,2.843798484202348043e+00,-2.605034199208010603e-01,3.819678821913234490e+00,2.426909171901811546e-02
2.798933939081494060e+01,1.598768524181860506e+01,-1.788715944219331178e+01,2.786747805013594981e+00,-2.571409359319848376e-01,3.820940184526013805e+00,7.084933334984380715e-02
2.818926324360647584e+01,1.591464506125377554e+01,-1.807506526277304815e+01,2.727506099606538115e+00,-2.524587350746064218e-01,3.824676543593537481e+00,1.319955871093227984e-01
2.838918709639801108e+01,1.583148574462081903e+01,-1.825785115505761880e+01,2.668594624153708850e+00,-2.472158157717640747e-01,3.831600672777765837e+00,1.955841355614530430e-01
2.858911094918954632e+01,1.573775603830980074e+01,-1.843406577980061556e+01,2.618835323920454705e+00,-2.439790584619465630e-01,3.841775326702160154e+00,2.240550918878908837e-01
2.878903480198108156e+01,1.563276653221059576e+01,-1.860281135016306564e+01,2.580521598641898340e+00,-2.439491876194602171e-01,3.853348594441460495e+00,2.027704020064422519e-01
2.898895865477261680e+01,1.551558469763953241e+01,-1.876421423561214041e+01,2.543748071420760759e+00,-2.445363764186987143e-01,3.863830057216032898e+00,1.742717569481161133e-01
2.918888250756415204e+01,1.538535788610295185e+01,-1.891814022466484957e+01,2.504326023722804884e+00,-2.450934222545770591e-01,3.872913301936870667e+00,-2.966330124103125701e-02
2.938880636035568727e+01,1.524858806649410603e+01,-1.906302387591531300e+01,2.463005149580157482e+00,-2.456317878478113670e-01,3.871386975109354811e+00,-1.427275010383900478e-01
2.958873021314722251e+01,1.511967976083479570e+01,-1.921153373029327227e+01,2.420760189526993233e+00,-2.460339509639668798e-01,3.864130100978415694e+00,-1.500627603294419632e-01
2.978865406593875775e+01,1.499930249117061187e+01,-1.937021407376138882e+01,2.378990080569852950e+00,-2.462301742612156286e-01,3.856387473425650914e+00,-1.613329109907328529e-01
2.998857791873029299e+01,1.487354947133723293e+01,-1.952324321129861318e+01,2.338369470448447451e+00,-2.461683662846251008e-01,3.848092243489559028e+00,-1.774272178026700952e-01
3.018850177152182823e+01,1.473543645817655090e+01,-1.966793638008754286e+01,2.299151877223025497e+00,-2.458896704559486446e-01,3.838858292231189129e+00,-1.992392242366114175e-01
3.038842562431336347e+01,1.458620268112615825e+01,-1.980223913619337139e+01,2.260110469091322294e+00,-2.459078933155470492e-01,3.828424102320231448e+00,-2.082708948926864090e-01
3.058834947710489871e+01,1.442704803490382126e+01,-1.992597884047656365e+01,2.211984994116518166e+00,-2.481825675473097181e-01,3.817441178919904310e+00,-1.502593624686600626e-01
3.078827332989643395e+01,1.426176647108389339e+01,-2.003778635108767858e+01,2.151727826892376072e+00,-2.532053047752957919e-01,3.809578666022108262e+00,-8.917627431182514885e-02
3.098819718268796919e+01,1.409059417288528593e+01,-2.013928826756897550e+01,2.090483706639250983e+00,-2.580452682599095326e-01,3.804917442049538412e+00,-4.223597786824041106e-02
3.118812103547950443e+01,1.391240075290324718e+01,-2.023195969718564768e+01,2.030769645684438629e+00,-2.615941495373376169e-01,3.802687275274452272e+00,-1.245585125186541783e-02
3.138804488827103967e+01,1.372980247562514045e+01,-2.031478221491164149e+01,1.972664373256339587e+00,-2.637446734296137185e-01,3.802030461093681701e+00,0.000000000000000000e+00
3.158796874106257491e+01,1.354429445164680601e+01,-2.038739039095279537e+01,1.915726735234498435e+00,-2.646063459224528569e-01,3.802030461093681701e+00,0.000000000000000000e+00
3.178789259385411015e+01,1.335367913334637180e+01,-2.045056680320395159e+01,1.859252781965681223e+00,-2.643590946126315178e-01,3.802030461093681701e+00,3.574125392838019537e-03
3.198781644664564539e+01,1.316107615185094204e+01,-2.050302933946273853e+01,1.802449240553192666e+00,-2.630632043250391572e-01,3.802218110836162790e+00,2.193140985611387664e-02
3.218774029943718062e+01,1.296553469213657017e+01,-2.054477321757573449e+01,1.744321894022654362e+00,-2.607043821150316631e-01,3.803371244662983042e+00,5.374613252603834684e-02
3.238766415222871586e+01,1.276739940212226365e+01,-2.057522494462992668e+01,1.685337554883829192e+00,-2.570482449462687669e-01,3.806202951626845632e+00,1.010955731294211624e-01
3.258758800502025110e+01,1.256888012911895203e+01,-2.059360735378892926e+01,1.626483021925382744e+00,-2.499201069575503753e-01,3.811494649424628456e+00,1.942877798439634207e-01
3.278751185781178634e+01,1.236864156616882582e+01,-2.059953815313179959e+01,1.568085997083257244e+00,-2.388167758005898256e-01,3.821692477925509035e+00,3.370013689146248992e-01
3.298743571060332158e+01,1.216929411140885087e+01,-2.059249907150119796e+01,1.511959986917833287e+00,-2.266990144521920936e-01,3.839241834421352362e+00,4.835068851748907659e-01
3.318735956339485682e+01,1.197046439204013168e+01,-2.057235878348892655e+01,1.458347818858213962e+00,-2.143977200373936021e-01,3.864328249725620612e+00,6.233918097995005958e-01
3.338728341618639206e+01,1.177314315079014406e+01,-2.053988566843063523e+01,1.408428124274284876e+00,-2.020180310070811003e-01,3.896454660450543450e+00,7.578897447475444471e-01
3.358720726897792730e+01,1.157831679478415055e+01,-2.049698249478743861e+01,1.362737786528863015e+00,-1.895868092653070214e-01,3.935066498588306594e+00,8.892959683672917448e-01
3.378713112176946254e+01,1.138452934691456164e+01,-2.044522974496263501e+01,1.321956306261067304e+00,-1.769873749908007776e-01,3.980137746608539473e+00,1.021255121728691595e+00
3.398705497456099778e+01,1.119398260985299487e+01,-2.038715902105388622e+01,1.286517283721473781e+00,-1.640930807510306844e-01,4.030925776444552966e+00,1.158756121311130594e+00
3.418697882735253302e+01,1.100349723679810410e+01,-2.032321038227959420e+01,1.256731386981550624e+00,-1.506806112530205133e-01,4.088279284245598610e+00,1.306520118897366523e+00
3.438690268014406826e+01,1.081632773141463133e+01,-2.025561936222024073e+01,1.232308959432115714e+00,-1.369057841330553471e-01,4.151387998565164494e+00,1.465562661248894782e+00
3.458682653293560350e+01,1.062865786222018549e+01,-2.018400000411079986e+01,1.212685180655997286e+00,-1.230272642545859746e-01,4.221705995221791241e+00,1.632309488860929303e+00
3.478675038572713873e+01,1.044365419757785318e+01,-2.011038600964733902e+01,1.196824428306252130e+00,-1.091360022375483380e-01,4.298002394424061734e+00,1.808949775033185992e+00
3.498667423851867397e+01,1.025806326160217097e+01,-2.003405093329487130e+01,1.184032898772727549e+00,-9.567915368465917947e-02,4.381649442502894232e+00,1.988070104520012649e+00
3.518659809131020921e+01,1.007446270750424588e+01,-1.995650820821506954e+01,1.173505281292505309e+00,-8.271561218314697761e-02,4.471164503682730995e+00,2.171406388004748056e+00
3.538652194410174445e+01,9.890319764271181313e+00,-1.987706428278635684e+01,1.164899911410429922e+00,-7.053092826185629327e-02,4.567522240981977788e+00,2.353565477336195588e+00
3.558644579689327969e+01,9.707715115134261552e+00,-1.979691371416668133e+01,1.157668228299016278e+00,-5.925606695717020728e-02,4.669149628351496162e+00,2.533160958092859349e+00
3.578636964968481493e+01,9.524607395926055986e+00,-1.971532260996801966e+01,1.151572823893259212e+00,-4.905381520319358063e-02,4.776669341124020640e+00,2.705760191922305768e+00
3.598629350247635017e+01,9.342791529365443992e+00,-1.963321242333720562e+01,1.146326822149621449e+00,-4.002894886218701098e-02,4.888369115194753256e+00,2.868462129315790587e+00
3.618621735526788541e+01,9.160533491969459874e+00,-1.954989602615915345e+01,1.141828927168905938e+00,-3.225368203853364729e-02,5.004580343632609285e+00,3.017179942897451284e+00
3.638614120805942065e+01,8.979379803741265320e+00,-1.946617061120236158e+01,1.137922918217296075e+00,-2.565186088024002178e-02,5.123482967217643846e+00,3.151636658349854958e+00
3.658606506085095589e+01,8.797853810501182537e+00,-1.938145736381772011e+01,1.134561328561799698e+00,-2.007791976736772802e-02,5.245259587256215994e+00,3.272601250311410581e+00
3.678598891364249113e+01,8.617205903259502975e+00,-1.929644482044681197e+01,1.131708196171331782e+00,-1.526968491495752679e-02,5.368380473158842037e+00,3.384935179623047130e+00
3.698591276643402637e+01,8.436324452967010501e+00,-1.921072673905871397e+01,1.129389086188423708e+00,-1.105024130205689223e-02,5.493140656999073279e+00,3.491563452041118953e+00
3.718583661922556161e+01,8.255947602178343558e+00,-1.912477063739668992e+01,1.127611341384910038e+00,-7.216048593597865386e-03,5.618709529045694318e+00,3.597190090799898599e+00
3.738576047201709684e+01,8.075502808965076440e+00,-1.903843118993380656e+01,1.126411825892811081e+00,-3.679211525543810667e-03,5.745349371421637485e+00,3.703552761793512893e+00
3.758568432480863208e+01,7.895236500422035064e+00,-1.895195577984157609e+01,1.125803762381849982e+00,-3.019707079510881983e-04,5.872816856154789988e+00,3.814585036978679788e+00
3.778560817760016732e+01,7.714993533533617054e+00,-1.886540663440788279e+01,1.125815751670138365e+00,2.976317526859347841e-03,6.001282992223023527e+00,3.717806741026965067e+00
3.798553203039170256e+01,7.534665590662293688e+00,-1.877887146809161578e+01,1.126462450126998416e+00,6.225644505086516678e-03,6.123939998885393088e+00,3.591521888447613886e+00
3.818545588318323780e+01,7.354371839665284405e+00,-1.869255214245235663e+01,1.127765779384414913e+00,9.471161756785513239e-03,6.240070112769115163e+00,-8.641621403986733396e-01
3.838537973597478015e+01,7.173797183907334230e+00,-1.860644624323362351e+01,1.129740582263114579e+00,1.274675761288748300e-02,6.212303724393478888e+00,-3.225820712552653902e+00
3.858530358876631539e+01,6.993191667756907925e+00,-1.852082475233688896e+01,1.132404079137367514e+00,1.606240736298776561e-02,6.107635041193225867e+00,-3.124958519354298581e+00
3.878522744155785063e+01,6.812171987827526642e+00,-1.843566147549286782e+01,1.135768943524030128e+00,1.941706667917532381e-02,6.004406360695802469e+00,-3.030791280647787023e+00
3.898515129434938586e+01,6.630995040671399998e+00,-1.835123504646892911e+01,1.139848762465060172e+00,2.279504143937211361e-02,5.902651359422194766e+00,-2.946269998249712696e+00
3.918507514714092110e+01,6.449320215711337845e+00,-1.826754753368038919e+01,1.144652076557244769e+00,2.610400749799986903e-02,5.801952038925186628e+00,-2.876178411859631190e+00
3.938499899993245634e+01,6.267323403403473492e+00,-1.818484230545035985e+01,1.150188668541995085e+00,2.918309901077739688e-02,5.701991616353274672e+00,-2.833669542626731541e+00
3.958492285272399158e+01,6.084775531087583289e+00,-1.810317922370704835e+01,1.156460805351740895e+00,3.159181420158979625e-02,5.601727023396476213e+00,-2.833669183126543700e+00
3.978484670551552682e+01,5.901731635845754553e+00,-1.802274766317385257e+01,1.163473561235273124e+00,3.277439740771462273e-02,5.499658362714644255e+00,-2.832991093435314855e+00
3.998477055830706206e+01,5.718092376967306656e+00,-1.794366852440239057e+01,1.171219918860968434e+00,3.222225533606679071e-02,5.395680967474182133e+00,-2.885417105643335312e+00
4.018469441109859730e+01,5.533805121181660347e+00,-1.786608313063308273e+01,1.179699150145474107e+00,2.948520105422456489e-02,5.287672104147894458e+00,-2.998609289026686220e+00
4.038461826389013254e+01,5.348866729235461470e+00,-1.779015195661384041e+01,1.188890536068662129e+00,2.454181108677107315e-02,5.173056751918442941e+00,-3.166125450544003073e+00
4.058454211668166778e+01,5.163179694319262047e+00,-1.771599374287051631e+01,1.198786495864112567e+00,1.735882321072166126e-02,5.049197622854912026e+00,-3.380693586163908915e+00
4.078446596947320302e+01,4.976759541869193448e+00,-1.764376924994207840e+01,1.209346891779549349e+00,7.937961878302262839e-03,4.913516646486542960e+00,-3.633010255548207557e+00
4.098438982226473826e+01,4.789563504877946798e+00,-1.757360956259750040e+01,1.220534536370463385e+00,-3.651984667095877282e-03,4.763410795896722227e+00,-3.454143870891232204e+00
4.118431367505627350e+01,4.601521088336995469e+00,-1.750562963228972535e+01,1.231987616430895383e+00,-1.740393700544621766e-02,4.616140078149014947e+00,-3.162362852655177914e+00
4.138423752784780874e+01,4.412758748936847830e+00,-1.744000420404040241e+01,1.243099777705440445e+00,-3.305783080728248030e-02,4.477140392757013032e+00,-2.878791123523209983e+00
4.158416138063934397e+01,4.223013444948581885e+00,-1.737676219121640031e+01,1.252122906618973630e+00,-5.008190408818063294e-02,4.346634200833856987e+00,-2.609550937317104857e+00
4.178408523343087921e+01,4.032680451342089967e+00,-1.731613689038219306e+01,1.256863427723562854e+00,-6.808976395034048446e-02,4.225007334667241210e+00,-2.367106400402970046e+00
4.198400908622241445e+01,3.841174268183383589e+00,-1.725798304826647467e+01,1.255302398775380190e+00,-8.624968417320183489e-02,4.111347235834043268e+00,-2.150305673339487633e+00
4.218393293901394969e+01,3.649528454708919512e+00,-1.720206952310859094e+01,1.245661679286287349e+00,-1.043773116110445348e-01,4.005573647033869200e+00,-1.958567345733544629e+00
4.238385679180548493e+01,3.456597869549662416e+00,-1.714686911637832978e+01,1.227870450802100333e+00,-1.223203621987378475e-01,3.906220751503393540e+00,-1.787291823692528148e+00
4.258378064459702017e+01,3.265774715788535509e+00,-1.709000608961478207e+01,1.201812935461659571e+00,-1.400794174713706763e-01,3.814027591593538880e+00,-1.634838377008660526e+00
4.278370449738855541e+01,3.074813341811899470e+00,-1.702626542281775457e+01,1.167508701964480533e+00,-1.576953687191049169e-01,3.726735865081437282e+00,-1.494915158822852197e+00
4.298362835018009065e+01,2.889919337180820058e+00,-1.695357348715482360e+01,1.125246385565431773e+00,-1.752659107739439615e-01,3.646171904025112376e+00,-1.365130098804658410e+00
4.318355220297162589e+01,2.708458822503323926e+00,-1.686748270128974880e+01,1.075062833759845127e+00,-1.929884178321649157e-01,3.570182742945366527e+00,-1.242949733493658337e+00
4.338347605576316113e+01,2.534824084249362564e+00,-1.676952089329918039e+01,1.018007690543542676e+00,-2.107691376926912608e-01,3.500086979511411123e+00,-1.128450682465796051e+00
4.358339990855469637e+01,2.368081727709508311e+00,-1.665947108262703225e+01,9.562094609428366532e-01,-2.285266629927167614e-01,3.435071211961332249e+00,-1.018309276561991661e+00
4.378332376134623161e+01,2.208984461969114133e+00,-1.653801335890591062e+01,8.912182023429080502e-01,-2.463724243764622568e-01,3.375213357096565669e+00,-9.057068723930886689e-01
4.398324761413776685e+01,2.059263539013509448e+00,-1.640698104978854133e+01,8.263525356217762408e-01,-2.646285639428269110e-01,3.321394731475094009e+00,-7.901764368523865878e-01
4.418317146692930208e+01,1.917116020130221976e+00,-1.626522330879938494e+01,7.623488645194207436e-01,-2.832470532791771523e-01,3.273286531139792732e+00,-6.919610085972085489e-01
4.438309531972083732e+01,1.784834139135659026e+00,-1.611547670037936442e+01,6.997953743561073914e-01,-3.001602300057034656e-01,3.230772110234331862e+00,-5.993731884425784751e-01
4.458301917251237256e+01,1.662156824122593246e+00,-1.595822331758956381e+01,6.386821591107061380e-01,-3.162749972341257210e-01,3.193556689794879944e+00,-5.034226788907192329e-01
4.478294302530390780e+01,1.548283837370368454e+00,-1.579288475341200382e+01,5.788055781454453097e-01,-3.322683189394704528e-01,3.161751375626695726e+00,-4.098497349177778748e-01
4.498286687809544304e+01,1.444732049269297658e+00,-1.562216361156544764e+01,5.197378134715768816e-01,-3.473151480233859223e-01,3.135761660846877685e+00,-3.230757968954632298e-01
4.518279073088697828e+01,1.351127196678886255e+00,-1.544609213249877477e+01,4.603278556879146777e-01,-3.608685640171600539e-01,3.115149151021985752e+00,-2.463273865231345172e-01
4.538271458367851352e+01,1.266866852436658863e+00,-1.526352370262509694e+01,4.003442165639918837e-01,-3.725807035987936944e-01,3.099208579573445199e+00,-1.791016118168441140e-01
4.558263843647004876e+01,1.193411693412631314e+00,-1.507741846264304009e+01,3.383642879970398809e-01,-3.824331933533202110e-01,3.087624585352304329e+00,-1.259672380795520963e-01
4.578256228926158400e+01,1.131082916489546175e+00,-1.488849057725352232e+01,2.717489416648930511e-01,-3.900573529194757971e-01,3.079497489270324184e+00,-8.589414911688689203e-02
4.598248614205311924e+01,1.079934770002842104e+00,-1.469550735826771692e+01,1.971911575325582255e-01,-3.957141211955376714e-01,3.073923857830258566e+00,-6.494018250217598043e-02
4.618240999484465448e+01,1.041020369681126212e+00,-1.449839264881056877e+01,1.131048356178403491e-01,-3.990337222581847310e-01,3.069676272847198462e+00,-3.706477328873452465e-02
4.638233384763618972e+01,1.016373708568273582e+00,-1.429963973933018551e+01,2.768665805142789260e-02,-4.026263404056890094e-01,3.067257098189137832e+00,-1.734174652670322087e-02
4.658225770042772496e+01,1.008412714596954141e+00,-1.410045504064891908e+01,-6.280538431191184934e-02,-4.050203831166165336e-01,3.066129835739284104e+00,-6.683335679849210231e-03
4.678218155321926019e+01,1.021222305539113195e+00,-1.390134785877744150e+01,-1.610585476944308425e-01,-4.062693674294403645e-01,3.065694907724668905e+00,-1.930655327947788588e-03
4.698210540601079543e+01,1.061820197223993567e+00,-1.370556729960298448e+01,-2.634852649485217579e-01,-4.068084710644547797e-01,3.065568987224371877e+00,-4.058772071034648203e-04
4.718202925880233067e+01,1.132378332847768343e+00,-1.352031000601920852e+01,-3.678618396333432905e-01,-4.069776898423690947e-01,3.065542740530533550e+00,0.000000000000000000e+00
4.738195311159386591e+01,1.213539833836946746e+00,-1.333792503181831002e+01,-4.717477042414943700e-01,-4.070208795149995451e-01,3.065542740530533550e+00,0.000000000000000000e+00
4.758187696438540115e+01,1.313446178400339726e+00,-1.316871877410238589e+01,-5.729408880684817573e-01,-4.068384856450733555e-01,3.065542740530533550e+00,1.714055930739528119e-03
4.778180081717693639e+01,1.436143585288605085e+00,-1.301079853875944892e+01,-6.684171737636755983e-01,-4.057884408572212664e-01,3.065654556581959067e+00,1.130371186691405024e-02
4.798172466996847163e+01,1.573576032287415494e+00,-1.286555894823057145e+01,-7.559012986467917861e-01,-4.032071059949104419e-01,3.066391745979122341e+00,3.374102143615306110e-02
4.818164852276000687e+01,1.721990612496959727e+00,-1.273149917530864172e+01,-8.331783184326528868e-01,-3.988783028173429890e-01,3.068591625575157966e+00,6.906036039623886236e-02
4.838157237555154211e+01,1.879728185915114702e+00,-1.260734036293703753e+01,-9.100968098291231101e-01,-3.944950340389856702e-01,3.073106070381586896e+00,9.939642557359161523e-02
4.858149622834307735e+01,2.045708619111396676e+00,-1.249255725081701307e+01,-9.807825499248468137e-01,-3.893603026715133364e-01,3.079626279283728785e+00,1.322687243451059758e-01
4.878142008113461259e+01,2.215267121564040043e+00,-1.238928832281241554e+01,-1.045653166008026158e+00,-3.824401029229284599e-01,3.088141334816780770e+00,1.778152497726755710e-01
4.898134393392614783e+01,2.391459300359002338e+00,-1.229507959748742607e+01,-1.106876524197214717e+00,-3.743993737296855695e-01,3.099624319717032339e+00,2.278940232851387748e-01
4.918126778671768307e+01,2.574007506297879555e+00,-1.221025678598948971e+01,-1.166963099381782998e+00,-3.653101017514273074e-01,3.114388822294688719e+00,2.817047197736569086e-01
4.938119163950921831e+01,2.759116412505967730e+00,-1.213666213472627220e+01,-1.227119431420767626e+00,-3.552151891218570667e-01,3.132355357313081790e+00,3.397528596411256707e-01
4.958111549230075354e+01,2.948976601989380608e+00,-1.207360751110085495e+01,-1.288370062283695550e+00,-3.440080512711178318e-01,3.153980011950159756e+00,4.029489782279061516e-01
4.978103934509228878e+01,3.142912718663187555e+00,-1.202187723552344600e+01,-1.350786828624021219e+00,-3.319548300735877810e-01,3.179519961359592806e+00,4.691533731532867568e-01
4.998096319788382402e+01,3.338250444175878240e+00,-1.198262124420128494e+01,-1.415023204535990287e+00,-3.190266240571190681e-01,3.208784573659916983e+00,5.402066683518571555e-01
5.018088705067535926e+01,3.536777489702741306e+00,-1.195600624678456469e+01,-1.481800906265997586e+00,-3.054549908890049070e-01,3.242330738620228026e+00,6.138406846862836108e-01
5.038081090346689450e+01,3.736075651586960422e+00,-1.194299208890970831e+01,-1.549692684192609304e+00,-2.883626602019089824e-01,3.279924444306128617e+00,7.228220804497774710e-01
5.058073475625842974e+01,3.935749604853283401e+00,-1.194409939077365657e+01,-1.619653620995256560e+00,-2.692966356585765331e-01,3.323637507837690741e+00,8.501968642724956338e-01
5.078065860904996498e+01,4.135484357098515140e+00,-1.195987130478935256e+01,-1.690236524461293577e+00,-2.481458939548828457e-01,3.374500142049168261e+00,9.993003691308408598e-01
5.098058246184150022e+01,4.332072357405497343e+00,-1.199031518240182770e+01,-1.760512570524054521e+00,-2.245198929847053437e-01,3.432904819405685259e+00,1.179069994899990537e+00
5.118050631463303546e+01,4.527629296844954965e+00,-1.203593292425934358e+01,-1.828545899749605574e+00,-1.982258106555376542e-01,3.501195049199679499e+00,1.395075309200281666e+00
5.138043016742457070e+01,4.716935691305584655e+00,-1.209533888157839954e+01,-1.892067487827804317e+00,-1.692483069014296682e-01,3.579379372752125921e+00,1.656598021431948231e+00
5.158035402021610594e+01,4.903451655818652277e+00,-1.216917392604853632e+01,-1.948449188097079343e+00,-1.380808656352517372e-01,3.671046084020801459e+00,1.964142257411144676e+00
5.178027787300764118e+01,5.082991241317379227e+00,-1.225470884105177305e+01,-1.995730945385096655e+00,-1.050797101430806513e-01,3.775951693810101872e+00,2.326793332461037700e+00
5.198020172579917642e+01,5.259127207954289673e+00,-1.235147876125511424e+01,-2.031521935138310475e+00,-7.057895636948183227e-02,3.897824398530773671e+00,2.752691442666079791e+00
5.218012557859071165e+01,5.429800000449647612e+00,-1.245503214898378808e+01,-2.054533091091315988e+00,-3.501956861174820856e-02,4.036344846460473867e+00,2.405999643028221280e-02
5.238004943138224689e+01,5.599598623605467118e+00,-1.256317394860461434e+01,-2.063108290404762180e+00,1.211329572762075970e-03,4.037544651850278221e+00,-3.253372711856858945e+00
5.257997328417378213e+01,5.768327895841927067e+00,-1.267107162888691008e+01,-2.057558968818065992e+00,3.811202872967756061e-02,3.872803327826934705e+00,-2.779762666871693266e+00
5.277989713696531737e+01,5.939178975598299104e+00,-1.277605102196240416e+01,-2.037858829485224454e+00,7.528480772918939856e-02,3.726093802167905089e+00,-2.367716987944769702e+00
5.297982098975685261e+01,6.113899204015483591e+00,-1.287472995771687501e+01,-2.004614164874124249e+00,1.126745483032031842e-01,3.596325879600676512e+00,-2.005123053221626872e+00
5.317974484254838785e+01,6.292688904329158284e+00,-1.296324173394996571e+01,-1.959564455161391994e+00,1.499875837874002915e-01,3.483319871529741096e+00,-1.682887960998966648e+00
5.337966869533992309e+01,6.477692997720622792e+00,-1.303974138667197735e+01,-1.903854903304327717e+00,1.869256620915827338e-01,3.385217888975244449e+00,-1.394442630356475421e+00
5.357959254813145833e+01,6.667124190903953362e+00,-1.310257451926315930e+01,-1.840483235375492077e+00,2.229236285948564544e-01,3.301983406050223113e+00,-1.131442745147545059e+00
5.377951640092299357e+01,6.860573302474959334e+00,-1.315110069638456736e+01,-1.770945638664470190e+00,2.577128106628333581e-01,3.232921072317904265e+00,-8.967929718666834971e-01
5.397944025371452881e+01,7.058028735173258461e+00,-1.318481990704631635e+01,-1.697231542203839760e+00,2.901369770199929143e-01,3.176869304592370380e+00,-6.931847719684864906e-01
5.417936410650606405e+01,7.255776953868344314e+00,-1.320298084364523028e+01,-1.621825847865161929e+00,3.190133174779800629e-01,3.133239976712844932e+00,-5.214941131802173224e-01
5.437928795929759929e+01,7.456854564472677360e+00,-1.320568399119106573e+01,-1.544849210688870933e+00,3.438482763897088290e-01,3.099589040725433620e+00,-3.761577091637129944e-01
5.457921181208913453e+01,7.655784484450629535e+00,-1.319280444095217142e+01,-1.467263548568480180e+00,3.646681765598228098e-01,3.075301746933323255e+00,-2.564443062035927090e-01
5.477913566488066976e+01,7.853797420871923229e+00,-1.316446102626236225e+01,-1.389211948103503680e+00,3.814643242068143092e-01,3.058575995688415539e+00,-1.604780023607208783e-01
5.497905951767220500e+01,8.049551443332756406e+00,-1.312077705674064987e+01,-1.309985974357608107e+00,3.944369790514030139e-01,3.048034332860553697e+00,-8.533100826473936917e-02
5.517898337046374024e+01,8.239598198591838951e+00,-1.306267790878900392e+01,-1.228823987316200128e+00,4.040003771137110622e-01,3.042465739267596891e+00,-3.448265273736620534e-02
5.537890722325527548e+01,8.426574907343693965e+00,-1.298916217010958718e+01,-1.144649516808647460e+00,4.101074516050661756e-01,3.040187815044236075e+00,-5.864492032481761000e-03
5.557883107604681072e+01,8.606865574266070240e+00,-1.290102705816098272e+01,-1.057094173958020189e+00,4.133089903836732470e-01,3.039800680384140641e+00,0.000000000000000000e+00
5.577875492883834596e+01,8.777870603524814186e+00,-1.279907178888981178e+01,-9.652721849561148870e-01,4.139436490062858853e-01,3.039800680384140641e+00,0.000000000000000000e+00
5.597867878162988120e+01,8.938885239054858545e+00,-1.268283919052063702e+01,-8.714158894757884077e-01,4.131162020092679077e-01,3.039800680384140641e+00,7.645931447892918842e-03
5.617860263442141644e+01,9.089993570421253111e+00,-1.255007755735345221e+01,-7.789656606511764503e-01,4.121709143778255480e-01,3.040306573490872299e+00,1.511296603663025116e-02
5.637852648721295168e+01,9.225497148619970389e+00,-1.240278112872489302e+01,-6.882388465735768124e-01,4.113269849475586493e-01,3.041301298365806538e+00,2.042546384619528185e-02
5.657845034000448692e+01,9.342371650064542621e+00,-1.224118252057437495e+01,-5.994416318519939502e-01,4.106237594194581120e-01,3.042640405117618574e+00,2.358458668659869223e-02
5.677837419279602216e+01,9.438896335894909839e+00,-1.206713297350558811e+01,-5.125824815263120282e-01,4.098205598440499142e-01,3.044182714247369415e+00,2.717303754346545724e-02
5.697829804558755740e+01,9.518839021985803228e+00,-1.188476852923537308e+01,-4.274669541659128491e-01,4.085923412420285339e-01,3.045959558357119512e+00,3.413352567129413623e-02
5.717822189837909264e+01,9.587286927252671731e+00,-1.169753866606758841e+01,-3.441782167252660507e-01,4.065150215190667660e-01,3.048192680756203643e+00,4.787436924688871775e-02
5.737814575117062788e+01,9.645457474472008741e+00,-1.150702108778018307e+01,-2.640496676362695805e-01,4.033066198157410631e-01,3.051319681156294372e+00,6.999282628913910953e-02
5.757806960396216311e+01,9.692086313171428102e+00,-1.131286214576968163e+01,-1.878767203578211031e-01,3.988335334249670794e-01,3.055896607539498433e+00,1.004914224768570785e-01
5.777799345675369835e+01,9.725347736777591123e+00,-1.111542861981757824e+01,-1.158014557059976468e-01,3.927924285983603880e-01,3.062473509015244844e+00,1.411003696222141168e-01
5.797791730954523359e+01,9.743968136867506402e+00,-1.091559642117717033e+01,-4.539588707785946475e-02,3.856638050263669348e-01,3.071706541158758963e+00,1.861150327426898954e-01
5.817784116233676883e+01,9.747279263556414719e+00,-1.071636282654162642e+01,2.623009635533546380e-02,3.782914659844803240e-01,3.083756159285524934e+00,2.276176141757276228e-01
5.837776501512830407e+01,9.735242764291477613e+00,-1.051736570892668610e+01,9.983230106796403547e-02,3.707625174103299504e-01,3.098436397769266826e+00,2.655655968429018743e-01
5.857768886791983931e+01,9.707775708203644882e+00,-1.031920621977366004e+01,1.746061320491703039e-01,3.631120910947658875e-01,3.115535757552779117e+00,3.004295911784181095e-01
5.877761272071137455e+01,9.665010014824026996e+00,-1.012327098670054504e+01,2.494461574406241500e-01,3.553302762764015132e-01,3.134814857935478205e+00,3.331465651259764571e-01
5.897753657350290979e+01,9.607563135970309531e+00,-9.931658585518798432e+00,3.237611272867928491e-01,3.473369545382332113e-01,3.156001990328532791e+00,3.654028640030171915e-01
5.917746042629444503e+01,9.536067695366655883e+00,-9.745297085641572821e+00,3.966169990783134924e-01,3.390972895761393269e-01,3.179028331581335021e+00,3.980078059436847893e-01
5.937738427908598027e+01,9.450855291831482319e+00,-9.564210489667583914e+00,4.679627489892301817e-01,3.309181670473058667e-01,3.203986689220238215e+00,4.279493954326843430e-01
5.957730813187751551e+01,9.352817973663746898e+00,-9.389599110669664128e+00,5.376325585375991700e-01,3.229737293580747237e-01,3.230623045863747933e+00,4.541473243039201857e-01
5.977723198466905075e+01,9.243162286123364879e+00,-9.222664862606498204e+00,6.052993284984493627e-01,3.152952795053143853e-01,3.258579054451564705e+00,4.770883245244980642e-01
5.997715583746058599e+01,9.122369053884542112e+00,-9.063221960849404013e+00,6.706519861865061216e-01,3.073011455907982414e-01,3.287735375115729219e+00,5.033192595927229451e-01
6.017707969025212122e+01,8.991581497743972307e+00,-8.911975038566199103e+00,7.336240865043297532e-01,2.982795246825761803e-01,3.318204909397513003e+00,5.407981194215738530e-01
6.037700354304365646e+01,8.851663792475825687e+00,-8.769108597903283453e+00,7.942465724536598159e-01,2.880516664557143391e-01,3.350637257949360404e+00,5.911101826879809895e-01
6.057692739583519170e+01,8.703456351711542638e+00,-8.634717331284958775e+00,8.524537330851362782e-01,2.768594120438594985e-01,3.385748409524043545e+00,6.512796357853566365e-01
6.077685124862672694e+01,8.548076600942739134e+00,-8.509076672438922628e+00,9.081974754068649069e-01,2.650250575193401903e-01,3.423970067275471596e+00,7.179599156688151185e-01
6.097677510141826218e+01,8.386117205354075566e+00,-8.391987100575844849e+00,9.613518891973251712e-01,2.527571110868545023e-01,3.465622951521033279e+00,7.892499897463822744e-01
6.117669895420979742e+01,8.218103602050581102e+00,-8.283272923291384870e+00,1.011694515339307543e+00,2.404012989389596455e-01,3.510901481244981692e+00,8.617104063944858172e-01
6.137662280700133266e+01,8.045157949365311367e+00,-8.183171969596877204e+00,1.059119030659935401e+00,2.280477305031416435e-01,3.559608597381014761e+00,9.354497681296687350e-01
6.157654665979286790e+01,7.867817280567753535e+00,-8.091500915571424812e+00,1.103526326116516465e+00,2.157888996164007422e-01,3.611690250767177979e+00,1.010183461121952453e+00
6.177647051258440314e+01,7.686125966910744012e+00,-8.007744333137827297e+00,1.144899485207730994e+00,2.037681155338424144e-01,3.667221794697109960e+00,1.084621300815429734e+00
6.197639436537593838e+01,7.501353632261240634e+00,-7.931603681498543779e+00,1.183340692797438365e+00,1.920861989685783699e-01,3.725859499887655080e+00,1.158453812939918448e+00
6.217631821816747362e+01,7.313989307672428275e+00,-7.862307277389138704e+00,1.218893932022704796e+00,1.807660678723853886e-01,3.787462707058391054e+00,1.231933576756609083e+00
6.237624207095900886e+01,7.124321605581219963e+00,-7.799097348358432491e+00,1.251600280284936861e+00,1.698087415134351130e-01,3.851942139916884056e+00,1.305469887433755360e+00
6.257616592375054410e+01,6.933099951501646707e+00,-7.741508395456086156e+00,1.281622138797321675e+00,1.592271459719705740e-01,3.919040286982494514e+00,1.379449886419769733e+00
6.277608977654207933e+01,6.740380090434676674e+00,-7.688989599585891455e+00,1.309142769151918628e+00,1.490205034302826692e-01,3.988729224776181415e+00,1.454089627768391013e+00
6.297601362933361457e+01,6.546091162860517620e+00,-7.641102394209607240e+00,1.334404636665633248e+00,1.391983074602826664e-01,4.061021717942638887e+00,1.529355796001997225e+00
6.317593748212514981e+01,6.351062205519396819e+00,-7.597721691701629254e+00,1.357856077077641999e+00,1.298124299724105202e-01,4.135579007689279329e+00,1.604816228007747370e+00
6.337586133491668505e+01,6.155334766038635941e+00,-7.558590321287363523e+00,1.379806367040306014e+00,1.208732745948142284e-01,4.212322288029196393e+00,1.680265826338093849e+00
6.357578518770822029e+01,5.958343197640392219e+00,-7.523406297791122022e+00,1.400459522556732672e+00,1.124034122172774264e-01,4.291402047422136157e+00,1.754963975891439487e+00
6.377570904049975553e+01,5.760662110878050690e+00,-7.492118786661164265e+00,1.420061463170378513e+00,1.044383483359294790e-01,4.372483808786091330e+00,1.828283462637315226e+00
6.397563289329129077e+01,5.563058296455235308e+00,-7.464676743249551549e+00,1.438704245504098367e+00,9.697280810870335943e-02,4.455120707944223213e+00,1.900273956723564250e+00
6.417555674608283311e+01,5.364366321147368666e+00,-7.440763294454696641e+00,1.456413061364799866e+00,9.002775305286327134e-02,4.539679326488853306e+00,1.969646091120207165e+00
6.437548059887436125e+01,5.165244824229826115e+00,-7.420316496514093529e+00,1.473222929274617066e+00,8.362586951793841983e-02,4.625711915935174723e+00,2.035639647510012917e+00
6.457540445166590359e+01,4.966372685541565524e+00,-7.403224282991957672e+00,1.489119822919468206e+00,7.775301608726184477e-02,4.712733772304256163e+00,2.098116428555359292e+00
6.477532830445743173e+01,4.766690880845313671e+00,-7.389211963406316919e+00,1.504052539221190976e+00,7.239770080340132696e-02,4.801024003438431720e+00,2.156245196826871879e+00
6.497525215724897407e+01,4.567013733296410471e+00,-7.378150801231746492e+00,1.517933127787734371e+00,6.752781206242261525e-02,4.890016100027462898e+00,2.210257572352272160e+00
6.517517601004050221e+01,4.367358782165259079e+00,-7.369824448249190141e+00,1.530746538145621116e+00,6.305921215547087566e-02,4.979518284914451698e+00,2.261408850901432732e+00
6.537509986283204455e+01,4.167288195300295151e+00,-7.363991908157728083e+00,1.542428045790425362e+00,5.893708534777635649e-02,5.069602506436436506e+00,2.310265656448313720e+00
6.557502371562357268e+01,3.967457104800085510e+00,-7.360435124488561520e+00,1.552968790864380999e+00,5.511433918241233354e-02,5.159878063351548860e+00,2.357617004969815966e+00
6.577494756841511503e+01,3.767486268909221003e+00,-7.358888788191192631e+00,1.562493824777800633e+00,5.151550803391354710e-02,5.250455133213140613e+00,2.404857611747676316e+00
6.597487142120664316e+01,3.567469272431127436e+00,-7.359085146007074307e+00,1.571084241059562459e+00,4.809199859304767039e-02,5.341283025863390321e+00,2.452968734743967705e+00
6.617479527399818551e+01,3.367552019283408526e+00,-7.360748518269018881e+00,1.578867836992571938e+00,4.481078355963354770e-02,5.432321773726939362e+00,2.502628406434585173e+00
6.637471912678971364e+01,3.167594099017897236e+00,-7.363631372615144777e+00,1.585976400826305976e+00,4.163139803318195026e-02,5.523682160236996985e+00,2.554781724916502128e+00
6.657464297958125599e+01,2.967730084621790887e+00,-7.367589634984878622e+00,1.592515789643874413e+00,3.852423768132479109e-02,5.615379125786900794e+00,2.610235140768859097e+00
6.677456683237278412e+01,2.767761906399400118e+00,-7.372615470221585809e+00,1.598623314709215038e+00,3.547010053478821812e-02,5.707603728212135685e+00,2.669499745814176261e+00
6.697449068516432646e+01,2.567985830940783032e+00,-7.378726349896203907e+00,1.604413043827678464e+00,3.245551015074091966e-02,5.800331331853175065e+00,2.733071893851930056e+00
6.717441453795585460e+01,2.368160809308163195e+00,-7.385961345511530496e+00,1.609996890040052975e+00,2.945167108178470619e-02,5.893796023552312136e+00,2.801942262258259042e+00
6.737433839074739694e+01,2.168362028459065005e+00,-7.394338086326466275e+00,1.615464950540926203e+00,2.644235388623650262e-02,5.988110259481220332e+00,2.876844234764498243e+00
6.757426224353892508e+01,1.968806351945481037e+00,-7.403851572498310496e+00,1.620832943224879585e+00,2.340263646396172417e-02,6.083333765067998833e+00,2.958939809595930726e+00
6.777418609633046742e+01,1.769078722462347653e+00,-7.414512808899965002e+00,1.626045040063444524e+00,2.027081894801391684e-02,6.179854080403099914e+00,3.050845333742522758e+00
6.797410994912199556e+01,1.569545982957961883e+00,-7.426274079494890934e+00,1.630998998447442005e+00,1.700942424310676604e-02,6.277754112403252762e+00,3.154655244896913846e+00
6.817403380191353790e+01,1.370100918954243019e+00,-7.439089859200711530e+00,1.635587951281790353e+00,1.356261227741535798e-02,6.377393882432450312e+00,-7.884303045402032417e-01
6.837395765470506603e+01,1.170672884951565296e+00,-7.452890468681708569e+00,1.639685119112450629e+00,9.882848283113995422e-03,6.352631774061396897e+00,-3.425504730210083171e+00
6.857388150749660838e+01,9.713566866401349698e-01,-7.467564853631603050e+00,1.643158103381614055e+00,5.937255215587805210e-03,6.243934452366793231e+00,-3.593124160829895608e+00
6.877380536028813651e+01,7.719980184253442124e-01,-7.482991184237325122e+00,1.645878922377550069e+00,1.669078570003567838e-03,6.127788662259366248e+00,-3.719221835595963643e+00
6.897372921307967886e+01,5.728961498472724401e-01,-7.498981396594480486e+00,1.647705740460752466e+00,-2.933066594263122884e-03,6.005332405638427851e+00,-3.550495578583656275e+00
6.917365306587120699e+01,3.736017289738615688e-01,-7.515373207535781752e+00,1.648508369222009939e+00,-7.923565994032231996e-03,5.885919692244892865e+00,-3.381725357800477116e+00
6.937357691866274934e+01,1.744048649262338047e-01,-7.531917090795571035e+00,1.648157191106697894e+00,-1.331468801134467680e-02,5.769935344926321541e+00,-3.213336380392904701e+00
6.957350077145427747e+01,-2.462824286876839908e-02,-7.548352342305559404e+00,1.646543695811478969e+00,-1.910930491303899567e-02,5.657621378839209569e+00,-3.045937740172379726e+00
6.977342462424581981e+01,-2.242336847535329192e-01,-7.564457750539002490e+00,1.643546229244332579e+00,-2.530346626067772262e-02,5.548761703441065229e+00,-2.880936441448692431e+00
6.997334847703734795e+01,-4.231929962799129696e-01,-7.579837364014942125e+00,1.639096033628515414e+00,-3.185211671489882740e-02,5.444167363648357849e+00,-2.718868211044428218e+00
7.017327232982889029e+01,-6.225800762015344381e-01,-7.594257656202831441e+00,1.633097631000945071e+00,-3.874107582365787783e-02,5.343398921318461170e+00,-2.560802488232393870e+00
7.037319618262041843e+01,-8.223435300446900742e-01,-7.607380256014088182e+00,1.625492742932593160e+00,-4.592639957479410784e-02,5.246579591881836535e+00,-2.407274418701689456e+00
7.057312003541196077e+01,-1.021516457689237711e+00,-7.618809124737206950e+00,1.616255768398013437e+00,-5.336598133288388696e-02,5.154230516402710016e+00,-2.258746412066654052e+00
7.077304388820348890e+01,-1.221628451665363047e+00,-7.628283728545736331e+00,1.605297087075753026e+00,-6.103616413881399194e-02,5.065676167792823037e+00,-2.116006538782617241e+00
7.097296774099503125e+01,-1.421097838633559318e+00,-7.635382764730448635e+00,1.592685244347293860e+00,-6.886553226177603848e-02,4.981604514499387903e+00,-1.978891918500510272e+00
7.117289159378655938e+01,-1.621020131799476127e+00,-7.639801780398355113e+00,1.578314693212554687e+00,-7.684131576413813502e-02,4.901524359911133999e+00,-1.848141689501905827e+00
7.137281544657810173e+01,-1.821145005323320243e+00,-7.641175494706607729e+00,1.562226476022020361e+00,-8.489761108946917989e-02,4.825474627443327336e+00,-1.723356317770542656e+00
7.157273929936962986e+01,-2.020780487066786701e+00,-7.639158869705434007e+00,1.544424825977220195e+00,-9.300508284530487058e-02,4.753639041519510222e+00,-1.605134673007584167e+00
7.177266315216117221e+01,-2.221178214454646582e+00,-7.633381203808005999e+00,1.524869710787138288e+00,-1.011167571917762770e-01,4.685454741502646847e+00,-1.492999295342995136e+00
7.197258700495270034e+01,-2.420373085738151797e+00,-7.623560457491625364e+00,1.503639040583277353e+00,-1.091864495612525493e-01,4.621468173801326351e+00,-1.387017103891739822e+00
7.217251085774424268e+01,-2.620071363910195128e+00,-7.609275810592202482e+00,1.480682648482696706e+00,-1.171961636370092985e-01,4.560984848111320211e+00,-1.287544868478601945e+00
7.237243471053577082e+01,-2.818945644789534022e+00,-7.590269254945199329e+00,1.456049464155723339e+00,-1.250709211331206550e-01,4.504234695784914422e+00,-1.193369861515167996e+00
7.257235856332731316e+01,-3.017498399739387605e+00,-7.566159879675690370e+00,1.429775451460188140e+00,-1.328384532760829573e-01,4.450927504218075370e+00,-1.105677513577125959e+00
7.277228241611884130e+01,-3.215298250096645383e+00,-7.536656790709528764e+00,1.401827220492585457e+00,-1.403991494941678186e-01,4.400967065001287537e+00,-1.023005859824986263e+00
7.297220626891038364e+01,-3.412072174135786007e+00,-7.501472955292319611e+00,1.372348489774471769e+00,-1.477882092709076056e-01,4.354253583320311982e+00,-9.460373584164434302e-01
7.317213012170191178e+01,-3.607853662953262042e+00,-7.460274691018137894e+00,1.341260131199261352e+00,-1.549413913146980570e-01,4.310565899753163954e+00,-8.745165800258981603e-01
7.337205397449345412e+01,-3.802009659411734521e+00,-7.412874609087047872e+00,1.308696041070616989e+00,-1.618350886812411626e-01,4.269826656379459351e+00,-8.073283731563718479e-01
7.357197782728498225e+01,-3.994629358335130664e+00,-7.358944979380922291e+00,1.274665005978893539e+00,-1.685055089955325158e-01,4.231837062277447714e+00,-7.457844095586302346e-01
7.377190168007652460e+01,-4.185131474635642057e+00,-7.298339145072660905e+00,1.239233195653010711e+00,-1.748534502986522909e-01,4.196458622296510121e+00,-6.879843836374712751e-01
7.397182553286805273e+01,-4.373344623839499512e+00,-7.230828429128547619e+00,1.202516520250230592e+00,-1.809628758024326434e-01,4.163548190180979880e+00,-6.344195281396920461e-01
7.417174938565959508e+01,-4.558888059423529704e+00,-7.156263177999441005e+00,1.164491459666982642e+00,-1.867867260490141679e-01,4.132966131632113793e+00,-5.860216172344548946e-01
7.437167323845112321e+01,-4.741379946423954550e+00,-7.074534498510732128e+00,1.125399534430198578e+00,-1.922578888153830545e-01,4.104515879924087507e+00,-5.388051961993177708e-01
7.457159709124266556e+01,-4.920419088475818548e+00,-6.985574160483514206e+00,1.085104260841556645e+00,-1.975872674502976434e-01,4.078187364417989791e+00,-4.956192233405200542e-01
7.477152094403419369e+01,-5.095752046923637479e+00,-6.889268585535658573e+00,1.043914309165177912e+00,-2.025993530847626789e-01,4.053803624790747406e+00,-4.547600312452493299e-01
7.497144479682573603e+01,-5.266643689348386559e+00,-6.785820692241012253e+00,1.001757480455263138e+00,-2.073785172362699047e-01,4.031331665713680401e+00,-4.152111567631108224e-01
7.517136864961726417e+01,-5.433317568181179169e+00,-6.674877846140819138e+00,9.587850950422476259e-01,-2.119807935781838071e-01,4.010656668565385274e+00,-3.759686628525770735e-01
7.537129250240880651e+01,-5.594393832839305247e+00,-6.557207805880737261e+00,9.151325871017501612e-01,-2.164387175993027768e-01,3.991913242957933594e+00,-3.377924741602272296e-01
7.557121635520033465e+01,-5.750880304329805348e+00,-6.431877631731373945e+00,8.706594144775090527e-01,-2.207103948625649403e-01,3.974911857687663197e+00,-3.028124364647420408e-01
7.577114020799187699e+01,-5.900972837237721258e+00,-6.300172016650590123e+00,8.257222016351426497e-01,-2.246437787143870934e-01,3.959670442805247603e+00,-2.714575752386274021e-01
7.597106406078340513e+01,-6.045276957961826625e+00,-6.161438185414086277e+00,7.800631337301089374e-01,-2.282255265423989710e-01,3.945923338434618177e+00,-2.480435631692800291e-01
7.617098791357494747e+01,-6.182985462368284502e+00,-6.016281968386353540e+00,7.338202100419781715e-01,-2.312031891465197997e-01,3.933325750463533943e+00,-2.366816126350147209e-01
7.637091176636647560e+01,-6.313418863721182994e+00,-5.865353578720136518e+00,6.873107069249635437e-01,-2.333618977251108173e-01,3.921303990524796834e+00,-2.364399045251857900e-01
7.657083561915801795e+01,-6.437392731509106625e+00,-5.707489806863184079e+00,6.397272960358879601e-01,-2.346583542970777647e-01,3.909182296590259398e+00,-2.373532369132717035e-01
7.677075947194956029e+01,-6.552858437255492774e+00,-5.545178991971920546e+00,5.917383556570152692e-01,-2.350551585957769141e-01,3.897069268175374912e+00,-2.522840029616963964e-01
7.697068332474108843e+01,-6.661160327778946844e+00,-5.376344527087336900e+00,5.431502467330542316e-01,-2.347868324152403430e-01,3.884062314765129198e+00,-2.796914308176216002e-01
7.717060717753263077e+01,-6.760952149553989265e+00,-5.202706830142743044e+00,4.936597918001055518e-01,-2.344020019790892528e-01,3.869613924174859498e+00,-3.121041908648994889e-01
7.737053103032415891e+01,-6.851239861466839720e+00,-5.026009136909447506e+00,4.432707947563834239e-01,-2.343999813225627060e-01,3.853576399864315327e+00,-3.417939777459140238e-01
7.757045488311570125e+01,-6.933771742293483697e+00,-4.842226248925892484e+00,3.921595561375894601e-01,-2.350598194749361214e-01,3.835665893282438788e+00,-3.653971476015723252e-01
7.777037873590722938e+01,-7.006274812762615767e+00,-4.655564021311747958e+00,3.410002007284238523e-01,-2.365463942637036632e-01,3.816541935536428287e+00,-3.790609346530077750e-01
7.797030258869877173e+01,-7.068443721496267429e+00,-4.466667595980744920e+00,2.899619888155635650e-01,-2.387490709916230691e-01,3.796739299507784438e+00,-3.771120388727228767e-01
7.817022644149029986e+01,-7.120612934760824686e+00,-4.273798595921503463e+00,2.400308126297365785e-01,-2.417105006814348200e-01,3.776841969950151867e+00,-3.572642099128888193e-01
7.837015029428184221e+01,-7.162365171078029391e+00,-4.077279139441501776e+00,1.923073406712281219e-01,-2.455732684573167790e-01,3.757789556683451604e+00,-3.249144108885317350e-01
7.857007414707337034e+01,-7.193415634103647704e+00,-3.879500156778041386e+00,1.468282152256987771e-01,-2.501689802962472897e-01,3.740439228280317163e+00,-2.786915016409465262e-01
7.876999799986491269e+01,-7.214453197114825578e+00,-3.680810361504119221e+00,1.040516506653130779e-01,-2.555065617159217872e-01,3.725522816192735842e+00,-2.261721001708001111e-01
7.896992185265644082e+01,-7.226515400672723466e+00,-3.481541305199078007e+00,6.296771803175582605e-02,-2.609885596400925989e-01,3.713383506045435212e+00,-1.730812178707236693e-01
7.916984570544798316e+01,-7.231017239243748840e+00,-3.282109006846167798e+00,2.153406828807247209e-02,-2.661716662812175782e-01,3.704073906703940544e+00,-1.269538432920787052e-01
7.936976955823951130e+01,-7.229599724540342720e+00,-3.082848052903568004e+00,-2.211036010366251858e-02,-2.705313046607032423e-01,3.697237933687283373e+00,-9.483645894028219780e-02
7.956969341103105364e+01,-7.223429467072640442e+00,-2.883657213319371415e+00,-6.922188044073385171e-02,-2.736375235954905949e-01,3.692122574948249358e+00,-7.484438738397583557e-02
7.976961726382258178e+01,-7.212125873276157506e+00,-2.684354305872113766e+00,-1.201031284677602784e-01,-2.757084663275732872e-01,3.688073719017127328e+00,-6.455781501144561285e-02
7.996954111661412412e+01,-7.193338449090906472e+00,-2.485817385512063105e+00,-1.745695487307954430e-01,-2.769890746975794960e-01,3.684581254300370201e+00,-6.027509896623519520e-02
8.016946496940565225e+01,-7.163372173829046119e+00,-2.288450128113246773e+00,-2.326536810860908577e-01,-2.777969622562791452e-01,3.681314124282693445e+00,-5.499582854011041827e-02
8.036938882219719460e+01,-7.118500577780936922e+00,-2.093709226537192603e+00,-2.946083725269752485e-01,-2.786384614753531497e-01,3.678327411875502939e+00,-4.704691244703174818e-02
8.056931267498872273e+01,-7.056432504120821569e+00,-1.903762621269609046e+00,-3.605676317592205748e-01,-2.796145414411527197e-01,3.675770633402669407e+00,-3.359514246267689824e-02
8.076923652778026508e+01,-6.977834527004767473e+00,-1.720163250207883632e+00,-4.298987689782900468e-01,-2.808891058238721650e-01,3.673944854359792789e+00,-1.735492846511643705e-02
8.096916038057179321e+01,-6.884731617224391975e+00,-1.543604179346969696e+00,-5.004065208221595284e-01,-2.822371409915876428e-01,3.673001852711816007e+00,-4.062551284681365470e-03
8.116908423336333556e+01,-6.778975260457559493e+00,-1.374310298287229282e+00,-5.706215087375701156e-01,-2.832564753302559413e-01,3.672781064071501067e+00,0.000000000000000000e+00
8.136900808615486369e+01,-6.661990364092108763e+00,-1.212256834998189481e+00,-6.384424198133846762e-01,-2.835576432957597759e-01,3.672781064071501067e+00,0.000000000000000000e+00
8.156893193894640604e+01,-6.534816290845619768e+00,-1.057344335909033761e+00,-7.019738035733126269e-01,-2.827590902716338728e-01,3.672781064071501067e+00,1.077193787400745374e-02
8.176885579173793417e+01,-6.398469954296586160e+00,-9.097445557745492684e-01,-7.614137759806502981e-01,-2.808496643298372120e-01,3.673370349505112209e+00,3.531300425514340841e-02
8.196877964452947651e+01,-6.255907464730295686e+00,-7.715182277798686705e-01,-8.175724710784854077e-01,-2.779250234958093313e-01,3.675278768543068786e+00,7.087937881029358900e-02
8.216870349732100465e+01,-6.105448748667360981e+00,-6.401983115760175869e-01,-8.707339671314637819e-01,-2.738659622158671758e-01,3.679128183815542297e+00,1.179546644601223299e-01
8.236862735011254699e+01,-5.947556243190980751e+00,-5.158842279969250155e-01,-9.218221544099390874e-01,-2.686917457606304294e-01,3.685565358406918346e+00,1.752546871894647140e-01
8.256855120290407513e+01,-5.785010418699252810e+00,-4.003098448876267756e-01,-9.712041132033741864e-01,-2.623089796750564529e-01,3.695037157453938015e+00,2.436169140467957794e-01
8.276847505569561747e+01,-5.617016246543689917e+00,-2.924509444021667348e-01,-1.019076994204242581e+00,-2.548262934330429164e-01,3.708176140769849471e+00,3.209931401603772216e-01
8.296839890848714560e+01,-5.443034658563395745e+00,-1.918166757565485103e-01,-1.065551014526363138e+00,-2.467950512027130006e-01,3.725533908589868215e+00,3.995826906209379858e-01
8.316832276127868795e+01,-5.266269042375310683e+00,-1.000141637164689429e-01,-1.111060449235431902e+00,-2.384917665630327810e-01,3.746836384907259898e+00,4.768658669133850614e-01
8.336824661407021608e+01,-5.084739531329898199e+00,-1.577486465333941337e-02,-1.155909090827185182e+00,-2.304263966570554434e-01,3.772220376584572765e+00,5.461138152821067848e-01
8.356817046686175843e+01,-4.899465674216657796e+00,6.048048900132328015e-02,-1.199827615219424937e+00,-2.229874090268138265e-01,3.801115301245894251e+00,6.031714304526556436e-01
8.376809431965328656e+01,-4.711829261947677594e+00,1.283378215139528711e-01,-1.243074067428369567e+00,-2.161106592433681695e-01,3.832646419893251277e+00,6.505119333498046164e-01
8.396801817244482891e+01,-4.520564806015695325e+00,1.883568583740254931e-01,-1.285846378419998493e+00,-2.095424681640221387e-01,3.866520704795962882e+00,6.923437971479581288e-01
8.416794202523635704e+01,-4.327750521989970345e+00,2.399753779191893532e-01,-1.327700447379234427e+00,-2.030627909197986192e-01,3.902098379238033043e+00,7.330904545777388037e-01
8.436786587802789938e+01,-4.132480345290331591e+00,2.835733483250476583e-01,-1.368966153041953016e+00,-1.964246086554561899e-01,3.939507884781160207e+00,7.765446061960380453e-01
8.456778973081942752e+01,-3.935666508344483727e+00,3.190442938263703399e-01,-1.409404068528296472e+00,-1.897632223089340819e-01,3.978733018407532906e+00,8.209881437379592528e-01
8.476771358361096986e+01,-3.737719474611161274e+00,3.464758948331311816e-01,-1.448815856492694731e+00,-1.828147639260984114e-01,4.019757069726582088e+00,8.709973446341469083e-01
8.496763743640249800e+01,-3.538507508838481641e+00,3.660598089022812363e-01,-1.487210870548771435e+00,-1.747315495999520185e-01,4.062898710026895621e+00,9.406808125388136377e-01
8.516756128919404034e+01,-3.339173390919134565e+00,3.779064849888141842e-01,-1.524225365344389127e+00,-1.644898091486421965e-01,4.108871767592945368e+00,1.047946975567590755e+00
8.536748514198556848e+01,-3.139141130507845823e+00,3.823259367726215552e-01,-1.559797079904365891e+00,-1.511848242522838837e-01,4.159588431362717387e+00,1.209173574605702406e+00
8.556740899477711082e+01,-2.939375350255749364e+00,3.795994624943840878e-01,-1.593583842306164344e+00,-1.352714741852567293e-01,4.217264980653516737e+00,1.419153014878818730e+00
8.576733284756863895e+01,-2.739648962546282096e+00,3.701055996358577627e-01,-1.625527288485705713e+00,-1.175613761819191833e-01,4.284022479871314459e+00,1.667413860780062818e+00
8.596725670036018130e+01,-2.540345043128005020e+00,3.542609754126604393e-01,-1.655423222254463811e+00,-9.840637665050967764e-02,4.361145478457537195e+00,1.953351074110228902e+00
8.616718055315170943e+01,-2.341692578696522808e+00,3.325349315788236337e-01,-1.682675877517226137e+00,-7.847291990966037689e-02,4.449752069803572851e+00,2.271213155342652446e+00
8.636710440594325178e+01,-2.143448374874115103e+00,3.054520843694568111e-01,-1.707221445319305975e+00,-5.849365468542645080e-02,4.550732638784924511e+00,2.613645104525069929e+00
8.656702825873477991e+01,-1.946271501312428098e+00,2.737030758494227722e-01,-1.729968003646148444e+00,-3.867112400405375155e-02,4.664026603738014032e+00,2.983781464696043884e+00
8.676695211152632226e+01,-1.749383569687617657e+00,2.375435687304012777e-01,-1.750057633229853860e+00,-1.914419379384375147e-02,4.790379515603483185e+00,3.385684096733188042e+00
8.696687596431785039e+01,-1.553677356142184607e+00,1.976876587758456261e-01,-1.764211106531516027e+00,-7.560097316041750060e-04,4.929516835043715517e+00,3.806628860533085579e+00
8.716679981710939273e+01,-1.358183986126077603e+00,1.553449009505867839e-01,-1.768769177034249296e+00,1.528111930027034951e-02,5.081632501322050466e+00,3.430395826258212821e+00
8.736672366990092087e+01,-1.163390211089595949e+00,1.110991175907898032e-01,-1.760418141789739765e+00,2.809042778977562799e-02,5.214735900042546390e+00,3.061123780364303659e+00
8.756664752269246321e+01,-9.690080671482470542e-01,6.329703563038788228e-02,-1.740707501057569440e+00,3.789154467061894155e-02,5.330945754689510707e+00,2.748160849824039520e+00
8.776657137548399135e+01,-7.750862939239423488e-01,1.411411840607063040e-02,-1.713140532743655742e+00,4.548073009329327981e-02,5.433100876693811365e+00,2.482473196678622873e+00
8.796649522827553369e+01,-5.792489579148238921e-01,-2.984569764051960006e-02,-1.679322017604495842e+00,5.114011969521055356e-02,5.524047636589770605e+00,2.264454016310668560e+00
8.816641908106706182e+01,-3.821849293919027390e-01,-6.054318739092449941e-02,-1.641472617142051948e+00,5.509985893742735952e-02,5.605207452796984846e+00,2.093853314505475627e+00
8.836634293385860417e+01,-1.829347991769183224e-01,-7.082476361260864328e-02,-1.602851689213314890e+00,5.807917495511723260e-02,5.679248350023319070e+00,0.000000000000000000e+00
