-0.0014979878056175372,0.010382287812568995,0.9,0.9,0.00984773317642998,-0.999951509899998
0.2989759300398644,0.013341418270519644,0.9,0.9,0.010083622151605333,-0.9999491589897477
0.599452418792138,0.016442352744377622,0.9,0.9,0.010465043153635688,-0.999945239936564
0.899932567562089,0.019630799822586236,0.9,0.9,0.010672397574123244,-0.9999430483432643
1.2004173913261609,0.022856455153141397,0.9,0.9,0.01071896284413488,-0.9999425502675372
1.5009078309263544,0.02607300144359156,0.9,0.9,0.010618016222840875,-0.9999436272768037
1.801404753070226,0.029238108461037738,0.9,0.9,0.010382834588132852,-0.9999460969201868
2.101908950330891,0.03231343303213352,0.9,0.9,0.010026694375673812,-0.9999497314364841
2.4024211411470207,0.03526461904308507,0.9,0.9,0.009562871586557093,-0.9999542746981079
2.7029419698228434,0.03806129743965106,0.912414379544733,0.912414379544733,0.009004641803628186,-0.9999594573911426
3.003472006528146,0.04067708622714282,0.9500000000000001,0.9500000000000001,0.008365280174440503,-0.9999650104316666
3.3040117472982717,0.04308959047042417,0.9500000000000001,0.9500000000000001,0.007658061334772273,-0.999970676618366
3.6045616140341195,0.045280402293911524,0.9500000000000001,0.9500000000000001,0.006896259260604298,-0.9999762205213735
3.9051219545021483,0.04723510088157388,0.9500000000000001,0.9500000000000001,0.006093147048477293,-0.999981436607223
4.205693042334373,0.04894325247693273,0.9500000000000001,0.9500000000000001,0.005261996634190276,-0.9999861555998771
4.506275077028361,0.0503984103830622,0.9,0.9,0.00441607846787635,-0.9999902490779425
4.8068681839472465,0.05159811496258897,0.9,0.9,0.0035686611695932313,-0.9999936323084546
5.107472414319712,0.05254389363769226,0.9,0.9,0.0027330111937045546,-0.9999962653179336
5.408087745240002,0.053241260890103864,0.9,0.9,0.001922392532486624,-0.9999981522017684
5.708714079667916,0.05369971826110815,0.9,0.9,0.0011500664895970618,-0.999999338673316
6.00935124642881,0.053932754351542024,0.9,0.9,0.00042929155227667333,-0.9999999078543773
6.309999000213603,0.05395784482179501,0.9,0.9,-0.00022667661257217203,-0.9999999743088563
6.610657021578759,0.05379645239180915,0.9,0.9,-0.0008045850189582074,-0.9999996763214213
6.911324916946312,0.05347402684107905,0.9,0.9,-0.0012911830671793196,-0.9999991664227961
7.212002218603845,0.053020005008651894,0.9,0.9,-0.0016732221012210338,-0.9999986001629202
7.512688384704517,0.052467810787420584,0.9,0.9,-0.0019381898394679091,-0.9999981217083092
7.813382799939999,0.0518544130869313,0.9,0.9,-0.002081047467827948,-0.9999978346183739
8.11408478170969,0.0512162736282165,0.9,0.9,-0.0021093557606305493,-0.9999977753066629
8.414793585488708,0.05058582095970035,0.9,0.9,-0.002036976645423137,-0.9999979253609209
8.715508405231736,0.0499911852114801,0.9500000000000001,0.9500000000000001,-0.0018782100647624807,-0.9999982361619207
9.01622837337301,0.04945619809532598,0.9500000000000001,0.9500000000000001,-0.0016473532134098818,-0.9999986431127745
9.316952560826316,0.04900039290468136,0.9500000000000001,0.9500000000000001,-0.0013587008854211984,-0.999999076965526
9.617679976985,0.04863900451466259,0.9500000000000001,0.9500000000000001,-0.0010265458514424374,-0.9999994731016686
9.918409569721964,0.04838296938205911,0.9500000000000001,0.9500000000000001,-0.0006651792564516547,-0.999999778768254
10.219140225389662,0.048238925545333405,0.9500000000000001,0.9500000000000001,-0.000288891038105105,-0.9999999582709832
10.519870768820104,0.04820921262462103,0.9500000000000001,0.9500000000000001,8.802962667741506e-05,-0.9999999961253924
10.82059996332485,0.04829187182173054,0.9500000000000001,0.9500000000000001,0.0004512938342488896,-0.9999998981669324
11.12132651069503,0.04848064592014361,0.9500000000000001,0.9500000000000001,0.0007866124106779477,-0.9999996906204098
11.422049051201308,0.048764979285014914,0.9500000000000001,0.9500000000000001,0.0010796952967741707,-0.9999994171288632
11.722766163593919,0.049130017863172205,0.9500000000000001,0.9500000000000001,0.001316250848685478,-0.9999991337414764
12.023476365102647,0.049556609183116274,0.9500000000000001,0.9500000000000001,0.001481985045840883,-0.999998901859559
12.324178111436828,0.05002130235502098,0.9,0.9,0.0015626006052258843,-0.999998779138929
12.624869796785362,0.050496348070733235,0.9,0.9,0.0015437960106516437,-0.9999988083462287
12.925549753816698,0.05094969860377299,0.9,0.9,0.001411264477818298,-0.999999004165791
13.226216253678832,0.05134500780933324,0.9,0.9,0.0011506928905782227,-0.9999993379527167
13.526867505999334,0.051641631124280066,0.9,0.9,0.0007477607609050844,-0.9999997204268831
13.82750165888531,0.05179462556715256,0.9,0.9,0.0001881392846728538,-0.9999999823018046
14.128116798923434,0.0517547497381629,0.9,0.9,-0.0005425094125109062,-0.9999998528417579
14.428710951179928,0.051468463819196314,0.9,0.9,-0.0014585327205017718,-0.9999989363405859
14.729282079200583,0.05087792957381109,0.9,0.9,-0.0025742138655367114,-0.9999966867059983
15.029828085916794,0.04992105462912332,0.9500000000000001,0.9500000000000001,-0.0038965774922349295,-0.9999924083131067
15.330346902115592,0.04853581613287441,0.9500000000000001,0.9500000000000001,-0.0054014501833415125,-0.9999854120615544
15.630836781662595,0.04667468874151163,0.9500000000000001,0.9500000000000001,-0.007031900302541233,-0.9999752758834266
15.931296408926919,0.04430989463193995,0.9500000000000001,0.9500000000000001,-0.008722088185896686,-0.9999619618653889
16.231724900555445,0.04143349021325548,0.912414379544733,0.912414379544733,-0.010406001485397892,-0.999945856100762
16.532121805472798,0.03805736612674543,0.9,0.9,-0.01201760282651195,-0.9999277860037215
16.832487104881373,0.03421324724588791,0.9,0.9,-0.01349083383375891,-0.99990899456024
17.132821212261327,0.029952692676352387,0.9,0.9,-0.014759618354213074,-0.9998910709002446
17.433124973370578,0.025347095755999152,0.9,0.9,-0.015757863700117378,-0.9998758371575985
17.733399666244797,0.020487684054879808,0.9,0.9,-0.016419459237885462,-0.9998651915925143
18.03364700119742,0.0154855193752368,0.9,0.9,-0.01667827240021057,-0.9998609079415718
18.333869120819653,0.010471497751503902,0.9,0.9,-0.016468149358926615,-0.999864390833423
18.63406859984092,0.005596345747856463,0.9,0.9,-0.01574099180073484,-0.9998761029133205
18.934248036096058,0.0010197671269155056,0.9,0.9,-0.014594993087120917,-0.9998934874159282
19.234407149829885,-0.00316652459512875,0.9500000000000001,0.9500000000000001,-0.013347624673995242,-0.9999109164898452
19.53454072513837,-0.006993428224534079,0.9500000000000001,0.9500000000000001,-0.012412572641954969,-0.9999229610527044
19.834638494687294,-0.01061751378151293,0.9013878188659974,0.9013878188659974,-0.012208808363668873,-0.9999254697217884
20.134685139712232,-0.01432102250023254,0.9,0.9,-0.013155638575229674,-0.999913460842326
20.43466029001856,-0.01851186682881465,0.9,0.9,-0.01567291820751682,-0.9998771722741051
20.73453852398147,-0.023723630429335837,0.9,0.9,-0.020181203226733516,-0.9997963387792143
21.034289368545927,-0.030615568177827124,0.9,0.9,-0.02710154577651814,-0.9996326856483452
21.33387729922672,-0.03997260616427449,0.9,0.9,-0.03685439894084315,-0.9993206458783432
21.633261740108427,-0.05270534169261818,0.9500000000000001,0.9500000000000001,-0.049856801052212865,-0.998756376394584
21.93239706384542,-0.06985004328075364,0.9486832980505139,0.9486832980505139,-0.06651666075766513,-0.9977853145049037
22.231232591661897,-0.09256865066053027,0.9,0.9,-0.087293540780761,-0.9961826327225132
22.52969457268115,-0.12219005878905692,0.9500000000000001,0.9500000000000001,-0.11388299002930873,-0.9934941693749312
22.82738302729221,-0.16090462706547456,0.9,0.9,-0.15077469606241378,-0.9885681519385938
23.12316126346193,-0.21270456681783334,0.9013878188659974,0.9013878188659974,-0.20421083589148734,-0.9789269301150623
23.415084435809117,-0.2835031501991016,0.9192388155425117,0.9192388155425117,-0.27989439382941833,-0.9600307954971353
23.69940272489706,-0.38070621354026346,0.9013878188659974,0.9013878188659974,-0.38208373895902575,-0.9241277056895822
23.96781276777628,-0.5120305565373965,0.9178779875342911,0.9178779875342911,-0.5145263039000015,-0.8574745958889997
24.206697826144126,-0.6851078537551755,0.9192388155425117,0.9192388155425117,-0.6719962371687591,-0.7405545606037606
24.400994989912178,-0.9051100658262178,0.9219544457292888,0.9219544457292888,-0.8194798232343349,-0.5731080345901838
24.544656154310555,-1.1683501297502026,0.873212459828649,0.873212459828649,-0.9163490443258339,-0.4003803553661581
24.643655842421296,-1.4604870650015815,0.8381527307120106,0.8381527307120106,-0.9623386064071054,-0.27185364926450806
24.712176674560727,-1.7613584062191638,0.8558621384311845,0.8558621384311845,-0.9807895359229835,-0.1950689268540193
24.762453971023152,-2.057793685277033,0.8558621384311845,0.8558621384311845,-0.9884816216414668,-0.15134095175152065
24.801878170210493,-2.347242655375507,0.9,0.9,-0.992354863583091,-0.12341727886720241
24.83421301989665,-2.6347829189510006,0.9,0.9,-0.9944927480180409,-0.10480541083133775
24.862800361707833,-2.925329961716712,0.9500000000000001,0.9500000000000001,-0.9952732969511318,-0.09711366729778172
24.891457549857513,-3.2214557699706634,0.9486832980505139,0.9486832980505139,-0.9947226543728923,-0.10260039413836318
24.924485069037885,-3.5233703135580265,0.912414379544733,0.912414379544733,-0.9924228166840556,-0.12286965827609932
24.96666653441986,-3.8289215458711072,0.9013878188659974,0.9013878188659974,-0.9871495031659604,-0.15979943178621617
25.023268236142854,-4.133596227623144,0.912414379544733,0.912414379544733,-0.9764094312564218,-0.2159273548059877
25.09980157933063,-4.430949545512115,0.9219544457292888,0.9219544457292888,-0.9564173917982736,-0.2920030353708461
25.200748647690446,-4.714909884489943,0.9178779875342911,0.9178779875342911,-0.9231804874690669,-0.38436673575684976
25.328846137444216,-4.98107380742327,0.9394147114027969,0.9394147114027969,-0.8741934133848424,-0.4855778784032054
25.485057748556212,-5.226755984562566,0.9300537618869138,0.9300537618869138,-0.8103969683237429,-0.5858811771440404
25.66857418473304,-5.450989193542118,0.9192388155425117,0.9192388155425117,-0.7374669558338696,-0.6753832164431728
25.87681382644415,-5.65452373945427,0.9192388155425117,0.9192388155425117,-0.6644379821227031,-0.7473434069507207
26.105680253757317,-5.839605553537957,0.890224690738243,0.890224690738243,-0.5987149299155018,-0.8009621918020075
26.350852073821137,-6.008864779468975,0.9013878188659974,0.9013878188659974,-0.5430043078769146,-0.8397299099276582
26.60846562750123,-6.164727501265136,0.9013878188659974,0.9013878188659974,-0.4973087448101315,-0.867573635108497
26.87513873449137,-6.309395282687876,0.9178779875342911,0.9178779875342911,-0.46080235971400685,-0.8875027804362097
27.14797069331356,-6.444845167242242,0.894427190999916,0.894427190999916,-0.43235846142003226,-0.9017018137047871
27.42454228131799,-6.5728296781768885,0.9178779875342911,0.9178779875342911,-0.41078321942074275,-0.9117330457114791
27.702915754683033,-6.694876818484083,0.8860022573334675,0.8860022573334675,-0.3949033050423494,-0.9187226892085714
27.98163484841529,-6.812290070899709,0.9192388155425117,0.9192388155425117,-0.38358041170672247,-0.9235074811580583
28.25972477634953,-6.926148397903262,0.9013878188659974,0.9013878188659974,-0.3756949384306988,-0.9267433912564759
28.536692231148724,-7.037306241717841,0.9178779875342911,0.9178779875342911,-0.3701225403520177,-0.9289829412445467
28.81252538430405,-7.14639352431017,0.9013878188659974,0.9013878188659974,-0.365717444618626,-0.9307259267376311
29.087693886134886,-7.25381564739058,0.9192388155425117,0.9192388155425117,-0.3613260141543088,-0.9324395484401979
29.36313930864709,-7.359759779477641,0.9340770846134703,0.9340770846134703,-0.35630268745999627,-0.9343705875661884
29.63995171269403,-7.464407622771977,0.9340770846134703,0.9340770846134703,-0.3515371732727356,-0.9361739239091285
29.91870079486991,-7.568375411101373,0.9340770846134703,0.9340770846134703,-0.34914338847389625,-0.9370693113558708
30.199288027287416,-7.67281117820489,0.9340770846134703,0.9340770846134703,-0.35138291707528946,-0.9362318332484002
30.480946076972202,-7.7793951396780505,0.9178779875342911,0.9178779875342911,-0.360435041035838,-0.9327843165456277
30.762238805862875,-7.890339692972835,0.894427190999916,0.894427190999916,-0.37842752068797897,-0.9256309262259712
31.04106206129487,-8.008388464381625,0.9340770846134703,0.9340770846134703,-0.4071145959694791,-0.9133770884736533
31.314798823954437,-8.13662926094323,0.894427190999916,0.894427190999916,-0.4463704042126468,-0.8948482900710256
31.580971648920485,-8.277707480287216,0.9178779875342911,0.9178779875342911,-0.49379555204239034,-0.8695780314515489
31.837537968212924,-8.433470090606795,0.9300537618869138,0.9300537618869138,-0.5461573987147905,-0.8376825746242388
32.08289778924952,-8.604956349313802,0.9013878188659974,0.9013878188659974,-0.6001721935802136,-0.7998708258544717
32.31589369484588,-8.792397803038694,0.9300537618869138,0.9300537618869138,-0.6527675698758523,-0.7575582483996689
32.53581048139629,-8.99521903610142,0.95524865872714,0.95524865872714,-0.7015272993680306,-0.7126425809909183
32.74231304091505,-9.212166169714495,0.9192388155425117,0.9192388155425117,-0.7454161033503711,-0.6665994545946979
32.93519540666055,-9.441825994260983,0.9300537618869138,0.9300537618869138,-0.7845877219398604,-0.6200178276317708
33.11427128216637,-9.682852424454659,0.9178779875342911,0.9178779875342911,-0.8194870320714346,-0.573097726628497
33.27937138634273,-9.933971991348256,0.9178779875342911,0.9178779875342911,-0.8505201205158586,-0.5259425107344808
33.43034345347661,-10.19398384233354,0.9178779875342911,0.9178779875342911,-0.8780377693566246,-0.47859134507765905
33.567052233231614,-10.461759741141249,0.9394147114027969,0.9394147114027969,-0.9023321959266226,-0.4310413068306089
33.68937949064806,-10.736244067841108,0.9178779875342911,0.9178779875342911,-0.9236379984466432,-0.3832660274867559
33.79722400614295,-11.01645381884185,0.873212459828649,0.873212459828649,-0.942135847846036,-0.33523132938827627
33.89050157550996,-11.301478606891191,0.8544003745317531,0.8544003745317531,-0.9579580297752832,-0.2869083707197433
33.96914500991948,-11.59048066107585,0.873212459828649,0.873212459828649,-0.9711953426640524,-0.23828471706690288
34.03310413591855,-11.882694826821517,0.8558621384311845,0.8558621384311845,-0.9819051098557082,-0.18937358643498747
34.082345795454565,-12.177428565739095,0.8514693182963202,0.8514693182963202,-0.9901198535212562,-0.1402236629925426
34.11685458939555,-12.474057118743659,0.8558621384311845,0.8558621384311845,-0.9958563767580324,-0.0909399629995742
34.13663936905896,-12.771981276203402,0.8500000000000001,0.8500000000000001,-0.9991310889389196,-0.04167813714321841
34.14173867413503,-13.070592002190255,0.8500000000000001,0.8500000000000001,-0.9999726418410706,0.007396997322563139
34.132221120542994,-13.36926791132852,0.8500000000000001,0.8500000000000001,-0.9984231935586944,0.05613489613473859
34.108185400431125,-13.667375268794842,0.9,0.9,-0.9945351262194182,0.10440250339779182
34.06976028217669,-13.964267990318183,0.8631338250816034,0.8631338250816034,-0.9883673437582929,0.15208548185864548
34.01710461038595,-14.259287642179874,0.873212459828649,0.873212459828649,-0.9799814740568012,0.19908870009485444
33.950407305894174,-14.551763441213575,0.9013878188659974,0.9013878188659974,-0.9694381017365011,0.24533602854356582
33.86988736576566,-14.841012254805309,0.873212459828649,0.873212459828649,-0.9567931270030057,0.29076951717779886
33.77579386329371,-15.126338600893405,0.8860022573334675,0.8860022573334675,-0.942094313092703,0.33534803598409246
33.668405948000604,-15.407034647968576,0.9013878188659974,0.9013878188659974,-0.9253780536915323,0.37904545604197876
33.54803284563767,-15.68238021507385,0.873212459828649,0.873212459828649,-0.9066669588153362,0.4218471592799333
33.41501388593853,-15.951644716434902,0.9178779875342911,0.9178779875342911,-0.8859827711324881,0.46371815713469444
33.26971908826203,-16.214128196493398,0.894427190999916,0.894427190999916,-0.8633854667979133,0.5045448797898452
33.11255008079001,-16.469225736593902,0.9013878188659974,0.9013878188659974,-0.8389945414955524,0.5441398343630687
32.94394024827493,-16.71643780741146,0.8746427842267951,0.8746427842267951,-0.8129819799927502,0.5822888460266669
32.7643547321672,-16.955370277879986,0.9192388155425117,0.9192388155425117,-0.7855722452271281,0.6187699471765002
32.574290430615285,-17.185734415192336,0.8845903006477066,0.8845903006477066,-0.7570422845145603,0.6533658848279236
32.37427599846563,-17.407346884800255,0.9192388155425117,0.9192388155425117,-0.727718299032368,0.68587613841964
32.16487184726267,-17.620129750414392,0.9192388155425117,0.9192388155425117,-0.6979695216813175,0.7161274654724206
31.946670145248827,-17.82411047400427,0.9178779875342911,0.9178779875342911,-0.6681996139866465,0.743982040017161
31.720294817364575,-18.01942191579836,0.9219544457292888,0.9219544457292888,-0.6388365909208314,0.7693424530731748
31.48640154524835,-18.206302334284004,0.9219544457292888,0.9219544457292888,-0.6103223523441247,0.7921531583154449
31.245677767236597,-18.38509538620746,0.890224690738243,0.890224690738243,-0.5831020263866885,0.8123989332980057
30.998842392779384,-18.55624953157278,0.9178779875342911,0.9178779875342911,-0.5575464593351168,0.8301457376165193
30.746623876624646,-18.720272352274883,0.9013878188659974,0.9013878188659974,-0.5337252697370851,0.8456579311069433
30.4896935899307,-18.877591734064776,0.894427190999916,0.894427190999916,-0.5113808669092986,0.8593541813240303
30.228643712755712,-19.02850980663043,0.894427190999916,0.894427190999916,-0.4901360464527141,0.8716459464528604
29.96398694021441,-19.173202331388627,0.9013878188659974,0.9013878188659974,-0.4695755014571397,0.8828923198393311
29.696156482478017,-19.311718701484875,0.894427190999916,0.894427190999916,-0.44925536440720076,0.8934033901611037
29.42550606477427,-19.443981941793446,0.873212459828649,0.873212459828649,-0.42870830143504346,0.9034429657043548
29.152309927387495,-19.56978870891737,0.894427190999916,0.894427190999916,-0.4074464125788738,0.9132291174051592
28.876762825658506,-19.688809291188434,0.873212459828649,0.873212459828649,-0.384963237610446,0.9229319073953849
28.59898002998465,-19.800587608667186,0.9013878188659974,0.9013878188659974,-0.3607362462636117,0.9326678726275709
28.318997325819794,-19.904541213142938,0.9192388155425117,0.9192388155425117,-0.3342314016346183,0.9424910451358987
28.036771013674358,-19.999961288133726,0.873212459828649,0.873212459828649,-0.30491179483535924,0.952380594809806
27.752177925701915,-20.08601269794567,0.9013878188659974,0.9013878188659974,-0.2723484294928449,0.9621986972308687
27.46503442827342,-20.161790192668384,0.912414379544733,0.912414379544733,-0.236847933522133,0.9715467340207034
27.17521441372929,-20.22666739909716,0.8860022573334675,0.8860022573334675,-0.1997820317904603,0.9798403644337559
26.882724353037478,-20.280518808252538,0.873212459828649,0.873212459828649,-0.1630016946499553,0.98662578901083
26.587706843281524,-20.323730267987578,0.873212459828649,0.873212459828649,-0.12839372098486984,0.9917232741101014
26.290440607660546,-20.35719898298781,0.9,0.9,-0.09779614570636389,0.9952064679678181
25.991340495489265,-20.38233351477129,0.8500000000000001,0.8500000000000001,-0.0729170502052238,0.9973380087960996
25.690950566252283,-20.40102870276322,0.9,0.9,-0.054707936342775355,0.998502399446849
25.389840410512324,-20.415289698329108,0.9,0.9,-0.04267296760530957,0.9990890940430469
25.08847542361105,-20.426761545207626,0.9,0.9,-0.03545874437698377,0.9993711409917777
24.787201032040787,-20.436671980442558,0.9,0.9,-0.03164944455220437,0.9994990308447212
24.4862426922552,-20.445831430070307,0.8860022573334675,0.8860022573334675,-0.029847334165807152,0.9995544690726937
24.18570589066938,-20.45463300911994,0.9,0.9,-0.02868173245650605,0.9995885944843975
23.88557974022061,-20.463066574790698,0.9,0.9,-0.02713538053769565,0.9996317677640474
23.58578798114566,-20.47091800654726,0.9,0.9,-0.024924186734751337,0.9996893442042939
23.286250353908592,-20.478009014286194,0.9,0.9,-0.022213451935270093,0.9997532508339843
22.986889701079093,-20.484224888167578,0.9,0.9,-0.019216517724166035,0.9998153456746685
22.68763196759843,-20.489514499654373,0.9,0.9,-0.016147735288830276,0.9998696168226344
22.388406200779492,-20.49389030151245,0.9,0.9,-0.013221892650925224,0.9999125869568436
22.08914455030673,-20.497428327810535,0.9,0.9,-0.010653650989499065,0.9999432482499164
21.789782268236227,-20.500268193920284,0.9500000000000001,0.9500000000000001,-0.008657018422891651,0.9999625273139118
21.490257708995653,-20.502613096516203,0.9500000000000001,0.9500000000000001,-0.007444885382886253,0.9999722864567976
21.190512329384283,-20.504729813575736,0.9500000000000001,0.9500000000000001,-0.0072286311840440215,0.9999738731042952
20.890490688572985,-20.506948704379166,0.9013878188659974,0.9013878188659974,-0.008217788818790905,0.9999662334033733
20.590140448104233,-20.50966370950971,0.9,0.9,-0.010615728047450484,0.9999436515714386
20.289412722791692,-20.51332994417205,0.9,0.9,-0.014450874584131655,0.9998955806601776
19.98827689798092,-20.51836207246662,0.9,0.9,-0.019192424426939577,0.9998158084590463
19.686755005302462,-20.524898537707344,0.9,0.9,-0.023827582997677337,0.9997160828397674
19.38493034206162,-20.532742445438807,0.9,0.9,-0.027254632822387038,0.9996285234974625
19.082947523585172,-20.54136120441081,0.9,0.9,-0.028376669092539247,0.9995973012424616
18.781012483221485,-20.549886526578362,0.9,0.9,-0.026092372675212847,0.9996595360862506
18.479392402431518,-20.557114753076817,0.9500000000000001,0.9500000000000001,-0.019464811082141188,0.9998105426177184
18.178391735350726,-20.56161864832692,0.9500000000000001,0.9500000000000001,-0.008613382803775806,0.999962904130286
17.878235211457955,-20.562292942177343,0.9500000000000001,0.9500000000000001,0.004975203336780098,0.9999876235992912
17.579007310031354,-20.55863655202644,0.9500000000000001,0.9500000000000001,0.019292296511101457,0.9998138863285145
17.280650238470244,-20.550762009623693,0.9500000000000001,0.9500000000000001,0.03226455332957651,0.9994793637681785
16.982963932295107,-20.539395461069635,0.9,0.9,0.04178447555073538,0.9991266474291185
16.685606055147684,-20.525876666815925,0.9,0.9,0.045817815037995396,0.9989498124656434
16.388103161619114,-20.512111587121133,0.9,0.9,0.04335626568429449,0.9990596750074106
16.089978817094867,-20.500028188063514,0.9,0.9,0.035303276435170124,0.9993766450507746
15.790885846868854,-20.491014708322822,0.8500000000000001,0.8500000000000001,0.023621599927188226,0.9997209710798708
15.49061887597245,-20.485866395772327,0.8860022573334675,0.8860022573334675,0.010350883937417801,0.9999464281658863
15.189114329175055,-20.484785507476616,0.9,0.9,-0.002507428465540358,0.999996856396304
14.886450430984045,-20.48738130969156,0.9,0.9,-0.013004009942571686,0.9999154442878725
14.58284720564483,-20.49267007786432,0.9,0.9,-0.01923647880280528,0.999814961822071
14.278666477140813,-20.49907509663338,0.9,0.9,-0.019319042021058268,0.9998133698922957
13.974411869193386,-20.504426659828482,0.9500000000000001,0.9500000000000001,-0.011327694079447885,0.9999358396151438
13.670728805261954,-20.505962070470687,0.9500000000000001,0.9500000000000001,0.006767121029309549,0.9999771027743458
13.368404508543934,-20.500325640772356,0.9500000000000001,0.9500000000000001,0.03715035868006954,0.9993096871590619
13.068368001974743,-20.483568692137137,0.9,0.9,0.08210650806852525,0.9966235604945296
12.771693114650027,-20.45116576655363,0.9,0.9,0.14298367036202378,0.9897250476823369
12.479692934521376,-20.39852393956449,0.8139410298049854,0.8139410298049854,0.2182492855880649,0.9758930522041334
12.194107361683496,-20.321994155313977,0.8544003745317531,0.8544003745317531,0.30388920153786103,0.9527073806729333
11.917142727381943,-20.219084862319377,0.8500000000000001,0.8500000000000001,0.3953108805035754,0.9185473900433706
11.651471924633645,-20.088462717809712,0.8500000000000001,0.8500000000000001,0.48817094674002715,0.8727480316557269
11.400234408226897,-19.92995258772577,0.8746427842267951,0.8746427842267951,0.578894792738829,0.8154022436441221
11.167035052151835,-19.744536778095473,0.8845903006477066,0.8845903006477066,0.6649550426642555,0.7468833852987882
10.955746066137339,-19.534221781155896,0.9178779875342911,0.9178779875342911,0.7444660249003053,0.6676603461110581
10.769704350292297,-19.30149832312781,0.9219544457292888,0.9219544457292888,0.8154203713952493,0.5788692580485111
10.611360397798467,-19.049105175505108,0.9604686356149273,0.9604686356149273,0.8757734457767667,0.48272235464321367
10.482269733333704,-18.7800233955467,0.9192388155425117,0.9192388155425117,0.9240125292465897,0.3823621919009777
10.38309291307203,-18.497476326276583,0.9340770846134703,0.9340770846134703,0.9595784771834245,0.2814411947926958
10.313596435846385,-18.204928956853717,0.9340770846134703,0.9340770846134703,0.9830518549238916,0.18332771348243035
10.272788142763988,-17.90599287296516,0.9055385138137417,0.9055385138137417,0.9959628562127204,0.08976630238903742
10.259439951122973,-17.60405930118037,0.9,0.9,0.9999996818364361,0.0007977010884887594
10.272306453027053,-17.30214565421393,0.912414379544733,0.912414379544733,0.9964639944679397,-0.0840208767449968
10.310129784914787,-17.0028921125493,0.912414379544733,0.912414379544733,0.9862852568698951,-0.16504966549825276
10.37163962755957,-16.7085616244387,0.9340770846134703,0.9340770846134703,0.9701580460075382,-0.24247343311553807
10.455553206069649,-16.4210399059032,0.9340770846134703,0.9340770846134703,0.9486697711394275,-0.3162683438573424
10.56057528988811,-16.14183544073269,0.9178779875342911,0.9178779875342911,0.9224124975062182,-0.3862061424218173
10.685398192792887,-15.872079480485873,0.894427190999916,0.894427190999916,0.8920744655083456,-0.4518884242686458
10.828701772896752,-15.612526044490291,0.9013878188659974,0.9013878188659974,0.8585051568680616,-0.5128049294136563
10.989153432647326,-15.36355191984229,0.890224690738243,0.890224690738243,0.8227473838795023,-0.5684071976316231
11.165408118827084,-15.125156661407033,0.9013878188659974,0.9013878188659974,0.7860326350088527,-0.6181850020026689
11.356108323895626,-14.896962599229749,0.890224690738243,0.890224690738243,0.7496808022232179,-0.661799588076294
11.55989654276961,-14.678283614857309,0.9192388155425117,0.9192388155425117,0.7144763137225344,-0.699659629483836
11.775514755129107,-14.46867440263866,0.9013878188659974,0.9013878188659974,0.6800136992288923,-0.7331994059333639
12.001882102339822,-14.268359339227976,0.9192388155425117,0.9192388155425117,0.6449751966711387,-0.764203504100201
12.238099897609729,-14.078260145640611,0.890224690738243,0.890224690738243,0.6075587602728566,-0.7942747338394377
12.483451625989039,-13.899995887253116,0.890224690738243,0.890224690738243,0.5655260408997522,-0.8247304390309914
12.73740294437023,-13.735882973803209,0.9013878188659974,0.9013878188659974,0.5162173300129014,-0.8564576277868925
12.999594933359427,-13.588898044942734,0.9013878188659974,0.9013878188659974,0.457620708645044,-0.8891475057712347
13.26970637021863,-13.461920476726146,0.9486832980505139,0.9486832980505139,0.3905421774532003,-0.920585035523668
13.547242072306172,-13.35656827868859,0.9486832980505139,0.9486832980505139,0.31871751015186134,-0.9478497500778265
13.831499727670966,-13.273015663392217,0.9486832980505139,0.9486832980505139,0.24728580867598085,-0.9689425828331967
14.121569870670397,-13.20999291232548,0.9219544457292888,0.9219544457292888,0.18196944658789824,-0.9833041851372819
14.416335881970301,-13.16478637590313,0.9500000000000001,0.9500000000000001,0.12830521691010754,-0.9917347282986768
14.714483205398258,-13.133285026788732,0.9,0.9,0.08974288795240548,-0.99596496628243
15.01467587345784,-13.110872071051686,0.9486832980505139,0.9486832980505139,0.06561990415282945,-0.9978446914119319
15.315816933844244,-13.093740334148583,0.9,0.9,0.05268735741499577,-0.9986110566024314
15.617087293812608,-13.079088459599301,0.9,0.9,0.04747663497898349,-0.9988723487668844
15.917945740566598,-13.065121011967546,0.9,0.9,0.04660162724161159,-0.9989135539867471
16.21812894125841,-13.05104847686089,0.9340770846134703,0.9340770846134703,0.04670139033177242,-0.9989088948152777
16.517650505825706,-13.037083373628798,0.9,0.9,0.04485987985207765,-0.998993288856165
16.816735351849758,-13.024168004331832,0.9,0.9,0.039945327363973854,-0.999201866902672
17.115627668936057,-13.013177900342738,0.9,0.9,0.032603595315105774,-0.9994683614664992
17.414529580788283,-13.004667395934964,0.9,0.9,0.02392626051633939,-0.9997137260524656
17.71360040355534,-12.998866551946369,0.8558621384311845,0.8558621384311845,0.015014740615123926,-0.9998872724283776
18.012956645831395,-12.995681155779241,0.9,0.9,0.006964628033700223,-0.9999757466840644
18.312672079212863,-12.994694139365048,0.9,0.9,0.0007082730221818044,-0.9999997491746315
18.612782253274027,-12.995256315376915,0.9,0.9,-0.0034092615026408237,-0.9999941884511162
18.913297207199992,-12.996741839391722,0.9,0.9,-0.005603900464554669,-0.9999842980265157
19.214205374588442,-12.998626683607275,0.9,0.9,-0.006223397239817194,-0.9999806344758859
19.515473626152446,-13.00048949503063,0.9500000000000001,0.9500000000000001,-0.00561483622943958,-0.9999842366828172
19.817047269720575,-13.002011595478127,0.9500000000000001,0.9500000000000001,-0.004122576400251751,-0.9999915021458052
20.11885005023682,-13.002976981575326,0.9500000000000001,0.9500000000000001,-0.0020882052626880134,-0.9999978196970136
20.420784149760642,-13.003272324757077,0.9500000000000001,0.9500000000000001,0.00014905326620859633,-0.9999999888915618
20.722730187466947,-13.002886971267474,0.9500000000000001,0.9500000000000001,0.002251510931103485,-0.9999974653460513
21.024547219646056,-13.00191294215987,0.9500000000000001,0.9500000000000001,0.003881742331984039,-0.9999924660098536
21.326072739703797,-13.000544933296878,0.9500000000000001,0.9500000000000001,0.0047008145985461686,-0.9999889511100161
21.627122678161378,-12.999080315350373,0.9,0.9,0.004366069459276013,-0.9999904686733153
21.92749143460696,-12.997919072472886,0.9,0.9,0.0026130191722196364,-0.9999965860595753
22.226978409963685,-12.997512875471461,0.9,0.9,-0.00024548647134519074,-0.9999999698681957
22.525543883794473,-12.99806588626274,0.9,0.9,-0.003085390590566537,-0.9999952401711238
22.82340366156786,-12.999353089089839,0.9,0.9,-0.004444092906429289,-0.9999901249703614
23.121033225976543,-13.00071232235782,0.9500000000000001,0.9500000000000001,-0.002838678597599493,-0.9999959709437931
23.41916773693739,-13.001044278633707,0.9500000000000001,0.9500000000000001,0.003178165368764916,-0.9999949496196913
23.718802031591387,-12.998812504646486,0.9,0.9,0.015001794672516309,-0.9998874667464352
24.021115173364493,-12.992012970466288,0.9,0.9,0.03466689535628502,-0.9993989225361194
24.326386222759528,-12.977736778927362,0.9,0.9,0.0658744012764478,-0.9978279226682673
24.632677229162923,-12.951638990791128,0.9,0.9,0.11391178432808638,-0.9934908682978377
24.93567900146035,-12.907876421057196,0.8514693182963202,0.8514693182963202,0.18552269140805575,-0.9826399803451472
25.22871110110912,-12.839107636169283,0.8246211251235321,0.8246211251235321,0.2893151184299946,-0.9572339119817257
25.502721842138143,-12.736492954015226,0.8500000000000001,0.8500000000000001,0.43347638731034766,-0.9011649247747991
25.746511529445748,-12.590036403088165,0.848528137423857,0.848528137423857,0.6092669737656458,-0.7929651661192009
25.949669676442742,-12.393084988479275,0.8514693182963202,0.8514693182963202,0.7762668230980267,-0.6304044886874592
26.105925710273553,-12.147461343211168,0.894427190999916,0.894427190999916,0.89494205630276,-0.4461823795944744
26.213479942153093,-11.863940601640914,0.873212459828649,0.873212459828649,0.9616564905499203,-0.2742568033489983
26.273730910451043,-11.559067699268036,0.8514693182963202,0.8514693182963202,0.9926924141912307,-0.12067216251972188
26.288367824028114,-11.247886072577238,0.8,0.8,0.9997019014783463,0.024415326755523336
26.25866414938136,-10.942149079201874,0.8544003745317531,0.8544003745317531,0.9856036133542669,0.1690725209577615
26.18588941554146,-10.650491007293544,0.8500000000000001,0.8500000000000001,0.9493614510905442,0.3141859882032558
26.072237338810865,-10.37883170016303,0.9178779875342911,0.9178779875342911,0.8910907309976599,0.45382519666723686
25.921048930656976,-10.130473822248325,0.9433981132056604,0.9433981132056604,0.8155567763781173,0.5786770640899236
25.73681367701646,-9.906103373243408,0.9192388155425117,0.9192388155425117,0.7330738246078201,0.6801490775373168
25.525169538295305,-9.703789688098238,0.9192388155425117,0.9192388155425117,0.6572025537727821,0.7537140063144199
25.292882471794886,-9.519016601169625,0.9013878188659974,0.9013878188659974,0.5994345773347299,0.8004237549545451
25.04712349399479,-9.345782661522556,0.9300537618869138,0.9300537618869138,0.5632234094890486,0.8263046599188046
24.793939417121823,-9.17892846900121,0.9178779875342911,0.9178779875342911,0.5451354980993018,0.8383479520533381
24.53790617956099,-9.014664259354626,0.9178779875342911,0.9178779875342911,0.5399826842327364,0.8416761257923435
24.282127352875357,-8.8505721763544,0.9013878188659974,0.9013878188659974,0.5424030545453337,0.8401184002388543
24.02823414180597,-8.685606271794693,0.9300537618869138,0.9300537618869138,0.5470221300205531,0.8371181453461495
23.776386452987282,-8.520091388387618,0.9300537618869138,0.9300537618869138,0.5489204915637425,0.8358745683064053
23.52551528273351,-8.35546979713255,0.9178779875342911,0.9178779875342911,0.5456918299437287,0.8379859346866537
23.2743850070581,-8.193190808885737,0.9013878188659974,0.9013878188659974,0.5379726697978335,0.8429622806214945
23.022092607805074,-8.034188944247479,0.9013878188659974,0.9013878188659974,0.5274406780162707,0.8495918615274847
22.768081657000593,-7.87886931602666,0.9178779875342911,0.9178779875342911,0.5158676044480441,0.8566683224451785
22.51214231685292,-7.727107629240753,0.9178779875342911,0.9178779875342911,0.5050957846627627,0.8630632933429089
22.25441102569625,-7.578250725735392,0.9178779875342911,0.9178779875342911,0.49684000195196687,0.8678421587249432
21.99531025438933,-7.431221055465032,0.9300537618869138,0.9300537618869138,0.49191147400646,0.8706452215114902
21.73529686523555,-7.284953059199611,0.9300537618869138,0.9300537618869138,0.49002695475260183,0.8717072809239874
21.474748916575116,-7.13858946603899,0.9300537618869138,0.9300537618869138,0.4905358234813934,0.8714210267611353
21.213962746892268,-6.991486350000537,0.9178779875342911,0.9178779875342911,0.4927666927937437,0.8701614714942947
20.95315297481527,-6.8432131300191275,0.9178779875342911,0.9178779875342911,0.49604847147873465,0.8682948312316565
20.6924524991165,-6.6935525699471485,0.9300537618869138,0.9300537618869138,0.49971832929536014,0.8661879653783318
20.431912498712304,-6.542500778554484,0.9300537618869138,0.9300537618869138,0.5031254966236076,0.8642133617615781
20.171502432663143,-6.39026720952853,0.9178779875342911,0.9178779875342911,0.5056308809751525,0.8627499128972956
19.91111004017348,-6.237274661474181,0.9178779875342911,0.9178779875342911,0.5066023084615756,0.8621798542423748
19.650541340591843,-6.084159277913845,0.894427190999916,0.894427190999916,0.5054052638479599,0.862882100448708
19.389520633410818,-5.9317705472874325,0.9178779875342911,0.9178779875342911,0.5013892782298325,0.8652218164587435
19.127690498414005,-5.781171302582427,0.894427190999916,0.894427190999916,0.49390158115112714,0.8695178135819971
18.86461981207937,-5.633617546217627,0.894427190999916,0.894427190999916,0.48255128655210927,0.8758677159519604
18.5998759561945,-5.490376720512336,0.894427190999916,0.894427190999916,0.46742777943184294,0.8840312613337926
18.333086798230145,-5.35257171987049,0.9178779875342911,0.9178779875342911,0.4488695288537112,0.8935973064343062
18.063945265965778,-5.221169377686829,0.894427190999916,0.894427190999916,0.42724808222942606,0.9041344348222102
17.792209347489596,-5.096980466346912,0.894427190999916,0.894427190999916,0.40296696263061305,0.9152145251405586
17.517702091198537,-4.9806596972271,0.9013878188659974,0.9013878188659974,0.3764725547631697,0.92642777134005
17.240311605798272,-4.872705720694569,0.9340770846134703,0.9340770846134703,0.34825854787230986,0.9373985192189446
16.95999106030319,-4.773461126107299,0.9340770846134703,0.9340770846134703,0.31886377977476954,0.9478005538866008
16.676758684036457,-4.683112441814098,0.9340770846134703,0.9340770846134703,0.28886412892820307,0.9573701034702047
16.39069776662992,-4.601690135154567,0.9013878188659974,0.9013878188659974,0.2588599514782631,0.9659148645303433
16.101956658024186,-4.529068612459125,0.9219544457292888,0.9219544457292888,0.2294612480762738,0.9733177978601227
15.810748768468573,-4.464966219048995,0.9055385138137417,0.9055385138137417,0.20126932061943367,0.9795359414423708
15.517351358400157,-4.408947332057112,0.9013878188659974,0.9013878188659974,0.17478076835243306,0.984607375055729
15.222078302386757,-4.360469463311876,0.9013878188659974,0.9013878188659974,0.15025030818753837,0.9886479883606448
14.92523558833895,-4.318960220383604,0.9500000000000001,0.9500000000000001,0.12775746586012363,0.9918054395479989
14.627113813881888,-4.283830283592527,0.9,0.9,0.10734940358369988,0.9942213564142665
14.327988177780751,-4.254473420837712,0.9340770846134703,0.9340770846134703,0.08906732564073329,0.9960256078551433
14.028118479940808,-4.230266487597064,0.9,0.9,0.0729492988867779,0.9973356505168797
13.727749121407388,-4.210569426927332,0.9,0.9,0.0590327494796823,0.99825604655763
13.427109104365902,-4.194725269464102,0.8500000000000001,0.8500000000000001,0.04735664548245415,0.9988780446724461
13.126412032141827,-4.182060133421799,0.9,0.9,0.0379633514645673,0.9992791321475585
12.825856109200709,-4.1718832245936905,0.9,0.9,0.030900136582845843,0.9995224767653609
12.525624141148189,-4.163486836351881,0.9,0.9,0.02622030589389346,0.9996561886763021
12.225883534729947,-4.156146349647314,0.9219544457292888,0.9219544457292888,0.02398162482716537,0.9997123994782945
11.926785899344816,-4.149121590852693,0.9,0.9,0.02405949226379867,0.999710528519135
11.6284344617236,-4.14176786613639,0.9,0.9,0.025561235319400164,0.9996732582443857
11.330782505452817,-4.133882028448884,0.9,0.9,0.026800519728564162,0.9996408015593795
11.033598813138147,-4.125820233236353,0.9,0.9,0.02587393577788554,0.9996652136827419
10.736467178194694,-4.1184996020136975,0.912414379544733,0.912414379544733,0.020879360837020935,0.9997820023840385
10.438786404846995,-4.113398222364549,0.9055385138137417,0.9055385138137417,0.009961761810222236,0.9999503804197668
10.139770373855498,-4.112555155615015,0.9,0.9,-0.008644780064729253,0.999962633190677
9.8385897717655,-4.1185869841406015,0.9,0.9,-0.03677905864167118,0.9993234215435124
9.535338495397623,-4.13480064193451,0.9,0.9,-0.07669647687584445,0.997054487194573
9.23169786523286,-4.1652709634750575,0.9486832980505139,0.9486832980505139,-0.13129657903265993,0.9913431334983466
8.930972053268983,-4.214844820032167,0.9055385138137417,0.9055385138137417,-0.2042726353373207,0.9789140362934562
8.63808808302053,-4.289141119667378,0.9219544457292888,0.9219544457292888,-0.3000242882958245,0.9539315627614928
8.359595553227745,-4.394550403184878,0.9178779875342911,0.9178779875342911,-0.42140398972977894,0.9068730216738308
8.103272358707114,-4.537658248978293,0.9219544457292888,0.9219544457292888,-0.5598078628529259,0.8286224451992835
7.87559023165558,-4.721538872117304,0.9192388155425117,0.9192388155425117,-0.6919831581750875,0.7219136435904449
7.680055468914504,-4.94332859832256,0.9013878188659974,0.9013878188659974,-0.7969213761980573,0.6040830407804828
7.517193483987443,-5.194344778086098,0.9178779875342911,0.9178779875342911,-0.870455322927093,0.4922474284218153
7.385631230171781,-5.46396747018833,0.9178779875342911,0.9178779875342911,-0.9204914580386768,0.39076268460259983
7.283528548261372,-5.7447724055289395,0.912414379544733,0.912414379544733,-0.9549415267974926,0.29679400330477335
7.208745800799199,-6.0331004045213295,0.9340770846134703,0.9340770846134703,-0.9777626406483181,0.20971461215763668
7.158545502063915,-6.327486943295334,0.9340770846134703,0.9340770846134703,-0.9911394665043701,0.13282529103085972
7.129205670321765,-6.626627148375975,0.9340770846134703,0.9340770846134703,-0.9975054712940061,0.07058919703837585
7.115970699530931,-6.929117224524143,0.9500000000000001,0.9500000000000001,-0.9996458507881687,0.026611520099354108
7.1130513530975445,-7.233454421873199,0.9486832980505139,0.9486832980505139,-0.9999925787484357,0.003852589785285168
7.113624763875676,-7.538037035928972,0.9,0.9,-0.9999867266612402,0.005152329700056973
7.109920124197088,-7.841177048505586,0.9,0.9,-0.9994964976917322,0.031729341341431655
7.094474449117995,-8.141285377078836,0.8500000000000001,0.8500000000000001,-0.9967394224428777,0.08068781660349127
7.0616791073483745,-8.437100017993439,0.8514693182963202,0.8514693182963202,-0.9892932431209049,0.14594135505511097
7.007964127876946,-8.727713235252896,0.8631338250816034,0.8631338250816034,-0.9754644104514413,0.22015718008418939
6.931798210609037,-9.012571562088862,0.8544003745317531,0.8544003745317531,-0.9553923522423875,0.2953395558958496
6.833688726366588,-9.291475800961106,0.8500000000000001,0.8500000000000001,-0.9314561807579099,0.3638535190538739
6.71616807805386,-9.564579469689798,0.873212459828649,0.873212459828649,-0.9073757399383929,0.42032043320692125
6.583157118873552,-9.832316275911408,0.8602325267042628,0.8602325267042628,-0.8859701482010175,0.46374227378649363
6.4384137883295365,-10.095223370711043,0.8746427842267951,0.8746427842267951,-0.8682508411791208,0.496125464768489
6.28512307971395,-10.353894633759028,0.9178779875342911,0.9178779875342911,-0.8543476749334953,0.5197018860228724
6.125894104442282,-10.608980338851573,0.9300537618869138,0.9300537618869138,-0.84400760147835,0.5363312117029577
5.962760092053309,-10.861187153910809,0.9178779875342911,0.9178779875342911,-0.8367495447417073,0.5475857917938938
5.797180986274083,-11.111277067692548,0.9178779875342911,0.9178779875342911,-0.8320114345885554,0.5547584814258308
5.63015298112073,-11.360022104230298,0.9300537618869138,0.9300537618869138,-0.8293411050757286,0.5587426343422967
5.462462542046944,-11.608099302765634,0.9300537618869138,0.9300537618869138,-0.8284036137946795,0.5601316386814045
5.2947500721688545,-11.856064396194132,0.9013878188659974,0.9013878188659974,-0.8288626862449628,0.5594520956710988
5.127510298389127,-12.10435165143002,0.9178779875342911,0.9178779875342911,-0.8303624230369563,0.5572236951244938
4.961092271397079,-12.353273869406024,0.9300537618869138,0.9300537618869138,-0.8325402092554612,0.5539646197843981
4.795699365668558,-12.603022385073528,0.894427190999916,0.894427190999916,-0.8350361128604484,0.550195138309048
4.631389279466063,-12.853667067402423,0.9013878188659974,0.9013878188659974,-0.837498641308333,0.546439407260033
4.4680740348386285,-13.105156319381248,0.9178779875342911,0.9178779875342911,-0.8395867936232225,0.5432255663842381
4.305519977621921,-13.357317078017056,0.9300537618869138,0.9300537618869138,-0.8409682902880504,0.5410844062898074
4.1433477774381995,-13.609854814335492,0.9013878188659974,0.9013878188659974,-0.8413138914048883,0.5405468861525
3.981032427696271,-13.862353533380833,0.9178779875342911,0.9178779875342911,-0.8402878038359163,0.5421405783785352
3.8179032455915936,-14.114275774215848,0.9300537618869138,0.9300537618869138,-0.837557178305662,0.5463496802128263
3.6531636895273167,-14.36497818045385,0.9300537618869138,0.9300537618869138,-0.8330383134009219,0.5532153002278113
3.4861147061264104,-14.61388698382631,0.9178779875342911,0.9178779875342911,-0.8271541449775971,0.5619751066073837
3.3163821696345206,-14.860676703139127,0.9300537618869138,0.9300537618869138,-0.820644179434637,0.571439525024347
3.1439380636597063,-15.105286786748279,0.9013878188659974,0.9013878188659974,-0.8143262107965361,0.5804074624001275
2.9691004811724833,-15.34792161255994,0.9013878188659974,0.9013878188659974,-0.8090730301601351,0.587708117918663
2.792533624505784,-15.589050488030578,0.8746427842267951,0.8746427842267951,-0.8057854160395166,0.5922076184059297
2.615239165450623,-15.82940188847524,0.9013878188659974,0.9013878188659974,-0.8050325248196768,0.5932306751866903
2.4382822064619694,-16.069780708865864,0.8845903006477066,0.8845903006477066,-0.8063727023612074,0.591407697689744
2.262244255225136,-16.310703469077264,0.9178779875342911,0.9178779875342911,-0.8085471616943647,0.5884313785956582
2.0871069843194485,-16.552320796714977,0.890224690738243,0.890224690738243,-0.8101672425816887,0.5861988050547214
1.9122518389274792,-16.79441716550813,0.9013878188659974,0.9013878188659974,-0.8098634805163689,0.586618396341193
1.736460036835001,-17.036410895309544,0.890224690738243,0.890224690738243,-0.806264717191577,0.5915549051541931
1.5579222656331646,-17.277353627898357,0.9219544457292888,0.9219544457292888,-0.798144126682651,0.602466557612942
1.3745135408707168,-17.515915469093464,0.9219544457292888,0.9219544457292888,-0.7847293085892294,0.6198386179007161
1.1843082772494906,-17.75035714577621,0.9192388155425117,0.9192388155425117,-0.7655094149117753,0.6434246930926971
0.9856821733189215,-17.978524498354076,0.8845903006477066,0.8845903006477066,-0.7397874001184773,0.6728406963211604
0.7773124672682021,-18.197848466933536,0.8845903006477066,0.8845903006477066,-0.7065407176157565,0.7076723919660931
0.5581779369264018,-18.40534509131995,0.9192388155425117,0.9192388155425117,-0.6643526189724894,0.7474192917395124
0.3275590377974868,-18.597617207268463,0.8746427842267951,0.8746427842267951,-0.6116218162069926,0.7911502726661097
0.08505821917179573,-18.77110410203388,0.9013878188659974,0.9013878188659974,-0.5478878261155066,0.8365518095099815
-0.16932188476502733,-18.923042369710593,0.9013878188659974,0.9013878188659974,-0.47495540231263494,0.8800098668844817
-0.4351458514742606,-19.051866560451636,0.9178779875342911,0.9178779875342911,-0.39648452270485346,0.9180414060681057
-0.7115447480825159,-19.157218052573143,0.894427190999916,0.894427190999916,-0.3173234820166016,0.9483173560369227
-0.9972161313819237,-19.239945052554443,0.8544003745317531,0.8544003745317531,-0.2427911279884259,0.9700785886566654
-1.2904248679229013,-19.30210008471937,0.873212459828649,0.873212459828649,-0.17736247474523087,0.9841455952003481
-1.5891090293990586,-19.346615843632947,0.8246211251235321,0.8246211251235321,-0.12225320851911627,0.9924989435796804
-1.8912701829713277,-19.37611050867349,0.8500000000000001,0.8500000000000001,-0.07534970975900333,0.9971571697777808
-2.195129627123011,-19.392409503379337,0.8500000000000001,0.8500000000000001,-0.033582879133084144,0.9994359360304855
-2.4991315703813144,-19.396535765327897,0.8500000000000001,0.8500000000000001,0.006096911906467808,0.9999814136598764
-2.801943131317137,-19.388709746135664,0.8500000000000001,0.8500000000000001,0.04666761649331272,0.9989104732511483
-3.1024543385565995,-19.368349419983804,0.8558621384311845,0.8558621384311845,0.0908649385703487,0.9958632250156679
-3.3997782523119455,-19.33416184218677,0.8514693182963202,0.8514693182963202,0.13988761875758787,0.9901673869191672
-3.693251947040988,-19.284883460883997,0.8631338250816034,0.8631338250816034,0.1924973360262122,0.9812974959831557
-3.9824372862996786,-19.21986387208763,0.8860022573334675,0.8860022573334675,0.24620927279827778,0.9692166909355943
-4.267120973436003,-19.13910401136401,0.8860022573334675,0.8860022573334675,0.29840363553958604,0.9544397677678554
-4.547314551590183,-19.043256153833642,0.8860022573334675,0.8860022573334675,0.3465797071431627,0.938020525679774
-4.823254399904554,-18.93362390213259,0.9013878188659974,0.9013878188659974,0.3886087244405857,0.921402875667675
-5.095383390693806,-18.812103920544423,0.9178779875342911,0.9178779875342911,0.4234737122994083,0.9059083921630035
-5.364213217685352,-18.680748621642294,0.9178779875342911,0.9178779875342911,0.4515369253150714,0.8922524334945866
-5.630222107170997,-18.54144124649408,0.894427190999916,0.894427190999916,0.47369231883485285,0.8806904036475361
-5.8938486831667785,-18.395876377387115,0.894427190999916,0.894427190999916,0.49078660378080324,0.8712798112829797
-6.155491967413034,-18.24555993782816,0.9178779875342911,0.9178779875342911,0.5035793105189568,0.8639490019771144
-6.415511379374476,-18.091809192543383,0.9178779875342911,0.9178779875342911,0.5127499745040414,0.858537980316599
-6.67422673624003,-17.935752747478446,0.9178779875342911,0.9178779875342911,0.5189126969425908,0.8548272415826293
-6.931918252923014,-17.778330549798397,0.9300537618869138,0.9300537618869138,0.5226330859155103,0.8525577150588873
-7.188826542060962,-17.62029388788776,0.9300537618869138,0.9300537618869138,0.5244446868117596,0.8514445199042128
-7.445152614015799,-17.46220539135047,0.9300537618869138,0.9300537618869138,0.5248632607357336,0.8511865585932694
-7.70105787687369,-17.304439031009913,0.9013878188659974,0.9013878188659974,0.524397973087757,0.8514732913142091
-7.9566641364451,-17.147180118908924,0.9178779875342911,0.9178779875342911,0.52355332841905,0.8519929062505945
-8.212054312694654,-16.990429509543723,0.9178779875342911,0.9178779875342911,0.522731699909581,0.8524972550745484
-8.467285293414005,-16.83407897541162,0.9300537618869138,0.9300537618869138,0.5220948800066364,0.8528874112512482
-8.722406102867565,-16.678017750223002,0.9300537618869138,0.9300537618869138,0.5216419403635705,0.8531645128893542
-8.97746047364522,-16.522147610568673,0.9300537618869138,0.9300537618869138,0.5213511704087234,0.8533422274289808
-9.232486847567786,-16.366382881228375,0.9300537618869138,0.9300537618869138,0.5212003975994377,0.8534343240942375
-9.487518375686841,-16.21065043517094,0.9300537618869138,0.9300537618869138,0.521167131658972,0.8534546390279684
-9.742582918284809,-16.054889693554237,0.9300537618869138,0.9300537618869138,0.5212286828495308,0.8534170493814518
-9.99770304487502,-15.899052625725117,0.9013878188659974,0.9013878188659974,0.5213622605023324,0.8533354518147586
-10.252896034201555,-15.743103749219536,0.9300537618869138,0.9300537618869138,0.5215450512402745,0.8532237452900496
-10.508173874239413,-15.587020129762394,0.9300537618869138,0.9300537618869138,0.5217542765993999,0.8530958180944488
-10.763543262194359,-15.430791381267714,0.9300537618869138,0.9300537618869138,0.5219672299660689,0.852965539070336
-11.019005604503073,-15.274419665838481,0.9300537618869138,0.9300537618869138,0.522161341605981,0.8528467232347452
-11.274557039576626,-15.117919639713728,0.9178779875342911,0.9178779875342911,0.5223169704620071,0.8527514188597934
-11.530189744392116,-14.961315347991581,0.9178779875342911,0.9178779875342911,0.5224248250156814,0.8526853477146975
-11.785895442278827,-14.804631887940518,0.9178779875342911,0.9178779875342911,0.5224853089699463,0.852648287343955
-12.041666429072922,-14.647892970215114,0.9013878188659974,0.9013878188659974,0.5225010158897982,0.852638662267979
-12.297495582962778,-14.49112089545785,0.9013878188659974,0.9013878188659974,0.5224745357760744,0.8526548888416553
-12.553376364488761,-14.334336554299172,0.9300537618869138,0.9300537618869138,0.522408438146092,0.8526953874354902
-12.809302816543438,-14.177559427357412,0.9300537618869138,0.9300537618869138,0.5223052759011694,0.8527585817602795
-13.065269564371398,-14.020807585238861,0.9300537618869138,0.9300537618869138,0.5221675889196111,0.8528428982420385
-13.321271815569345,-13.864097688537756,0.9178779875342911,0.9178779875342911,0.5219979073810118,0.8529467654489609
-13.577305360086145,-13.707444987836219,0.9178779875342911,0.9178779875342911,0.5217987548268351,0.8530686135717129
-13.833366570222658,-13.550863323704347,0.9178779875342911,0.9178779875342911,0.5215726509608565,0.8532068739582825
-14.089452400631949,-13.39436512670011,0.9013878188659974,0.9013878188659974,0.5213221141925244,0.8533599787040851
-14.345560388319099,-13.237961417369494,0.9013878188659974,0.9013878188659974,0.521049663925472,0.8535263602977665
-14.601688652641363,-13.081661806246322,0.9300537618869138,0.9300537618869138,0.5207578225921249,0.8537044513232369
-14.857835895308034,-12.925474493852414,0.9300537618869138,0.9300537618869138,0.52044911743529,0.8538926842178868
-15.114001400380499,-12.769406270697495,0.9300537618869138,0.9300537618869138,0.5201260820367903,0.8540894910868873
-15.370185034272332,-12.613462517279208,0.9178779875342911,0.9178779875342911,0.5197912575927546,0.8542933035732767
-15.626387245749099,-12.457647204083171,0.9178779875342911,0.9178779875342911,0.5194471939348012,0.8545025527833495
-15.882609065928554,-12.301962891582866,0.9178779875342911,0.9178779875342911,0.5190964502957411,0.8547156692668978
-16.13885210828047,-12.146410730239772,0.9013878188659974,0.9013878188659974,0.5187415958188316,0.8549310830513369
-16.395118568626813,-11.990990460503241,0.9013878188659974,0.9013878188659974,0.5183852098089042,0.8551472237289778
-16.651411225141548,-11.835700412810612,0.9300537618869138,0.9300537618869138,0.5180298817238043,0.8553625205965137
-16.907733438350824,-11.680537507587086,0.9300537618869138,0.9300537618869138,0.5176782109046354,0.8555754028456964
-17.164089151132846,-11.525497255245854,0.9300537618869138,0.9300537618869138,0.5173328060435355,0.8557842998040579
-17.4204828887179,-11.370573756188032,0.9300537618869138,0.9300537618869138,0.5169962025397644,0.8559876906588452
-17.676919728159625,-11.2157597861649,0.9300537618869138,0.9300537618869138,0.516669879775826,0.8561846969739845
-17.933404932567576,-11.061047819007872,0.9300537618869138,0.9300537618869138,0.516353291716418,0.8563756641413975
-18.18994356136122,-10.906431116406159,0.9300537618869138,0.9300537618869138,0.5160447387015308,0.8565616309749514
-18.446540431734594,-10.751903835655824,0.9300537618869138,0.9300537618869138,0.5157424118979774,0.8567436982958538
-18.703200118656472,-10.597461029659753,0.9178779875342911,0.9178779875342911,0.5154444973014269,0.8569229663170893
-18.959926954870237,-10.443098646927739,0.9178779875342911,0.9178779875342911,0.5151491763225401,0.8571005344381769
-19.216725030893897,-10.288813531576439,0.9178779875342911,0.9178779875342911,0.5148546262694056,0.8572775010514335
-19.473598195020173,-10.134603423329342,0.9178779875342911,0.9178779875342911,0.5145590207259869,0.8574549633593086
-19.730550053316378,-9.980466957516866,0.9178779875342911,0.9178779875342911,0.5142605298266132,0.8576340172022394
-19.987583969624524,-9.82640366507623,0.9178779875342911,0.9178779875342911,0.5139573204260155,0.8578157568968467
-20.244703065561218,-9.672413972551588,0.9178779875342911,0.9178779875342911,0.5136475561650695,0.8580012750839312
-20.501910220517786,-9.518499202093906,0.9178779875342911,0.9178779875342911,0.5133293974322974,0.8581916625858086
-20.759208071660137,-9.364661571461056,0.9178779875342911,0.9178779875342911,0.5130010012209519,0.858388008272658
-21.016599013928843,-9.210904194017782,0.9178779875342911,0.9178779875342911,0.5126605208820524,0.8585913989372027
-21.27408520003918,-9.057231078735654,0.9178779875342911,0.9178779875342911,0.5123061057732773,0.8588029191772811
-21.531668540480997,-8.903647130193168,0.9178779875342911,0.9178779875342911,0.5119359008038828,0.8590236512856424
-21.789350703518874,-8.750158148575633,0.9178779875342911,0.9178779875342911,0.5115480458757803,0.8592546751462401
-22.047133115191947,-8.59677082967528,0.894427190999916,0.894427190999916,0.5111406752207059,0.8594970681363148
-22.3050169593141,-8.443492764891158,0.9178779875342911,0.9178779875342911,0.5107119166335707,0.8597519050333443
-22.563003177473803,-8.290332441229223,0.9178779875342911,0.9178779875342911,0.5102598906019884,0.8600202579258507
-22.821092469034145,-8.137299241302298,0.9178779875342911,0.9178779875342911,0.5097827093316097,0.8603031961271117
-23.07928529113299,-7.9844034433300415,0.9178779875342911,0.9178779875342911,0.5092784756673334,0.860601786090383
-23.33758185868271,-7.831656221139023,0.9178779875342911,0.9178779875342911,0.5087452819098671,0.860917091324391
-23.595982144370435,-7.67906964416264,0.9178779875342911,0.9178779875342911,0.5081812085070312,0.8612501723194795
-23.85448587865051,-7.526656677461791,0.9300537618869138,0.9300537618869138,0.5075814752003357,0.8616037639387673
-24.11309150735047,-7.374434097886212,0.9300537618869138,0.9300537618869138,0.5069115765347131,0.8619980589160812
-24.37178637890495,-7.222449945887582,0.9300537618869138,0.9300537618869138,0.5060859898805746,0.8624830264107224
-24.63053802864891,-7.070807908242366,0.9300537618869138,0.9300537618869138,0.5049925367159915,0.8631237094768907
-24.889293504214884,-6.919669205294497,0.9178779875342911,0.9178779875342911,0.5035153514445326,0.8639862793237453
-25.147979365532787,-6.76925259095545,0.9178779875342911,0.9178779875342911,0.5015354725908916,0.8651370814691918
-25.40650168483016,-6.619834352704149,0.9178779875342911,0.9178779875342911,0.49879220220225373,0.8667216041049317
-25.664797894738975,-6.471827153420753,0.9300537618869138,0.9300537618869138,0.4913597879403575,0.8709566916874839
-25.92415979759629,-6.3277918402095805,0.9300537618869138,0.9300537618869138,0.4652839108989869,0.8851615006644514
-26.189565664161492,-6.195983705770395,0.9300537618869138,0.9300537618869138,0.39825617509474204,0.9172742332579206
-26.469808990582766,-6.090885413905088,0.9013878188659974,0.9013878188659974,0.27438556116362917,0.9616197605212365
-26.77023859263081,-6.030296316771421,0.9,0.9,0.0986276936404444,0.9951244033020026
-27.080386194079573,-6.0303705464468065,0.9055385138137417,0.9055385138137417,-0.12241812824096682,0.9924786153252765
-27.37228837773077,-6.10455666521798,0.894427190999916,0.894427190999916,-0.39569194673897323,0.9183832986754069
-27.61215093221523,-6.25948514897009,0.9192388155425117,0.9192388155425117,-0.685737856965647,0.7278486048102049
-27.779509131917848,-6.488217065804994,0.9013878188659974,0.9013878188659974,-0.8919900141374175,0.4520551013749648
-27.87044802193606,-6.769154045551415,0.873212459828649,0.873212459828649,-0.9810256345491911,0.19387806569428376
-27.894746173813097,-7.071318056337472,0.8514693182963202,0.8514693182963202,-0.9999774927734861,-0.006709243359162532
-27.86640436320822,-7.371840145881394,0.9192388155425117,0.9192388155425117,-0.9874452789757825,-0.1579614542489369
-27.800216018720576,-7.66224294881064,0.9013878188659974,0.9013878188659974,-0.9651877297205522,-0.26155811284853364
-27.710937313054302,-7.945536322039789,0.9178779875342911,0.9178779875342911,-0.9480182686698039,-0.3182159051152339
-27.610797888196675,-8.226551159894282,0.9013878188659974,0.9013878188659974,-0.9410867881097894,-0.3381651331009753
-27.508627570965903,-8.508548314551865,0.9013878188659974,0.9013878188659974,-0.9424814626013037,-0.3342584219625698
-27.40984311235481,-8.793167103152,0.9192388155425117,0.9192388155425117,-0.9479078621098677,-0.31854463572676933
-27.316448187530863,-9.080425307796087,0.9192388155425117,0.9192388155425117,-0.953086590923573,-0.30269778691242855
-27.2270467436797,-9.368727201000258,0.9192388155425117,0.9192388155425117,-0.9549988890859202,-0.29660937585426767
-27.137847985898787,-9.655467798135152,0.9192388155425117,0.9192388155425117,-0.9529516616632552,-0.30312230292942943
-27.045696187846215,-9.938854545161105,0.9340770846134703,0.9340770846134703,-0.9481260135096325,-0.31789473494591264
-26.949068028063092,-10.218506971727404,0.9340770846134703,0.9340770846134703,-0.9423723273707002,-0.33456598243983177
-26.84808559010505,-10.495464507562009,0.9192388155425117,0.9192388155425117,-0.9380325161889449,-0.3465472530149918
-26.744516362542402,-10.772186482471387,0.9192388155425117,0.9192388155425117,-0.9377572926732534,-0.3472913186909949
-26.64177262924478,-11.052551521279943,0.9192388155425117,0.9192388155425117,-0.9431301827485046,-0.3324236128628236
-26.54403268005531,-11.340985463006415,0.9192388155425117,0.9192388155425117,-0.9504138107334793,-0.31098808396314187
-26.45058332831312,-11.636847066479888,0.9013878188659974,0.9013878188659974,-0.9509170690859037,-0.30944583972171064
-26.352112768262486,-11.930749152139807,0.894427190999916,0.894427190999916,-0.9335924657484357,-0.3583365846487851
-26.23214257521334,-12.20596183187915,0.9340770846134703,0.9340770846134703,-0.883069779683747,-0.469241690612949
-26.07710042540892,-12.448297131938407,0.8746427842267951,0.8746427842267951,-0.7875085105377891,-0.6163037772320992
-25.882747442247535,-12.652416406580603,0.890224690738243,0.890224690738243,-0.6609405580576359,-0.7504382577630626
-25.653566776263755,-12.821319913661476,0.9178779875342911,0.9178779875342911,-0.5369384874155965,-0.8436213965588185
-25.397214085369292,-12.961443118439071,0.9192388155425117,0.9192388155425117,-0.4364097332589635,-0.8997480451308801
-25.121062243204257,-13.079603510374243,0.9340770846134703,0.9340770846134703,-0.3647769437611982,-0.9310949367815505
-24.832043505942046,-13.182861137722732,0.9192388155425117,0.9192388155425117,-0.3222145615045715,-0.9466666659148915
-24.536649512289504,-13.27851860753508,0.9192388155425117,0.9192388155425117,-0.3078461601857222,-0.951436146916285
-24.240931283486713,-13.37412108565672,0.9178779875342911,0.9178779875342911,-0.3212992494550855,-0.946977714785094
-23.95049127657355,-13.477395728144188,0.9178779875342911,0.9178779875342911,-0.36155527065302123,-0.9323506777296945
-23.67036886997265,-13.595378872849883,0.894427190999916,0.894427190999916,-0.42472305122635334,-0.9053233288483051
-23.40490098920178,-13.733353753512635,0.9013878188659974,0.9013878188659974,-0.5042397572460856,-0.8635637018844693
-23.157705744382053,-13.894725787770822,0.9013878188659974,0.9013878188659974,-0.5920742653924169,-0.8058834061202835
-22.931682429475153,-14.08102257134952,0.9178779875342911,0.9178779875342911,-0.6796189766888099,-0.7335652980644973
-22.72901152228355,-14.291893878060412,0.9192388155425117,0.9192388155425117,-0.7594163173697607,-0.650604992996942
-22.551172201595985,-14.525171754168477,0.8845903006477066,0.8845903006477066,-0.8273255523150347,-0.561722734528898
-22.39917915534169,-14.777682913073217,0.9013878188659974,0.9013878188659974,-0.8827495389041212,-0.46984385870687023
-22.27385802959811,-15.046193691406206,0.873212459828649,0.873212459828649,-0.9265053356316965,-0.37628162730327075
-22.175875945790825,-15.32751474141761,0.873212459828649,0.873212459828649,-0.9594603691439529,-0.28184357371093216
-22.105741501231638,-15.61850103282223,0.8381527307120106,0.8381527307120106,-0.9823481158902996,-0.18706196622183371
-22.06380476911854,-15.916051852799567,0.8246211251235321,0.8246211251235321,-0.9957319083078184,-0.09229283167001787
-22.050257298535726,-16.217110805993652,0.8,0.8,-0.9999975741837507,0.0022026408272694856
-22.06513211445359,-16.51866581451323,0.8381527307120106,0.8381527307120106,-0.9953626948151608,0.09619306508424065
-22.108303717728745,-16.817749117931584,0.8544003745317531,0.8544003745317531,-0.9818952415313998,0.18942474668847775
-22.179488085103987,-17.11143727328673,0.9013878188659974,0.9013878188659974,-0.9595380871770093,0.2815788686259785
-22.278242669208336,-17.396851155081215,0.9013878188659974,0.9013878188659974,-0.9281384634037357,0.37223513099995315
-22.403966398556975,-17.671155955282234,0.894427190999916,0.894427190999916,-0.887484794369098,0.4608369991261984
-22.555897485375343,-17.931561753185964,0.894427190999916,0.894427190999916,-0.8374253321087362,0.5465517479091737
-22.73302930420169,-18.17534538308731,0.9013878188659974,0.9013878188659974,-0.778140269095476,0.628090536158618
-22.933924497131137,-18.399898758312762,0.8845903006477066,0.8845903006477066,-0.7102185933646227,0.7039812139817204
-23.156670759131014,-18.602740364991842,0.9013878188659974,0.9013878188659974,-0.6344299796246649,0.7729803367185011
-23.398880612598063,-18.781515320661967,0.9013878188659974,0.9013878188659974,-0.5515162826875778,0.834164126494586
-23.657691407358307,-18.93399537426828,0.8746427842267951,0.8746427842267951,-0.462015048782042,0.8868720847444277
-23.929765861457227,-19.058079414141147,0.894427190999916,0.894427190999916,-0.366220152728332,0.9305282369362239
-24.21143470195634,-19.151927453995036,0.873212459828649,0.873212459828649,-0.2649328595608946,0.9642668613640558
-24.499347965980732,-19.214572415977443,0.8558621384311845,0.8558621384311845,-0.16063730996224126,0.9870135027688804
-24.790792598252008,-19.246218457821467,0.8015609770940699,0.8015609770940699,-0.05753655972585636,0.9983433999856527
-25.08370198247578,-19.248249925911995,0.8381527307120106,0.8381527307120106,0.03920612041393017,0.9992311444916478
-25.37665594134196,-19.22323135528577,0.8631338250816034,0.8631338250816034,0.12436237175914328,0.9922368671292358
-25.6688803393239,-19.17490638187467,0.873212459828649,0.873212459828649,0.19380302819952575,0.9810404610721689
-25.9601606021472,-19.107960910569346,0.9192388155425117,0.9192388155425117,0.24647446812318485,0.9691492849728535
-26.250467025890114,-19.026997002523533,0.9192388155425117,0.9192388155425117,0.2843407964896741,0.9587232715709042
-26.539780510683798,-18.93605563681447,0.9013878188659974,0.9013878188659974,0.31007833449628885,0.9507110110207032
-26.828087774333113,-18.838603602666502,0.9192388155425117,0.9192388155425117,0.32604805846237106,0.9453531951460884
-27.115381352316476,-18.737533499451153,0.9192388155425117,0.9192388155425117,0.3342848880408244,0.9424720757813111
-27.401659597786036,-18.635163736687044,0.9192388155425117,0.9192388155425117,0.33658717254777704,0.9416523112467218
-27.686926681567517,-18.533238534039985,0.9192388155425117,0.9192388155425117,0.33462066528176526,0.9423529117938718
-27.97119259216033,-18.432927921322865,0.9192388155425117,0.9192388155425117,0.33000891465842724,0.9439778155475725
-28.25447313573754,-18.334827738495765,0.9192388155425117,0.9192388155425117,0.3243979461481705,0.9459207009759585
-28.536789936145784,-18.2389596356659,0.9013878188659974,0.9013878188659974,0.31949012496961454,0.9475896052864341
-28.818170434905458,-18.144771073087586,0.9013878188659974,0.9013878188659974,0.31704547358322255,0.9484103371855402
-29.098647891210476,-18.051135321162317,0.9192388155425117,0.9192388155425117,0.3188218135506748,0.9478146713383682
-29.378263394243284,-17.956369417729267,0.9192388155425117,0.9192388155425117,0.32575904200506645,0.9454528261906785
-29.657119412541995,-17.85871202648661,0.9192388155425117,0.9192388155425117,0.3366029960178652,0.9416466551057233
-29.935476546924296,-17.75718683093196,0.9340770846134703,0.9340770846134703,0.348466311943246,0.9373213053380748
-30.213771882865686,-17.65176630545893,0.9192388155425117,0.9192388155425117,0.3582917300655252,0.9336096808445448
-30.492619028684636,-17.543372056108357,0.8860022573334675,0.8860022573334675,0.36315337834797545,0.9317293726154887
-30.772808115542524,-17.433874820568178,0.8860022573334675,0.8860022573334675,0.3602287299987201,0.9328640104985878
-31.05530367317884,-17.3260893947614,0.9013878188659974,0.9013878188659974,0.34773516832875034,0.9375927968512641
-31.340982958488652,-17.223149679210916,0.894427190999916,0.894427190999916,0.3286113266565329,0.944465243401277
-31.629686919395688,-17.126242082361774,0.9013878188659974,0.9013878188659974,0.3110266672523377,0.9504011848992527
-31.919846045692097,-17.033711934741593,0.9192388155425117,0.9192388155425117,0.3047528131122029,0.9524314793727676
-32.2084729991476,-16.941045887344426,0.9340770846134703,0.9340770846134703,0.3198094352103537,0.9474818864497804
-32.491162613509644,-16.840871911630785,0.9340770846134703,0.9340770846134703,0.3664930083890007,0.9304208052284622
-32.76209301275009,-16.722974813321404,0.9192388155425117,0.9192388155425117,0.451901751069175,0.8920677145713847
-33.014144169807814,-16.575941035636042,0.9178779875342911,0.9178779875342911,0.5689543761540685,0.8223690885819668
-33.23930570562535,-16.39281618535568,0.8321658488546619,0.8321658488546619,0.6966776538623114,0.7173843088672246
-33.428829787528805,-16.17322494654219,0.8200609733428363,0.8200609733428363,0.8146816826751607,0.5799084030375562
-33.573806302897516,-15.922894542533948,0.8381527307120106,0.8381527307120106,0.9085364385062312,0.41780562455095455
-33.66959086045419,-15.649679558751718,0.9,0.9,0.9681756317083172,0.2502717446421007
-33.7191749577504,-15.360536256967018,0.9500000000000001,0.9500000000000001,0.994301787938524,0.10660185036974935
-33.73266869030124,-15.061337060205393,0.9340770846134703,0.9340770846134703,0.9999893287158953,0.004619789425190224
-33.72196371048785,-14.75688905117166,0.9,0.9,0.9982814074467826,-0.05860231690019334
-33.69683686622015,-14.450947477213768,0.9340770846134703,0.9340770846134703,0.9956356453206618,-0.09332556866641192
-33.66472253024871,-14.146216539439916,0.9,0.9,0.9941110196853586,-0.10836641795379426
-33.63071260016462,-13.844349392718266,0.9055385138137417,0.9055385138137417,0.9937981303367588,-0.1111992632132182
-33.597556576070545,-13.545948176541174,0.9486832980505139,0.9486832980505139,0.9940837164182657,-0.1086165951963562
-33.565841631094465,-13.25063556929804,0.9013878188659974,0.9013878188659974,0.9944370851611695,-0.10533225363656214
-33.535232291282476,-12.95754739748589,0.9219544457292888,0.9219544457292888,0.9946919398515797,-0.10289773950044488
-33.505329191693775,-12.665673877964068,0.9,0.9,0.9948412389783247,-0.10144411874560277
-33.47571543434255,-12.373878039120239,0.9013878188659974,0.9013878188659974,0.9948853253112859,-0.10101083842962995
-33.44595658819813,-12.080895720870611,0.9219544457292888,0.9219544457292888,0.9948239991781397,-0.10161304374543988
-33.41560068918493,-11.7853355746597,0.9,0.9,0.9946682862825713,-0.10312613763587195
-33.38425028056909,-11.485728397927543,0.9013878188659974,0.9013878188659974,0.9946312537295816,-0.10348269954113443
-33.35276105261313,-11.181347982680899,0.873212459828649,0.873212459828649,0.9953294866177909,-0.09653607133690939
-33.32485281649254,-10.873314337494248,0.9,0.9,0.9972959620070674,-0.07348989157971302
-33.307323765317015,-10.564740417056433,0.8514693182963202,0.8514693182963202,0.9997081837447407,-0.02415672481508651
-33.31005051765902,-10.260732151979632,0.8500000000000001,0.8500000000000001,0.9979048283221829,0.06469894598271857
-33.3459881175537,-9.96838844879956,0.873212459828649,0.873212459828649,0.9777778716266122,0.2096435874462471
-33.43090015531705,-9.697089338309459,0.9013878188659974,0.9013878188659974,0.9080256581517481,0.4189145546983117
-33.5791612846754,-9.462969823057405,0.9192388155425117,0.9192388155425117,0.744092792850997,0.6680762797968531
-33.79689522582839,-9.289449818059921,0.9617692030835672,0.9617692030835672,0.5011004423570705,0.865389130200714
-34.07264297663374,-9.177221036175734,0.9219544457292888,0.9219544457292888,0.3159948074099209,0.9487609191413646
-34.377621907537254,-9.096032686048973,0.8500000000000001,0.8500000000000001,0.26336094413581146,0.964697368662263
-34.67995196594763,-9.011426587052625,0.8544003745317531,0.8544003745317531,0.33561674423220555,0.9419986204825219
-34.94878888723758,-8.89253641973621,0.8321658488546619,0.8321658488546619,0.5250925429094464,0.8510451347495568
-35.15853574383337,-8.716141692439857,0.890224690738243,0.890224690738243,0.7646545564924045,0.6444403845472474
-35.29929457858922,-8.476647253887544,0.8544003745317531,0.8544003745317531,0.9223079337326503,0.3864557870880046
-35.379570184432126,-8.188625156257238,0.9,0.9,0.9802277337351772,0.1978726611141581
-35.41995089260984,-7.878936258405252,0.9500000000000001,0.9500000000000001,0.9956481243366568,0.09319234144980505
-35.43770356267488,-7.567539902809341,0.9500000000000001,0.9500000000000001,0.9993164797732048,0.03696719158510729
-35.442754076963034,-7.2625086387146816,0.9500000000000001,0.9500000000000001,0.9999962460842132,0.002740039686151088
-35.439359807957956,-6.963081845490518,0.9013878188659974,0.9013878188659974,0.9997761382801977,-0.021158292122353175
-35.430151430999885,-6.6670057200344806,0.9,0.9,0.9992952417918943,-0.03753691159484752
-35.41717260026278,-6.372421342630162,0.9,0.9,0.9988510857887885,-0.047921899154336756
-35.40188679555978,-6.077877110839626,0.9,0.9,0.9985332870034108,-0.05414124810312394
-35.38517732234313,-5.782328739503585,0.9013878188659974,0.9013878188659974,0.9983065511031889,-0.05817241635394011
-35.36734731170429,-5.48513926074132,0.9,0.9,0.9980741950518566,-0.06203145308300156
-35.348119720373816,-5.186079023950613,0.9500000000000001,0.9500000000000001,0.9977046867234376,-0.0677152722071415
-35.326637330721454,-4.885325695807922,0.9486832980505139,0.9486832980505139,0.9970161544928613,-0.0771931841568091
-35.301462750756095,-4.5834642602681654,0.9,0.9,0.9957182505349675,-0.092440064645064
-35.27057841412578,-4.281487018564949,0.9500000000000001,0.9500000000000001,0.9933077233789915,-0.11549790766782252
-35.2313865801177,-3.9807935892103408,0.9340770846134703,0.9340770846134703,0.9889062873771028,-0.1485407512638699
-35.180710030240704,-3.6831905301992873,0.9340770846134703,0.9340770846134703,0.9810911615751845,-0.19354620295695618
-35.11499141636396,-3.390783221327843,0.912414379544733,0.912414379544733,0.9681156742763888,-0.2505035752646519
-35.03122307533989,-3.1054715735479386,0.9340770846134703,0.9340770846134703,0.9485713565921394,-0.31656339247131576
-34.92740915170053,-2.8286993938981286,0.9178779875342911,0.9178779875342911,0.921889740799498,-0.38745232714313954
-34.80257995890548,-2.561446596592692,0.894427190999916,0.894427190999916,0.888673908234222,-0.45853973091076156
-34.65679197934202,-2.30422920302183,0.894427190999916,0.894427190999916,0.8508406123607171,-0.5254238787470932
-34.4911278643248,-2.057099341751602,0.9219544457292888,0.9219544457292888,0.8113037097555482,-0.5846249143997245
-34.307635776604485,-1.8196933654481349,0.890224690738243,0.890224690738243,0.7725627957839615,-0.6349383643870238
-34.10867602442197,-1.5917501373870144,0.8845903006477066,0.8845903006477066,0.7351327875218843,-0.6779231407101428
-33.896277927387985,-1.373621201505246,0.9192388155425117,0.9192388155425117,0.6978943420369967,-0.7162007311869679
-33.672082569955585,-1.166316193557469,0.890224690738243,0.890224690738243,0.659015084138845,-0.7521297221074773
-33.437342801420066,-0.9715028411158118,0.890224690738243,0.890224690738243,0.6161196156846773,-0.787652600559768
-33.19292323592682,-0.7915069635444885,0.8845903006477066,0.8845903006477066,0.5664032255319568,-0.8241282582868975
-32.93932587507705,-0.6292279699245905,0.890224690738243,0.890224690738243,0.5079171814319587,-0.8614059071112844
-32.676953067943764,-0.4872716300490664,0.8746427842267951,0.8746427842267951,0.44129938687300896,-0.8973599339983407
-32.4063570509165,-0.3671271044708444,0.894427190999916,0.894427190999916,0.3694884937244789,-0.9292353055094364
-32.128261091821244,-0.26909721225176636,0.9192388155425117,0.9192388155425117,0.2966582424762739,-0.9549837104217476
-31.843559489920285,-0.19229843096254293,0.9192388155425117,0.9192388155425117,0.2276838620288982,-0.9737351071886058
-31.553317575912196,-0.13466089668274187,0.9340770846134703,0.9340770846134703,0.1674880833075642,-0.9858741004560159
-31.258767167563096,-0.09294928976968689,0.9340770846134703,0.9340770846134703,0.1195905078519559,-0.9928233027239597
-30.961182028295518,-0.0633352230584562,0.9,0.9,0.08427203251948068,-0.99644278537959
-30.661648961347986,-0.042449285524119945,0.9500000000000001,0.9500000000000001,0.0594632759049935,-0.9982304938332863
-30.36102352548302,-0.027584571420451398,0.9500000000000001,0.9500000000000001,0.04275847845204681,-0.9990854380484513
-30.059929934190578,-0.016697143537991982,0.9500000000000001,0.9500000000000001,0.03182801945647553,-0.9994933602468193
-29.758761055688073,-0.008406033204044455,0.9500000000000001,0.9500000000000001,0.024421648493922938,-0.999701747065013
-29.457681400018792,-0.0019848535467980534,0.9500000000000001,0.9500000000000001,0.018689734827241927,-0.9998253316515278
-29.156701935058344,0.002848257879284333,0.9,0.9,0.013758612094476267,-0.9999053458169097
-28.855810515490052,0.006296838381176253,0.9,0.9,0.009480080736302198,-0.9999550630249507
-28.55499561742193,0.008552738692132633,0.9,0.9,0.005817067382136142,-0.9999830807204049
-28.254246378895036,0.009796236705724659,0.9,0.9,0.0027322499422329973,-0.9999962673981604
-27.953552599883675,0.010196037475838008,0.9,0.9,0.00018797386056847767,-0.9999999823329138
-27.652904742295316,0.009909273216673939,0.9,0.9,-0.001853665176150166,-0.9999982819612315
-27.352293929970486,0.0090815033027487,0.9,0.9,-0.0034307577060101618,-0.9999941149334644
-27.051711948682982,0.007846714268893967,0.9,0.9,-0.004581532239619648,-0.9999895047260933
-26.75115124613967,0.006327319810256227,0.9,0.9,-0.005344318929807439,-0.9999857190256152
-26.45060493198066,0.004634160782297654,0.9,0.9,-0.005757522328007887,-0.9999834253309614
-26.15006677777914,0.0028665052007950317,0.9,0.9,-0.005859600888659047,-0.9999828323913494
-25.8495312170415,0.0011120482418408018,0.9,0.9,-0.005689051345670746,-0.9999838172164519
-25.54899334520731,-0.0005530877581574128,0.9500000000000001,0.9500000000000001,-0.005284396508641063,-0.9999860374792937
-25.24844891964922,-0.002064353302477227,0.9500000000000001,0.9500000000000001,-0.004684175407628683,-0.9999890291901959
-24.947894359673143,-0.003368771734080543,0.9500000000000001,0.9500000000000001,-0.003926935051633708,-0.9999922895608246
-24.64732674651804,-0.004424939235614524,0.9500000000000001,0.9500000000000001,-0.003051223356021313,-0.9999953450071813
-24.34674382335613,-0.005203024829410769,0.9500000000000001,0.9500000000000001,-0.002095583037015626,-0.9999978042634569
-24.046143995292706,-0.005684770377485972,0.9500000000000001,0.9500000000000001,-0.001098546466472588,-0.9999993965976485
-23.745526329366278,-0.005863490581541439,0.9500000000000001,0.9500000000000001,-9.86316271480255e-05,-0.9999999951359011
-23.44489055454853,-0.005744072982963391,0.9500000000000001,0.9500000000000001,0.0008656605925285115,-0.9999996253157991
-23.14423706174419,-0.005342977962822795,0.9500000000000001,0.9500000000000001,0.0017558474744645432,-0.9999984584986351
-22.8435669037913,-0.0046882387418755314,0.9500000000000001,0.9500000000000001,0.002533463625205665,-0.9999967907758803
-22.542881795460932,-0.0038194613805621067,0.9500000000000001,0.9500000000000001,0.0031600579608434026,-0.999995007004377
-22.242184113457405,-0.0027878247790081067,0.9500000000000001,0.9500000000000001,0.0035976989500379392,-0.9999935282601907
-21.941476880521098,-0.001655773546710736,0.9500000000000001,0.9500000000000001,0.003819234796975457,-0.9999927066961867
-21.640763445722506,-0.0004908412845762214,0.9500000000000001,0.9500000000000001,0.0038234043958865487,-0.9999926907627003
-21.34004699773814,0.0006437529187237967,0.9,0.9,0.003626985280476032,-0.9999934224672556
-21.039330489433382,0.001690561543326208,0.9,0.9,0.0032491648727422462,-0.9999947214498833
-20.738616637811198,0.002597909632713251,0.9,0.9,0.0027091222793011447,-0.9999963303215046
-20.437907924011917,0.0033198947937131996,0.9,0.9,0.002026030449821572,-0.999997947598202
-20.137206593313458,0.0038163871964997315,0.9,0.9,0.0012190595972006112,-0.9999992569465732
-19.836514655131104,0.004053029574592466,0.9,0.9,0.00030738012626719467,-0.9999999527587279
-19.53583388301773,0.004001237224856585,0.9,0.9,-0.0006898349850703543,-0.9999997620638184
-19.23516581466358,0.0036381980075029887,0.9,0.9,-0.0017534083703350995,-0.9999984627783619
-18.934511751896444,0.0029468723460883244,0.9,0.9,-0.0028641570106374852,-0.9999958982938972
-18.63387276068159,0.0019159932275149936,0.9,0.9,-0.004002891482168346,-0.9999919883977981
-18.33324967112171,0.0005400662020308822,0.9,0.9,-0.005150415654251955,-0.9999867365213343
-18.03264307745704,-0.0011806306167700218,0.9500000000000001,0.9500000000000001,-0.006287526762576774,-0.9999802333082439
-17.732053338065196,-0.003240046551948628,0.9500000000000001,0.9500000000000001,-0.007395015773475125,-0.9999726564970215
-17.4314805754614,-0.005626358363219384,0.9500000000000001,0.9500000000000001,-0.008453667952296151,-0.9999642671106564
-17.13092467629822,-0.008321970246951851,0.9340770846134703,0.9340770846134703,-0.009444263552024186,-0.9999554019484869
-16.8303852913658,-0.011303513836169322,0.9,0.9,-0.010347578547360372,-0.9999464623759645
-16.529861835591735,-0.01454184820054922,0.9,0.9,-0.011144385354548956,-0.999937899409293
-16.229353488041035,-0.018002059846424143,0.9,0.9,-0.011815453498278169,-0.9999301950929524
-15.928859191916294,-0.02164346271677983,0.9,0.9,-0.012341550214047736,-0.9999238401689972
-15.628377654557466,-0.02541959819125755,0.9,0.9,-0.012703441007468669,-0.9999193080376885
-15.327907347442098,-0.029278235086151575,0.9,0.9,-0.012881890231033165,-0.9999170250096133
-15.0274465061851,-0.033161369654411826,0.9,0.9,-0.012857663338429966,-0.999917336830138
-14.726993130569326,-0.037005226519583385,0.9,0.9,-0.012613334277940352,-0.9999204487349946
-14.426545019855753,-0.040741343966140244,0.9,0.9,-0.012144528201598299,-0.9999262524980332
-14.12609999254175,-0.04430332839728872,0.9,0.9,-0.01146528277541988,-0.999934271485321
-13.825656026416489,-0.047631159049870704,0.9,0.9,-0.010597146905022456,-0.9999438486622503
-13.525211265201072,-0.05067139208978509,0.9500000000000001,0.9500000000000001,-0.00956201579693342,-0.9999542828819221
-13.224764018548697,-0.05337716061198549,0.9500000000000001,0.9500000000000001,-0.008381790923118231,-0.9999648721734785
-12.924312762044462,-0.055708174640482166,0.9500000000000001,0.9500000000000001,-0.0070783793790072606,-0.9999749479588811
-12.623856137205575,-0.0576307211283406,0.9500000000000001,0.9500000000000001,-0.005673692861755016,-0.9999839044751223
-12.323392951481232,-0.059117663957682066,0.9500000000000001,0.9500000000000001,-0.004189646261076513,-0.9999912233935891
-12.022922178252578,-0.0601484439396841,0.9500000000000001,0.9500000000000001,-0.0026481559047816282,-0.9999964936290047
-11.722442956832865,-0.06070907881457951,0.9500000000000001,0.9500000000000001,-0.0010711375420534629,-0.9999994263320184
-11.421954592467253,-0.06079216325165717,0.9500000000000001,0.9500000000000001,0.0005194958204198401,-0.9999998650620372
-11.121456556333008,-0.060396868849261674,0.9500000000000001,0.9500000000000001,0.0021018360912283783,-0.9999977911400832
-10.820948485539326,-0.059528944134793316,0.9500000000000001,0.9500000000000001,0.0036539821234812197,-0.9999933241850374
-10.520430183127461,-0.058200714564708225,0.9500000000000001,0.9500000000000001,0.005154041442772255,-0.9999867178401952
-10.219901618070695,-0.056431082524518526,0.9500000000000001,0.9500000000000001,0.006580131519738227,-0.9999783507002454
-9.919362925274244,-0.05424552732879161,0.9500000000000001,0.9500000000000001,0.00791038044553298,-0.9999687124511482
-9.61881440557543,-0.05167610522115137,0.9500000000000001,0.9500000000000001,0.009122926889797135,-0.9999583852365874
-9.318256525743479,-0.04876144937427661,0.9,0.9,0.010195919250654023,-0.9999480202643706
-9.017689918479748,-0.0455467698899029,0.9,0.9,0.011107513944892771,-0.9999383096641332
-8.717115382417484,-0.04208385379882055,0.9,0.9,0.01183587283371042,-0.9999299536038833
-8.416533882122026,-0.03843106506087644,0.9,0.9,0.012359159835177344,-0.9999236226673358
-8.11594654809073,-0.03465334456497335,0.9,0.9,0.012655536838958592,-0.9999199154868943
-7.815354676752876,-0.030822210129068803,0.9,0.9,0.01270315911184251,-0.9999193116189822
-7.514759730469865,-0.027015756500177436,0.9,0.9,0.012480372135631457,-0.9999221171228068
-7.214163335699654,-0.02331853406012346,0.9,0.9,0.011974865545957353,-0.9999282987270418
-6.913567199649456,-0.01981604054757046,0.9,0.9,0.011205495274902206,-0.999937216466936
-6.612972909839205,-0.01658147460743281,0.9,0.9,0.010218872022739639,-0.9999477859641387
-6.3123818818706035,-0.013672283932910081,0.9,0.9,0.009067385997370794,-0.9999588904105882
-6.011795359068811,-0.011130141599581986,0.9,0.9,0.007803474516733254,-0.999969552429206
-5.711214412482634,-0.008980946065410219,0.9055385138137417,0.9055385138137417,0.006479586705133788,-0.9999790072577177
-5.410639940884436,-0.00723482117073754,0.9500000000000001,0.9500000000000001,0.005148185028116141,-0.9999867480076505
-5.110072670770075,-0.005886116138287474,0.9500000000000001,0.9500000000000001,0.003861744889008347,-0.9999925434354059
-4.809513156359069,-0.004913405573165292,0.9500000000000001,0.9500000000000001,0.002672752998572013,-0.9999964281893254
-4.508961779594397,-0.004279489462857063,0.9500000000000001,0.9500000000000001,0.0016337052471065833,-0.9999986655026923
-4.2084187501427115,-0.003931393177230343,0.9500000000000001,0.9500000000000001,0.0007971047048945135,-0.9999996823119942
-3.9078841053941167,-0.0038003674685337177,0.9500000000000001,0.9500000000000001,0.00021544319820266473,-0.9999999767921139
-3.6073577104982637,-0.003801898661529058,0.9500000000000001,0.9500000000000001,-6.45226598006975e-05,-0.9999999979184132
-3.306839270482205,-0.0038391484800224932,0.9500000000000001,0.9500000000000001,-2.9577449402701936e-05,-0.9999999995625872
-3.0063283891575123,-0.0038196755758783244,0.9500000000000001,0.9500000000000001,0.0002913269816538315,-0.9999999575642939
-2.7058245994913595,-0.003664056682562855,0.9500000000000001,0.9500000000000001,0.0008544120937399731,-0.9999996349899204
-2.4053273646146622,-0.003306172844725139,0.9500000000000001,0.9500000000000001,0.0016154152078039317,-0.9999986952160019
-2.104836077822278,-0.0026932094181971017,0.9500000000000001,0.9500000000000001,0.0025300654500067313,-0.9999967993792873
-1.8043500625727986,-0.0017856560699932766,0.9500000000000001,0.9500000000000001,0.0035540842575421004,-0.9999936842226006
-1.5038685724887377,-0.000557306778311137,0.9500000000000001,0.9500000000000001,0.0046431868041903615,-0.9999892203500502
-1.2033907913564486,0.0010047401674689556,0.9,0.9,0.005753084230877405,-0.9999834508739794
-0.9029158331260455,0.002900082166784287,0.9,0.9,0.006839486386148621,-0.9999766104394511
-0.6024427419115891,0.005115012307888749,0.9,0.9,0.007858104674047295,-0.9999691246188213
-0.30197049199087617,0.007622519367854157,0.9,0.9,0.008344929524800732,-0.9999651804694132
