-0.00467942153792948,0.1137792779188874,0.9500000000000001,0.9500000000000001,0.029547310191136298,-0.9995633829129941
0.26337935054122785,0.12170315330635485,0.9500000000000001,0.9500000000000001,0.037066609363472856,-0.9993127971112427
0.5430279316072479,0.1340948933730483,0.9500000000000001,0.9500000000000001,0.04191408470483978,-0.9991212186233238
0.8372969774436697,0.1457795432170155,0.9500000000000001,0.9500000000000001,0.03268988099173112,-0.9994655430182405
1.1398354296128212,0.15361489205740406,0.9,0.9,0.017629916815066708,-0.9998445809390046
1.4439998735317976,0.15647732744608892,0.9,0.9,0.0026600148477142673,-0.9999964621542468
1.7470093369047193,0.15522998937991045,0.9,0.9,-0.007479454600939663,-0.9999720284882335
2.0488496316045786,0.15195325459503725,0.9,0.9,-0.011252872032112341,-0.9999366844310839
2.3499164156219963,0.1484451235882126,0.9500000000000001,0.9500000000000001,-0.010041838070927171,-0.9999495794729638
2.650527615454362,0.14591099705656627,0.9500000000000001,0.9500000000000001,-0.005794172229398907,-0.9999832136431971
2.9509219481875157,0.14496273556509853,0.9500000000000001,0.9500000000000001,-0.0004856623899620871,-0.9999998820660145
3.2512589758672736,0.14561924439393542,0.9500000000000001,0.9500000000000001,0.004067034743442076,-0.9999917295799979
3.5516283441940795,0.14740584955384384,0.9500000000000001,0.9500000000000001,0.006882434047180857,-0.9999763157703218
3.8520869882805697,0.14975450150344785,0.9500000000000001,0.9500000000000001,0.007939212867975056,-0.9999684839528878
4.152675314927349,0.152177839792416,0.9,0.9,0.007514603167186337,-0.9999717649710115
4.453417592796217,0.1542733899596137,0.9,0.9,0.0058932634985065565,-0.9999826345718895
4.75432195241016,0.15572356353310332,0.9,0.9,0.0033594379608414197,-0.9999943570723723
5.055380386153362,0.15629565803014425,0.9,0.9,0.00019642017628094372,-0.999999980709557
5.356568748271194,0.15584185695719285,0.9,0.9,-0.003313740588039251,-0.9999945095465851
5.657846754870225,0.1542992298099025,0.9,0.9,-0.006890309473490772,-0.9999762615359225
5.959157983918207,0.15168973207312325,0.9,0.9,-0.010253688737703682,-0.9999474295518092
6.260429875244094,0.14812020522090252,0.9500000000000001,0.9500000000000001,-0.013127259093861567,-0.9999138338220362
6.561574345178112,0.14378097494910932,0.9500000000000001,0.9500000000000001,-0.015293960149655015,-0.9998830405517141
6.862503048189176,0.13891104500840645,0.9500000000000001,0.9500000000000001,-0.016692463599127134,-0.999860671123228
7.163153845645598,0.13373773172177675,0.9500000000000001,0.9500000000000001,-0.017377457811085375,-0.9998490005795995
7.463495593441446,0.12846574517428738,0.9500000000000001,0.9500000000000001,-0.017420754186575394,-0.9998482471473213
7.763528149926817,0.12327717112704659,0.9500000000000001,0.9500000000000001,-0.016894049925667353,-0.9998572853548195
8.063282375907846,0.11833147101720418,0.9500000000000001,0.9500000000000001,-0.015869545417775695,-0.9998740708350393
8.362820134646704,0.11376548195795091,0.9500000000000001,0.9500000000000001,-0.014420449894112041,-0.9998960199064958
8.662234291861592,0.10969341673851912,0.9013878188659974,0.9013878188659974,-0.012621334905934619,-0.9999203477803581
8.961648715726751,0.10620686382418226,0.9,0.9,-0.010548325168301797,-0.999944364870438
9.261218276872453,0.10337478735625504,0.9,0.9,-0.008279122616871483,-0.9999657274770445
9.561128846831684,0.10124352420621537,0.9,0.9,-0.0059307483672074454,-0.9999824129572504
9.861585336456182,0.09981409877592136,0.9500000000000001,0.9500000000000001,-0.00395530786983041,-0.9999921777392335
10.162717740602911,0.09886403630730464,0.9500000000000001,0.9500000000000001,-0.0033238521414907947,-0.9999944759882134
10.46450873998741,0.09781005945960233,0.9500000000000001,0.9500000000000001,-0.005238771767756002,-0.9999862775410298
10.766789120378487,0.09569940079064589,0.9500000000000001,0.9500000000000001,-0.010913753527264631,-0.999940443218468
11.069237772598159,0.09120980275686091,0.9500000000000001,0.9500000000000001,-0.021579564165428083,-0.9997671340919495
11.371381692521698,0.08264951771326742,0.9055385138137417,0.9055385138137417,-0.038509870714927945,-0.9992582198098345
11.672595981077619,0.06795730791347962,0.9,0.9,-0.06304343394071972,-0.9980107842287889
11.972103844247663,0.04470244550970599,0.9,0.9,-0.0965860041808779,-0.9953246424139068
12.26897659306682,0.010084712552749273,0.9,0.9,-0.14056302424384062,-0.9900717328635463
12.562133643623323,-0.03906559900799347,0.8860022573334675,0.8860022573334675,-0.19619702684922946,-0.9805644938786652
12.850356013488904,-0.10624105130083696,0.9192388155425117,0.9192388155425117,-0.2627219044368993,-0.9648715981564846
13.132540190379036,-0.19437983413861637,0.912414379544733,0.912414379544733,-0.3350815721565418,-0.9421891211434679
13.408068294039067,-0.3045866950617806,0.9340770846134703,0.9340770846134703,-0.4056392137343745,-0.9140332752591442
13.676862505012991,-0.4359448643215628,0.9394147114027969,0.9394147114027969,-0.4674248779306696,-0.8840327954841374
13.93938509038106,-0.5855159659455179,0.9300537618869138,0.9300537618869138,-0.5151488787905167,-0.8571007132658761
14.196637307609675,-0.748348532451732,0.9178779875342911,0.9178779875342911,-0.5456697286632284,-0.8380003265038736
14.45008431234708,-0.9180613087872569,0.9178779875342911,0.9178779875342911,-0.5588468311489717,-0.8292708962183303
14.70143748702058,-1.0885340881171799,0.9178779875342911,0.9178779875342911,-0.5562797990864458,-0.8309950572225707
14.952585565124295,-1.2544427270713463,0.9433981132056604,0.9433981132056604,-0.5391382192108659,-0.8422173000990518
15.205593818066117,-1.4112654621839522,0.9604686356149273,0.9604686356149273,-0.5079863717023911,-0.8613651061917009
15.462703964510554,-1.5552828620851111,0.9604686356149273,0.9604686356149273,-0.46339685365344163,-0.8861508652730024
15.726232774659065,-1.683524356046518,0.9178779875342911,0.9178779875342911,-0.40652296997992055,-0.913640561095393
15.997944953171388,-1.7934375211826865,0.894427190999916,0.894427190999916,-0.33914434636975904,-0.9407343473720032
16.278655550423146,-1.8826784123745912,0.8860022573334675,0.8860022573334675,-0.263333122673209,-0.9647049634490208
16.56821126794791,-1.9491017036168221,0.8544003745317531,0.8544003745317531,-0.1811318085636966,-0.9834588287907351
16.865490458437186,-1.9907606880175825,0.8500000000000001,0.8500000000000001,-0.09422461072448574,-0.9955509644080603
17.16840312574039,-2.00590727779868,0.8500000000000001,0.8500000000000001,-0.003667487773121545,-0.9999932747441025
17.473890924864914,-1.9929920042955407,0.8,0.8,0.0902634666618432,-0.9959179216111066
17.777927161976077,-1.9506640179571972,0.8514693182963202,0.8514693182963202,0.18809740722086085,-0.9821503781991786
18.075516794397124,-1.877771088346298,0.8276472678623424,0.8276472678623424,0.29107124625058756,-0.9567013795360232
18.360696430609256,-1.7733596041390967,0.8500000000000001,0.8500000000000001,0.4008291555267569,-0.9161528191735847
18.62655924461813,-1.6366826199609479,0.8602325267042628,0.8602325267042628,0.5174956351654714,-0.8556858463155069
18.86635052514296,-1.4675536965721083,0.9013878188659974,0.9013878188659974,0.6350108718302188,-0.7725031991243955
19.076060982225627,-1.2671844863469124,0.890224690738243,0.890224690738243,0.7411419983101797,-0.6713482988291499
19.25509120828752,-1.0383993407292467,0.890224690738243,0.890224690738243,0.8247361799108572,-0.5655176686417908
19.406256000431682,-0.7856367062485461,0.8746427842267951,0.8746427842267951,0.8812896689371685,-0.47257646939370124
19.5357828454612,-0.5149483100090958,0.8544003745317531,0.8544003745317531,0.91307557505153,-0.40779038027437303
19.652757093119682,-0.23370086409972074,0.8860022573334675,0.8860022573334675,0.9260598578673822,-0.3773766548776486
19.766371551377972,0.050902654715638165,0.873212459828649,0.873212459828649,0.9255133164162734,-0.3787150658953919
19.88448380329334,0.33259864534280387,0.873212459828649,0.873212459828649,0.9135392268480249,-0.40675063738107753
20.013566821792764,0.6060894336945454,0.912414379544733,0.912414379544733,0.8897153728656552,-0.4565156681720007
20.158708969672972,0.8670432726905707,0.9433981132056604,0.9433981132056604,0.8526641889926684,-0.5224593580456524
20.323608819714615,1.1120842151845172,0.9300537618869138,0.9300537618869138,0.8015617877846569,-0.5979119503434136
20.510515869616082,1.3386762071241642,0.95524865872714,0.95524865872714,0.7373935247562523,-0.675463388828403
20.720169473570195,1.5450036941120393,0.9300537618869138,0.9300537618869138,0.663451894823292,-0.7482189407221548
20.9517930677081,1.7299603317065948,0.9178779875342911,0.9178779875342911,0.5847908293183964,-0.8111841257970364
21.203094170099167,1.8931489854218613,0.9178779875342911,0.9178779875342911,0.5069260069687759,-0.861989572708796
21.470285134387208,2.0348794645223958,0.9178779875342911,0.9178779875342911,0.4340970180275415,-0.9008661270908105
21.74877295766418,2.1560931980628792,0.8860022573334675,0.8860022573334675,0.3679999829095551,-0.9298257968988423
22.03457195852927,2.2582089767094593,0.8860022573334675,0.8860022573334675,0.308859150200044,-0.9511077884959762
22.324612697950638,2.3430892199517714,0.9219544457292888,0.9219544457292888,0.25701977367180084,-0.9664061444039438
22.6167431437762,2.413039848943512,0.8860022573334675,0.8860022573334675,0.21325425698420983,-0.9769967358584739
22.90972245233547,2.470804227940934,0.9,0.9,0.17846309209814937,-0.9839466066605278
23.203030491500662,2.519377583353758,0.9,0.9,0.15298952791074658,-0.9882278099454836
23.4964948969896,2.5616436461350265,0.8860022573334675,0.8860022573334675,0.13652275623541754,-0.9906369350220517
23.79021353129654,2.6002991038155807,0.8631338250816034,0.8631338250816034,0.1285205349284799,-0.9917068478646789
24.08455424378355,2.6378533667620276,0.9013878188659974,0.9013878188659974,0.12831701470305204,-0.9917332018933805
24.380153272808688,2.676629417594535,0.9,0.9,0.13538687876642588,-0.9907928103583943
24.677661792975957,2.718898544945061,0.8860022573334675,0.8860022573334675,0.15043557993623338,-0.9886198138259465
24.976746857412248,2.767411435748456,0.8631338250816034,0.8631338250816034,0.1756944593104161,-0.9844447455127284
25.275665422825202,2.825624620624715,0.8558621384311845,0.8558621384311845,0.21408219497691475,-0.9768156498510179
25.57125447945249,2.897705720730779,0.8631338250816034,0.8631338250816034,0.2690088675423981,-0.9631377000115594
25.85893105721271,2.988533442261641,0.8381527307120106,0.8381527307120106,0.34404943987862163,-0.9389515338499675
26.1329068689668,3.103505682765628,0.8200609733428363,0.8200609733428363,0.4387001856196851,-0.8986334887690609
26.388074103738884,3.2468536090833493,0.8602325267042628,0.8602325267042628,0.5438661781856728,-0.8391719610578692
26.62159291210633,3.420222426113357,0.8514693182963202,0.8514693182963202,0.6451768715833633,-0.7640332482123433
26.833005418058576,3.6225694488244917,0.8514693182963202,0.8514693182963202,0.7298992367686251,-0.6835547557910622
27.024235718997165,3.850164102255873,0.8514693182963202,0.8514693182963202,0.7911143896363722,-0.6116682291162999
27.199547388429075,4.096644467539638,0.873212459828649,0.873212459828649,0.8288267309860391,-0.5595053619072796
27.364567216363973,4.354316272402297,0.894427190999916,0.894427190999916,0.8477515285412998,-0.5303935763712546
27.524669906808974,4.616302178716047,0.894427190999916,0.894427190999916,0.852721000736151,-0.5223666288188183
27.684701621383034,4.876909629553009,0.890224690738243,0.890224690738243,0.8463489005189104,-0.5326288938749301
27.84897963620317,5.131631305725094,0.8746427842267951,0.8746427842267951,0.8296700982455578,-0.5582539996069946
28.02129100565701,5.377144554364287,0.8845903006477066,0.8845903006477066,0.8031526886761013,-0.595773244340789
28.204761513808563,5.611255347749972,0.8845903006477066,0.8845903006477066,0.767816659388384,-0.6406696321550307
28.401417642864867,5.832710965002042,0.890224690738243,0.890224690738243,0.7259407859147453,-0.6877572066837845
28.612026926829763,6.041131721463402,0.890224690738243,0.890224690738243,0.6810565822068796,-0.7322307913716029
28.83609530507494,6.237009836990111,0.8845903006477066,0.8845903006477066,0.6375878571903937,-0.770377650482776
29.071867157396376,6.421709412253327,0.8845903006477066,0.8845903006477066,0.6000928919250021,-0.7999303226288448
29.31646340280028,6.597373074634574,0.9178779875342911,0.9178779875342911,0.5712432529008263,-0.8207808148435748
29.566895179043772,6.766236735807804,0.890224690738243,0.890224690738243,0.5507175916877495,-0.8346916401915412
29.82080360345366,6.93012951703935,0.9013878188659974,0.9013878188659974,0.5367717169536695,-0.8437275175544589
30.07650297341212,7.090444545870623,0.894427190999916,0.894427190999916,0.5274902277551407,-0.8495610982282733
30.332980766356698,7.248138956118107,0.894427190999916,0.894427190999916,0.5209240690900288,-0.8536030191152599
30.589883551579398,7.403742758015981,0.8500000000000001,0.8500000000000001,0.515499611420461,-0.8568898124177657
30.847255517231545,7.557523465535157,0.8500000000000001,0.8500000000000001,0.5105826402882764,-0.8598286849345353
31.10516054387808,7.709724044541323,0.873212459828649,0.873212459828649,0.506183577504333,-0.8624257567262906
31.36362722492221,7.8605975287601,0.873212459828649,0.873212459828649,0.5023927952584855,-0.8646395082763484
31.622648842614087,8.010407034882366,0.873212459828649,0.873212459828649,0.4992977081917038,-0.8664304926504561
31.882183368050747,8.159425762564263,0.8602325267042628,0.8602325267042628,0.4969825885754704,-0.8677605122686931
32.14215346117618,8.307936994427191,0.8602325267042628,0.8602325267042628,0.4955285782722424,-0.868591634840844
32.40244647078125,8.456234096057816,0.890224690738243,0.890224690738243,0.49501383852063324,-0.8688850900280591
32.662914434503776,8.60462051600806,0.890224690738243,0.890224690738243,0.4955138072713818,-0.8686000614802073
32.923374078828445,8.753409785795114,0.8746427842267951,0.8746427842267951,0.4971011733969574,-0.8676925857741139
33.1836070294125,8.902925358243529,0.8746427842267951,0.8746427842267951,0.49982474846457364,-0.8661265616653987
33.443372589534114,9.053490785869352,0.873212459828649,0.873212459828649,0.5036511954074591,-0.8639070976468693
33.70244291124253,9.20540268805798,0.890224690738243,0.890224690738243,0.508469507888596,-0.8610799960210022
33.96061355169011,9.35892263738442,0.890224690738243,0.890224690738243,0.514150537882552,-0.8576999617553229
34.21770358170267,9.514277076165254,0.8746427842267951,0.8746427842267951,0.5205651315587947,-0.8538219625924217
34.47355558577958,9.671657316458592,0.890224690738243,0.890224690738243,0.5275846954628343,-0.8495024362021503
34.72803566209365,9.83121954006411,0.890224690738243,0.890224690738243,0.53508160847155,-0.8448003742160031
34.98103342249126,9.993084798523034,0.9013878188659974,0.9013878188659974,0.5429296600919601,-0.8397781755871182
35.23246199249224,10.157339013118133,0.8746427842267951,0.8746427842267951,0.5510045013104772,-0.8345022705395069
35.48225801128998,10.324032974873758,0.890224690738243,0.890224690738243,0.5591840849852803,-0.8290435206303556
35.730381631751314,10.49318234455577,0.9178779875342911,0.9178779875342911,0.5673510298975591,-0.8234760523987197
35.976815743687325,10.664768856630253,0.890224690738243,0.890224690738243,0.5754202077089592,-0.8178579244344204
36.221555085748776,10.838757196221842,0.9178779875342911,0.9178779875342911,0.5833683465556155,-0.8122077149577978
36.46459324942631,11.01511514338617,0.9013878188659974,0.9013878188659974,0.5912086756593278,-0.8065186307985351
36.705921190774966,11.19381587999121,0.9300537618869138,0.9300537618869138,0.5989576854959953,-0.8007806759564572
36.94552723036695,11.374837989790427,0.890224690738243,0.890224690738243,0.6066313413977175,-0.7949832800971389
37.18339705329164,11.55816545842276,0.890224690738243,0.890224690738243,0.6142450583739514,-0.7891153326752567
37.41951370915557,11.743787673412646,0.9219544457292888,0.9219544457292888,0.6218136743401652,-0.783165215266602
37.65385761208245,11.931699424170016,0.9219544457292888,0.9219544457292888,0.6293514211514645,-0.7771208327503722
37.88640654071311,12.121900901990266,0.9013878188659974,0.9013878188659974,0.6368718930255722,-0.7709696439380892
38.11713563820565,12.314397700054313,0.9178779875342911,0.9178779875342911,0.6443880363896312,-0.7646986717380353
38.34601734138678,12.50920077878544,0.8845903006477066,0.8845903006477066,0.6519131540717227,-0.7582936367583856
38.57301845269806,12.70632503410569,0.9013878188659974,0.9013878188659974,0.6594634438533593,-0.7517366335499869
38.79809342006524,12.905786011463467,0.8845903006477066,0.8845903006477066,0.6670579603994642,-0.7450058237810675
39.02118267140152,13.107599091448096,0.9178779875342911,0.9178779875342911,0.6747163765752955,-0.7380771038184994
39.24221260486681,13.311779485026866,0.8845903006477066,0.8845903006477066,0.6824583198484043,-0.730924511608205
39.461095588867764,13.518342233545033,0.9192388155425117,0.9192388155425117,0.6903032749453265,-0.7235201369690805
39.67772996205773,13.727302208725815,0.9192388155425117,0.9192388155425117,0.698270483940749,-0.7158340109670344
39.89200003333679,13.93867411267038,0.9192388155425117,0.9192388155425117,0.7063788367486168,-0.7078339769986115
40.10377608185169,14.152472477857879,0.9192388155425117,0.9192388155425117,0.7146467479186693,-0.6994855435884789
40.31291435699599,14.368711667145417,0.9192388155425117,0.9192388155425117,0.723092015058062,-0.6907517193313901
40.5192570784099,14.587405873768073,0.9192388155425117,0.9192388155425117,0.7317749325823203,-0.6815463652930303
40.722601103193874,14.808591485079637,0.9013878188659974,0.9013878188659974,0.7412743619727737,-0.6712021456177395
40.92234697010403,15.032577576859458,0.9192388155425117,0.9192388155425117,0.7530849099441059,-0.6579233377943647
41.117143155986206,15.260199824878555,0.9178779875342911,0.9178779875342911,0.7690827791779357,-0.6391491835025237
41.30485314694616,15.492844007814398,0.9300537618869138,0.9300537618869138,0.7908839215631225,-0.611966194011513
41.482555438349614,15.732446007250953,0.890224690738243,0.890224690738243,0.8194977140360697,-0.5730824519121626
41.64655530383151,15.981472015031171,0.8746427842267951,0.8746427842267951,0.8542930158918324,-0.5197917304059746
41.792763365040635,16.242281869855855,0.8746427842267951,0.8746427842267951,0.891934020812407,-0.45216556980536743
41.91745714033684,16.515848315251624,0.873212459828649,0.873212459828649,0.9279030166724219,-0.37282166199165395
42.01744428065485,16.801482476047614,0.873212459828649,0.873212459828649,0.9585900377725225,-0.28478964075835694
42.09006313939994,17.096832899947408,0.8544003745317531,0.8544003745317531,0.9816852266926507,-0.1905101459067182
42.13319047359624,17.3979143727095,0.8500000000000001,0.8500000000000001,0.995806832396386,-0.09148088626962471
42.14547054311074,17.699965132596997,0.8500000000000001,0.8500000000000001,0.9999427345742444,0.01070175556542915
42.12675638517856,17.999097975486603,0.8500000000000001,0.8500000000000001,0.9936199986936874,0.11277986609300715
42.078199875798276,18.292637235186753,0.8514693182963202,0.8514693182963202,0.977728440769946,0.20987400055645314
42.00225198796536,18.57911974966306,0.873212459828649,0.873212459828649,0.9550686033382556,0.29638482234674884
41.9026607088367,18.85829355217931,0.8860022573334675,0.8860022573334675,0.9299945179918379,0.36757338927774563
41.7841568802093,19.130920452680524,0.8602325267042628,0.8602325267042628,0.9064677770571392,0.42227499234158844
41.65123550415201,19.39801020725014,0.894427190999916,0.894427190999916,0.8864397501793176,0.46284400104357937
41.50764381623326,19.660498822065417,0.9013878188659974,0.9013878188659974,0.8703790605511925,0.4923822610066528
41.35636977707468,19.919241321461307,0.9013878188659974,0.9013878188659974,0.8580119127015938,0.5136297865799377
41.19964207360182,20.175011747942033,0.9013878188659974,0.9013878188659974,0.8486606020855177,0.5289377869540487
41.03896608769186,20.428503493269787,0.9013878188659974,0.9013878188659974,0.8416652718982903,0.5399996019261282
40.87543619559717,20.68033217315809,0.9178779875342911,0.9178779875342911,0.8366724129047879,0.5477036365445095
40.709996246866154,20.931038024961143,0.9013878188659974,0.9013878188659974,0.8334746848989801,0.5525576437192286
40.54345802930336,21.181086077642433,0.890224690738243,0.890224690738243,0.831838059731471,0.5550184162549759
40.376501268969456,21.43086615177475,0.9013878188659974,0.9013878188659974,0.8315020393148455,0.5555216994998964
40.20967363018128,21.680692859540144,0.9178779875342911,0.9178779875342911,0.8321904116729008,0.5544899626861499
40.04339071551183,21.930805604729994,0.8746427842267951,0.8746427842267951,0.8336194057061491,0.5523392856117757
39.877936065790195,22.18136858274495,0.890224690738243,0.890224690738243,0.8355037315901287,0.5494847718535703
39.71346116010171,22.43247078059494,0.890224690738243,0.890224690738243,0.8375607466416967,0.5463442098942786
39.549985415787724,22.68412597689918,0.8602325267042628,0.8602325267042628,0.8395130950575365,0.54333945487781
39.387396476670624,22.93627290488158,0.873212459828649,0.873212459828649,0.8411177978944705,0.5408519668681595
39.22547792226549,23.1887909223411,0.8746427842267951,0.8746427842267951,0.842258793382753,0.5390733947890853
39.06400119827663,23.441551999711287,0.890224690738243,0.890224690738243,0.842948963762926,0.5379935357334781
38.90275887951962,23.694439530736208,0.9013878188659974,0.9013878188659974,0.8432342800484703,0.5375462295943838
38.74156521230129,23.947348639194356,0.8602325267042628,0.8602325267042628,0.843159725359743,0.5376631636361959
38.5802561144197,24.200186178898623,0.9013878188659974,0.9013878188659974,0.8427691756043449,0.5382751309982404
38.418689175164054,24.45287073369631,0.9013878188659974,0.9013878188659974,0.8421057997543191,0.5393123603442986
38.25674365531485,24.705332617469125,0.890224690738243,0.890224690738243,0.8412124125105194,0.5407047965740934
38.09432048714374,24.957513874133202,0.890224690738243,0.890224690738243,0.8401317750928462,0.5423823379124207
37.931342274413645,25.209368277639047,0.9013878188659974,0.9013878188659974,0.8389068416869571,0.5442750324705468
37.767753292378636,25.460861331971604,0.9013878188659974,0.9013878188659974,0.8375809505532784,0.5463132354888234
37.60351948778407,25.711970271150225,0.890224690738243,0.890224690738243,0.8361979599992165,0.54842772695511
37.43862847886647,25.96268405922865,0.9013878188659974,0.9013878188659974,0.8348023303459635,0.5505497881653837
37.273089555353586,26.213003390295054,0.9013878188659974,0.9013878188659974,0.8334391536849176,0.5526112350513409
37.106933678464394,26.46294068847201,0.890224690738243,0.890224690738243,0.8321541336025423,0.5545444057315899
36.94021348090909,26.712520107916497,0.890224690738243,0.890224690738243,0.8309935171377896,0.5562820997254597
36.77300326688905,26.961777532819898,0.9013878188659974,0.9013878188659974,0.8300039809999892,0.5577574665785925
36.60539901209689,27.21076057740802,0.9013878188659974,0.9013878188659974,0.8292324734987869,0.5589038422618721
36.43751836371645,27.45952858594107,0.890224690738243,0.890224690738243,0.8287260127071185,0.5596545326025341
36.26950064042279,27.708152632713656,0.9013878188659974,0.9013878188659974,0.8285314400873308,0.5599425441836098
36.10150683238213,27.956715522054797,0.9013878188659974,0.9013878188659974,0.8286946743664931,0.559700935032819
35.93371916479696,28.20531156739675,0.9013878188659974,0.9013878188659974,0.8292339039803645,0.5589017198841704
35.766315562199026,28.454033665236885,0.9178779875342911,0.9178779875342911,0.8300683873156844,0.5576616109964346
35.599400530301914,28.702938307901682,0.890224690738243,0.890224690738243,0.8310247451007096,0.5562354474773258
35.432984764915616,28.952035261688454,0.9178779875342911,0.9178779875342911,0.83190942214566,0.5549114463995802
35.26698495174595,29.201287465524896,0.9013878188659974,0.9013878188659974,0.8325300018340442,0.5539799599680537
35.101223766394625,29.45061103096912,0.890224690738243,0.890224690738243,0.8326947324520161,0.5537323203016647
34.935429874359166,29.699875242209643,0.890224690738243,0.890224690738243,0.8322109885131684,0.5544590792817221
34.769237931032926,29.94890255606533,0.9178779875342911,0.9178779875342911,0.8308828942803798,0.5564473164570563
34.60218858170513,30.19746860198549,0.9178779875342911,0.9178779875342911,0.828508192667102,0.5599769412069503
34.433728461560804,30.44530218204978,0.9178779875342911,0.9178779875342911,0.8248745352586057,0.5653158418812437
34.26321019568084,30.69208527096827,0.9178779875342911,0.9178779875342911,0.8197448392781836,0.5727289048727896
34.08988891148515,30.937438503992283,0.9178779875342911,0.9178779875342911,0.812707294354825,0.5826721665760772
33.91287605821293,31.180729014936265,0.9178779875342911,0.9178779875342911,0.8029850416201028,0.5959991803134983
33.73108648298068,31.42085021411327,0.9300537618869138,0.9300537618869138,0.789485545619307,0.6137691530683056
33.54323267837549,31.656197851968304,0.95524865872714,0.95524865872714,0.7708750701317889,0.6369863626870746
33.34782478238619,31.88467001879211,0.95524865872714,0.95524865872714,0.745505406243367,0.6664995793411368
33.143176627869444,32.10367592651931,0.9899494936611666,0.9899494936611666,0.7118156478381612,0.7023663456435957
32.92765289795291,32.310494695581255,0.9899494936611666,0.9899494936611666,0.6696766853677241,0.7426527701927047
32.7002330846031,32.50309403383031,0.9604686356149273,0.9604686356149273,0.6208338300344436,0.7839421888664774
32.46065038308761,32.68033186477196,0.9848857801796105,0.9848857801796105,0.5681336134040416,0.8229363264071329
32.20939248779369,32.84195748282668,0.97082439194738,0.97082439194738,0.5151219337482894,0.857116907645289
31.947701203746742,32.98861113311888,0.982344135219425,0.982344135219425,0.46544000038217015,0.8850794348781613
31.67745030172735,33.12169189030401,0.9340770846134703,0.9340770846134703,0.4212292847783965,0.9069541827705965
31.40056205552661,33.242726540994255,0.9340770846134703,0.9340770846134703,0.38257041427032584,0.9239263380405557
31.118711046385705,33.35304919616724,0.8860022573334675,0.8860022573334675,0.3487273010161606,0.9372242365229274
30.833314598018987,33.453790944961014,0.8860022573334675,0.8860022573334675,0.3188625500224604,0.9478009676051053
30.545532776614014,33.54587985467424,0.9192388155425117,0.9192388155425117,0.29211295683289346,0.9563838248581706
30.256268390831462,33.63004097076603,0.9013878188659974,0.9013878188659974,0.26761533470012894,0.9635258339210931
29.96616699180522,33.7067963168561,0.8860022573334675,0.8860022573334675,0.24451709618719863,0.9696449812545725
29.675616873142324,33.77646489472461,0.912414379544733,0.912414379544733,0.2219813700546474,0.9750509070549402
29.384749070922986,33.83916268431233,0.9340770846134703,0.9340770846134703,0.19919334725576704,0.979960208584534
29.093437363700602,33.89480264372048,0.912414379544733,0.912414379544733,0.17538008622684384,0.984500800078428
28.80130222441236,33.943098565564696,0.912414379544733,0.912414379544733,0.150062625443329,0.9886764933207703
28.507834903207495,33.98368615949267,0.912414379544733,0.912414379544733,0.12350776496372148,0.9923436058108432
28.212643735327827,34.016363404364505,0.912414379544733,0.912414379544733,0.09654561570214437,0.9953285608725864
27.915506152138498,34.04114130166191,0.9,0.9,0.07006452245858014,0.997542461598829
27.61636885235095,34.05824404257098,0.9,0.9,0.044889023572592786,0.9989919797289162
27.315347802022885,34.06810900798217,0.9,0.9,0.021767276020522856,0.9997630647781736
27.012728234558292,34.071386768490356,0.9,0.9,0.001372194506700846,0.9999990585406747
26.708964650707404,34.06894108439473,0.8558621384311845,0.8558621384311845,-0.015684121585065207,0.9998769966001343
26.404680818566735,34.06184890569891,0.8500000000000001,0.8500000000000001,-0.028823889320136638,0.9995845053843424
26.100669773579114,34.05140037211087,0.8500000000000001,0.8500000000000001,-0.037468009443394824,0.999297827611143
25.79789292458337,34.039097795955925,0.9,0.9,-0.04123847598055594,0.9991493322315744
25.497342254557662,34.02649888181411,0.9,0.9,-0.04089801507355769,0.9991633261699726
25.199502042581376,34.01460430357985,0.9,0.9,-0.03857426350783337,0.9992557361330623
24.90412128338729,34.00359877603253,0.9,0.9,-0.03689897712952202,0.9993190008634856
24.610208503384392,33.992845156794274,0.912414379544733,0.912414379544733,-0.03859515494059584,0.9992549294424878
24.316031765808486,33.98088444620425,0.9,0.9,-0.0463415516498072,0.9989256531848044
24.019289774850453,33.96543161436308,0.9,0.9,-0.06272205255141841,0.9980310336476201
23.718610724294084,33.94333904661458,0.9,0.9,-0.0903938602241133,0.9959060949877672
23.414811144503048,33.910565842283674,0.9013878188659974,0.9013878188659974,-0.1323990068076661,0.9911965006981933
23.110986018696256,33.86217561688467,0.9055385138137417,0.9055385138137417,-0.19261972619705447,0.9812734792501894
22.812508782947898,33.792336502121294,0.9340770846134703,0.9340770846134703,-0.2761418189810003,0.9611169001790908
22.52697517883739,33.69438144367515,0.9340770846134703,0.9340770846134703,-0.38631721505076416,0.9223659844960793
22.262943896756745,33.56216065013663,0.9013878188659974,0.9013878188659974,-0.5178689840017887,0.8554599437781731
22.027883292291087,33.39224665631415,0.9300537618869138,0.9300537618869138,-0.6556767046626525,0.7550417597475816
21.827826037715862,33.18430520006037,0.9219544457292888,0.9219544457292888,-0.7812118465682718,0.6242660096316242
21.667368732929607,32.94109564009957,0.9178779875342911,0.9178779875342911,-0.8801915253149711,0.4746186666827427
21.54967381222398,32.66846532941932,0.9178779875342911,0.9178779875342911,-0.9476830750042632,0.31921276501804263
21.47663813624844,32.374852124274035,0.8860022573334675,0.8860022573334675,-0.986275497706583,0.1651079726228628
21.449434781078278,32.06968564142282,0.9,0.9,-0.9999159612557164,0.012964197856279254
21.46870304892985,31.762826563435162,0.873212459828649,0.873212459828649,-0.9902519490581121,-0.13928775031067947
21.534551351343087,31.4645581308279,0.9013878188659974,0.9013878188659974,-0.9556664943351559,-0.2944512720386063
21.646557158244963,31.185586017060512,0.890224690738243,0.890224690738243,-0.890892397460793,-0.4542144164891296
21.803649788773043,30.93675068268922,0.9192388155425117,0.9192388155425117,-0.7892627360595977,-0.6140556436250039
22.00330428685663,30.727049046131867,0.9192388155425117,0.9192388155425117,-0.650418949493385,-0.759575664525873
22.240983447790438,30.56226514772445,0.9013878188659974,0.9013878188659974,-0.4864269159753947,-0.8737212687205608
22.510107734257662,30.44489631991292,0.894427190999916,0.894427190999916,-0.31788201821791634,-0.9481302771738198
22.80205527632991,30.37415318725317,0.8381527307120106,0.8381527307120106,-0.16357272251183144,-0.9865312790023778
23.106291208187002,30.34604557283291,0.8500000000000001,0.8500000000000001,-0.0317117204714624,-0.9994970569164973
23.412480435923857,30.354785814537227,0.8,0.8,0.07982000693807285,-0.996809292940433
23.713292040643793,30.3946514706724,0.8381527307120106,0.8381527307120106,0.1752720097817378,-0.9845200468182811
24.004766523467147,30.460229246862415,0.8246211251235321,0.8246211251235321,0.2560199231442093,-0.966671505193586
24.286315869608558,30.546415038609556,0.8544003745317531,0.8544003745317531,0.320617696736377,-0.9472086847888699
24.56070231129067,30.648406207956295,0.894427190999916,0.894427190999916,0.3658630967042877,-0.9306686813630021
24.832907508486596,30.761290335949223,0.8500000000000001,0.8500000000000001,0.3887274473592235,-0.9213527943570704
25.107199843187985,30.878978679070144,0.894427190999916,0.894427190999916,0.38749748024902897,-0.9218707625262087
25.38630678344403,30.9939051810388,0.894427190999916,0.894427190999916,0.3604795203693914,-0.932767128169863
25.671407700491322,31.097023860602647,0.894427190999916,0.894427190999916,0.30423537035189696,-0.9525968924087691
25.96213392716692,31.177809816593747,0.8860022573334675,0.8860022573334675,0.21335982961540156,-0.9769736859846773
26.256601551464982,31.224823474990295,0.8631338250816034,0.8631338250816034,0.08615571769696416,-0.9962816832142007
26.551590062210146,31.228784372506173,0.8514693182963202,0.8514693182963202,-0.06894708442776998,-0.9976203183320346
26.842644058351645,31.184321170197492,0.8544003745317531,0.8544003745317531,-0.23553420156798704,-0.971866060674891
27.124077258996962,31.090040650239093,0.8500000000000001,0.8500000000000001,-0.39626571189668985,-0.9181358753338253
27.388973613247014,30.948526364856615,0.8514693182963202,0.8514693182963202,-0.5398470671375953,-0.8417631163830692
27.629603398953737,30.765832094761283,0.9192388155425117,0.9192388155425117,-0.6635321891752275,-0.7481477353626956
27.839497369508088,30.548956867900998,0.8845903006477066,0.8845903006477066,-0.7678078129569186,-0.6406802340967868
28.014540016100614,30.304514066813617,0.9178779875342911,0.9178779875342911,-0.8520331488975794,-0.5234878347962589
28.15300731361483,30.038685478324325,0.894427190999916,0.894427190999916,-0.9151806719698944,-0.4030438408569626
28.255566720627066,29.757221293545584,0.894427190999916,0.894427190999916,-0.957740174168574,-0.28763476629842466
28.32517531427772,29.465416074687447,0.8544003745317531,0.8544003745317531,-0.9829274113541675,-0.1839937607871395
28.365894778912253,29.16782917358425,0.8500000000000001,0.8500000000000001,-0.9955607934234217,-0.09412070228237295
28.381655900309333,28.86799323700017,0.8,0.8,-0.9998539809021851,-0.01708850122312387
28.376139856885324,28.568386199488497,0.8,0.8,-0.9988343481037583,0.04826950432872047
28.352778219679593,28.27043128338812,0.8500000000000001,0.8500000000000001,-0.9947000970929025,0.10281885451302385
28.31475248162809,27.974506522284802,0.8544003745317531,0.8544003745317531,-0.9891141205362138,0.14715045550684575
28.264978474183156,27.68026003484604,0.873212459828649,0.873212459828649,-0.9833037201944935,0.1819719589707962
28.20607452303146,27.387254279710664,0.9013878188659974,0.9013878188659974,-0.9780639787952218,0.20830471282056962
28.140354501368176,27.095106597584724,0.873212459828649,0.873212459828649,-0.973828290929601,0.227284974833649
28.069827803950663,26.803489736170867,0.8860022573334675,0.8860022573334675,-0.970761706427485,0.24004522351839722
27.99619934709851,26.51213185016838,0.8631338250816034,0.8631338250816034,-0.9688417006181889,0.24768076054319557
27.920869568693508,26.22081650127317,0.8860022573334675,0.8860022573334675,-0.9679235028391836,0.2512450848305791
27.84493442817964,25.92938265817775,0.8631338250816034,0.8631338250816034,-0.9677900433968035,0.25175867790805756
27.769185406563125,25.63772469657128,0.8860022573334675,0.8860022573334675,-0.9681885592604499,0.250221729106755
27.69410950641239,25.345792399139516,0.8631338250816034,0.8631338250816034,-0.9688559253808007,0.24762511151842503
27.61988952863231,25.05359090221886,0.873212459828649,0.873212459828649,-0.9695528042096878,0.2448823387856519
27.546450432332996,24.761171760302865,0.8544003745317531,0.8544003745317531,-0.970144110618864,0.24252918305130494
27.4736452103572,24.46859712002295,0.8860022573334675,0.8860022573334675,-0.9706077466633964,0.24066699424101334
27.401335403815942,24.175924201616525,0.912414379544733,0.912414379544733,-0.9709549327600566,0.23926244700937502
27.329393027637426,23.88320492779279,0.8860022573334675,0.8860022573334675,-0.9711967314445273,0.2382790566362614
27.25770057056706,23.59048592373279,0.912414379544733,0.912414379544733,-0.971343432785879,0.2376803222476453
27.18615099516746,23.29780851708937,0.8860022573334675,0.8860022573334675,-0.9714047195882647,0.23742971752003747
27.11464773781842,23.00520873798719,0.9013878188659974,0.9013878188659974,-0.9713898173526009,0.23749067927748385
27.043104708716964,22.712717319022765,0.873212459828649,0.873212459828649,-0.9713076290704371,0.23782659588356847
26.9714462918773,22.420359695264388,0.9013878188659974,0.9013878188659974,-0.9711668548899489,0.23840079690127905
26.899607345130807,22.12815600425218,0.873212459828649,0.873212459828649,-0.9709760966512504,0.23917654511239536
26.827533200126116,21.836121085998116,0.9013878188659974,0.9013878188659974,-0.9707439472434527,0.2401170316537348
26.75517966232902,21.544264482985945,0.912414379544733,0.912414379544733,-0.9704790646962752,0.2411853747353741
26.68251301102253,21.252590440171257,0.8860022573334675,0.8860022573334675,-0.9701902308886028,0.24234462215679495
26.609509999306823,20.96109790498145,0.912414379544733,0.912414379544733,-0.969886394738206,0.2435577576299405
26.53615785409933,20.66978052731576,0.8860022573334675,0.8860022573334675,-0.9695766997324483,0.2447877107534889
26.462454276134626,20.378626659545223,0.912414379544733,0.912414379544733,-0.9692704956695412,0.24599737036098998
26.38840743996452,20.087619356512707,0.8860022573334675,0.8860022573334675,-0.9689773345028629,0.24714960088927296
26.314035993958008,19.796736375532895,0.912414379544733,0.912414379544733,-0.9687069502159364,0.248207261383182
26.239369060301293,19.505950176392286,0.873212459828649,0.873212459828649,-0.968469222701273,0.24913322676911648
26.164446234997754,19.21522792134919,0.9013878188659974,0.9013878188659974,-0.968274112801619,0.24989046095887202
26.089317560848674,18.924531494184365,0.873212459828649,0.873212459828649,-0.9681302737380993,0.2504471462640228
26.01404076138259,18.633819450480633,0.9013878188659974,0.9013878188659974,-0.9680404826688476,0.2507939869978237
25.93867184733851,18.34305364073154,0.873212459828649,0.873212459828649,-0.9680012143493532,0.25094551005781646
25.863261639928453,18.05220166169252,0.8860022573334675,0.8860022573334675,-0.9680070994531859,0.2509228076684739
25.7878557111714,17.761236898449784,0.8631338250816034,0.8631338250816034,-0.9680526308081479,0.25074709167889414
25.712494383893358,17.47013852442031,0.8860022573334675,0.8860022573334675,-0.968132236400023,0.25043955926149125
25.637212731727313,17.178891501351846,0.8631338250816034,0.8631338250816034,-0.96824031762323,0.2500213737440594
25.56204057911326,16.887486579322886,0.9013878188659974,0.9013878188659974,-0.9683712812261616,0.24951365032078385
25.48700250129819,16.59592029674272,0.873212459828649,0.873212459828649,-0.9685195649606728,0.24893744653705474
25.4121178243361,16.304194980351394,0.873212459828649,0.873212459828649,-0.9686796569792169,0.24831375748159176
25.33740062508797,16.01231874521972,0.8544003745317531,0.8544003745317531,-0.9688461090462369,0.2476635156537339
25.262859731221777,15.720305494749267,0.8860022573334675,0.8860022573334675,-0.9690135436430547,0.24700759550331602
25.18849872121252,15.428174920672395,0.8631338250816034,0.8631338250816034,-0.9691766550477665,0.24636682266576113
25.114315924342172,15.135952503052206,0.8860022573334675,0.8860022573334675,-0.9693302044638787,0.24576198793551257
25.040304420699712,14.843669510282583,0.8631338250816034,0.8631338250816034,-0.9694690092532623,0.2452138660383991
24.966452041181114,14.55136299908817,0.873212459828649,0.873212459828649,-0.9695879263007287,0.24474323927710995
24.892741367489343,14.259075814524355,0.8544003745317531,0.8544003745317531,-0.9696818294988684,0.24437092613428368
24.819149732134395,13.966856589977374,0.873212459828649,0.873212459828649,-0.9697455812922768,0.24411781492571194
24.74564921843322,13.674759747164137,0.8544003745317531,0.8544003745317531,-0.9697739981598358,0.2440049026005152
24.6722066605098,13.38284549613237,0.873212459828649,0.873212459828649,-0.9697618098413168,0.24405333878743327
24.59878364329508,13.091179835260542,0.8544003745317531,0.8544003745317531,-0.9697036131475597,0.24428447074787205
24.52533650456064,12.799834548070763,0.873212459828649,0.873212459828649,-0.9695955436244682,0.24471306010013444
24.4518194650101,12.50888229756787,0.8860022573334675,0.8860022573334675,-0.9694465227162701,0.24530275088822895
24.378204979185675,12.218364731119165,0.8631338250816034,0.8631338250816034,-0.9692842987062427,0.24594297770326204
24.304497185158198,11.928271401320426,0.8860022573334675,0.8860022573334675,-0.9691449757360018,0.24649141162658086
24.230732579730915,11.638538707777503,0.8631338250816034,0.8631338250816034,-0.9690655834671128,0.24680335277208917
24.156980018439427,11.349049897106292,0.8860022573334675,0.8860022573334675,-0.9690833370870747,0.24673363325695827
24.08334071555174,11.05963506293275,0.8544003745317531,0.8544003745317531,-0.9692349420112774,0.246137415246841
24.0099482440682,10.770071145892894,0.873212459828649,0.873212459828649,-0.969555576951353,0.24487136051921013
23.936968535721594,10.480081933632805,0.8544003745317531,0.8544003745317531,-0.970077577105828,0.24279516963170084
23.864599880977032,10.189338060808609,0.873212459828649,0.873212459828649,-0.9708288605555847,0.23977348375570023
23.793072929032046,9.897457009086509,0.8544003745317531,0.8544003745317531,-0.9718300568443583,0.23568271174163627
23.722648300883755,9.604005300795118,0.8631338250816034,0.8631338250816034,-0.9730328692431274,0.23066650249329027
23.653483766992654,9.308620566056012,0.8860022573334675,0.8860022573334675,-0.9741763378363046,0.22578853558107406
23.585282762419958,9.011334566379004,0.873212459828649,0.873212459828649,-0.9748327185879464,0.2229375938921783
23.51719308879953,8.71266629014571,0.9013878188659974,0.9013878188659974,-0.9745540907974863,0.22415245729164932
23.447805981729463,8.41362280970052,0.873212459828649,0.873212459828649,-0.9728421967779302,0.23146935038637642
23.375156110772096,8.115699281350578,0.9013878188659974,0.9013878188659974,-0.9690173411965012,0.24699269718043018
23.296721579454065,7.82087894536586,0.8631338250816034,0.8631338250816034,-0.962020045884265,0.2729788111133107
23.209423925266243,7.531633125979056,0.8860022573334675,0.8860022573334675,-0.9501198851365763,0.3118849208731628
23.10962811966376,7.250921231385643,0.8544003745317531,0.8544003745317531,-0.9305040216033659,0.3662816754629732
22.99314256806601,6.982190753743876,0.8276472678623424,0.8276472678623424,-0.898770901926085,0.43841859660713717
22.855219810405355,6.72937678199596,0.8500000000000001,0.8500000000000001,-0.8489687986636908,0.5284429760111584
22.69091714138446,6.496651217667163,0.848528137423857,0.848528137423857,-0.7771202561944687,0.6293521330799184
22.497025910012418,6.287081092493136,0.848528137423857,0.848528137423857,-0.6868254906635394,0.7268223616364513
22.27315296182918,6.101876506885457,0.8500000000000001,0.8500000000000001,-0.5893639810667515,0.8078676239466153
22.02176216740187,5.9403617499933485,0.894427190999916,0.894427190999916,-0.4985189591141034,0.8668787962591951
21.748174422324883,5.799975299703695,0.894427190999916,0.894427190999916,-0.42553069268838173,0.9049439925101145
21.460382599546506,5.676384931154002,0.873212459828649,0.873212459828649,-0.3747827060226392,0.927112680997487
21.16673371431021,5.564929521118288,0.8544003745317531,0.8544003745317531,-0.3427637562835368,0.9394216345062532
20.87337738981231,5.462206224537085,0.8544003745317531,0.8544003745317531,-0.3227277189517646,0.9464918485756709
20.58400261407103,5.366234224349013,0.8544003745317531,0.8544003745317531,-0.3081123952026282,0.951349962906658
20.299837739093775,5.276454732008878,0.8544003745317531,0.8544003745317531,-0.2923515840708005,0.9563109072322106
20.019671326891835,5.193713818589916,0.873212459828649,0.873212459828649,-0.27001897271854164,0.9628550017380725
19.740619934318257,5.119630062771214,0.8544003745317531,0.8544003745317531,-0.2401141244395618,0.9707446663487895
19.459788961224433,5.055226666734604,0.8514693182963202,0.8514693182963202,-0.20578971430458393,0.9785962361906149
19.17465854562744,5.000613630683259,0.8246211251235321,0.8246211251235321,-0.17124853406357354,0.9852278617563944
18.88308537823473,4.954986258388725,0.8246211251235321,0.8246211251235321,-0.14060995991926484,0.9900650681503225
18.58330508112913,4.9166290627835245,0.8246211251235321,0.8246211251235321,-0.11619793399717146,0.9932260770513373
18.274460371381952,4.883782964386154,0.8500000000000001,0.8500000000000001,-0.09281572542696012,0.9956833036229277
17.958902096813393,4.858423390621353,0.8500000000000001,0.8500000000000001,-0.05655845879134703,0.9983992892320925
17.64326481373972,4.848026280340789,0.9,0.9,0.011594317895019208,0.9999327836372549
17.33849661119046,4.865617052577271,0.8558621384311845,0.8558621384311845,0.13876025941706746,0.9903260020854285
17.05985910956961,4.929770601590124,0.873212459828649,0.873212459828649,0.35964118881209883,0.933090679039192
16.826482059269075,5.0629628478773725,0.8845903006477066,0.8845903006477066,0.6513572396380463,0.7587712081853824
16.657039020303696,5.275566249322311,0.8746427842267951,0.8746427842267951,0.8821953941440874,0.4708835169667317
16.565804286865056,5.5513399557700955,0.8631338250816034,0.8631338250816034,0.9864338482845588,0.16415926095872851
16.560949381614634,5.852969385269385,0.8631338250816034,0.8631338250816034,0.9924947045286933,-0.1222876178625697
16.639264150003115,6.147545249766928,0.894427190999916,0.894427190999916,0.9297905342408465,-0.3680890686180741
16.784232471914276,6.41698098332111,0.9433981132056604,0.9433981132056604,0.8367229558189764,-0.54762641938237
16.97218153669646,6.656212490751674,0.8845903006477066,0.8845903006477066,0.7504108598481034,-0.6609716646135673
17.18298898581953,6.869695122957668,0.8845903006477066,0.8845903006477066,0.6933462224828363,-0.7206046181983441
17.4020603000422,7.0698301795149785,0.9192388155425117,0.9192388155425117,0.6739489154008279,-0.7387779500161382
17.620743760328075,7.269036163773955,0.9192388155425117,0.9192388155425117,0.6803943079394307,-0.7328462224257032
17.836647839393326,7.473313037210797,0.9192388155425117,0.9192388155425117,0.6930029367957558,-0.7209347609821972
18.051688984429486,7.683284889266826,0.95524865872714,0.95524865872714,0.7051018042400504,-0.7091060891414103
18.265161209599224,7.899406614885477,0.95524865872714,0.95524865872714,0.7243708471681898,-0.6894105277502216
18.471088864615826,8.123952726910996,0.9013878188659974,0.9013878188659974,0.7614373184107863,-0.6482385441574658
18.658177927443365,8.361053948915583,0.8602325267042628,0.8602325267042628,0.8240687765448905,-0.5664897629470521
18.809816162749964,8.616697006531536,0.8500000000000001,0.8500000000000001,0.9082804291961175,-0.41836187916601164
18.90516899436337,8.897281467342728,0.8631338250816034,0.8631338250816034,0.980076634403187,-0.1986197137670925
18.92770185267451,9.198396617482684,0.8514693182963202,0.8514693182963202,0.9984414921184628,0.05580848337177429
18.87168396431918,9.496345289561944,0.873212459828649,0.873212459828649,0.9486806031468515,0.31623585061299747
18.741632316068277,9.756589371000938,0.9192388155425117,0.9192388155425117,0.8223769571752142,0.5689430026876471
18.54923505568275,9.96242809763978,0.9300537618869138,0.9300537618869138,0.6480704618210152,0.7615803808627793
18.311537008819343,10.12258102651089,0.9178779875342911,0.9178779875342911,0.5015636789224274,0.8651207291388874
18.04569670484097,10.254360239848557,0.9178779875342911,0.9178779875342911,0.4149368077246481,0.909850232508229
17.765298716679954,10.371692765013668,0.9178779875342911,0.9178779875342911,0.3768574505317321,0.9262712680304421
17.48014897919952,10.484455765204151,0.9394147114027969,0.9394147114027969,0.37022820754225977,0.9289408346821909
17.19627478919375,10.598476539454962,0.9394147114027969,0.9394147114027969,0.379168006327712,0.9253278462131507
16.916004342873606,10.715623127033329,0.9192388155425117,0.9192388155425117,0.3913932090180236,0.9202235358512483
16.639330831171314,10.835358204051767,0.9394147114027969,0.9394147114027969,0.401553350638955,0.9158356329552965
16.365783566916523,10.95687056077182,0.9013878188659974,0.9013878188659974,0.4088539744039432,0.9125998178906786
16.09468322473818,11.079365855789494,0.9340770846134703,0.9340770846134703,0.41303485066793827,0.9107152201065457
15.825141906604523,11.20206669069453,0.894427190999916,0.894427190999916,0.4138329130372881,0.9103528547146279
15.556065157857697,11.32421364472902,0.894427190999916,0.894427190999916,0.4111663476808326,0.911560329618838
15.286273305453044,11.445127547355524,0.9178779875342911,0.9178779875342911,0.40560159137957363,0.9140499707731287
15.01483404292533,11.564380165750874,0.873212459828649,0.873212459828649,0.39831946746208075,0.9172467507932227
14.741161827952148,11.681845217096905,0.9013878188659974,0.9013878188659974,0.3906403842767166,0.9205433668068763
14.46501889301383,11.797698887265977,0.9013878188659974,0.9013878188659974,0.38386608158926744,0.9233887758714104
14.186515245393446,11.91241983082097,0.8860022573334675,0.8860022573334675,0.3792641200498844,0.9252884562355606
13.906108667176774,12.026789171015295,0.894427190999916,0.894427190999916,0.37806566217191145,0.9257787830181216
13.624604715252396,12.141890499792854,0.9178779875342911,0.9178779875342911,0.38147549381763074,0.9243789523872743
13.34315672131157,12.25910987778811,0.894427190999916,0.894427190999916,0.3906909688135909,0.9205218991895292
13.063265791848302,12.38013583432603,0.894427190999916,0.894427190999916,0.40692157472999696,0.9134630983347163
12.78678080815934,12.506959367422102,0.873212459828649,0.873212459828649,0.43134837982520263,0.9021854439205793
12.515877167812729,12.641850537997614,0.894427190999916,0.894427190999916,0.4644675220361862,0.8855901540631337
12.252764177979376,12.787036307988584,0.890224690738243,0.890224690738243,0.5053128103101178,0.8629362454645714
11.999340302732293,12.944320965325712,0.9013878188659974,0.9013878188659974,0.5519019578858116,0.8339090051569222
11.757154332679475,13.115043371441542,0.8746427842267951,0.8746427842267951,0.6019526415030699,0.7985317885892061
11.527405384035657,13.300076960248438,0.8845903006477066,0.8845903006477066,0.6530577517963351,0.757308109568831
11.310942898622297,13.499829738138589,0.9192388155425117,0.9192388155425117,0.7028757481853632,0.711312647583934
11.108266643867593,13.714244283984005,0.8845903006477066,0.8845903006477066,0.7493659492870931,0.6621560798248808
10.919526712806464,13.94279774913652,0.890224690738243,0.890224690738243,0.7909900894922193,0.6118289616592949
10.744523524080561,14.184501857427778,0.8845903006477066,0.8845903006477066,0.8268120378736614,0.5624783142728288
10.58270782193827,14.437902905169254,0.890224690738243,0.890224690738243,0.856471142863097,0.5161949064479234
10.433180798732437,14.701082041521325,0.894427190999916,0.894427190999916,0.8801154126657756,0.4747597923035938
10.294735360883982,14.9717497167693,0.894427190999916,0.894427190999916,0.8984579690282813,0.43905953797813774
10.166056628707663,15.247704580195736,0.9013878188659974,0.9013878188659974,0.9125256194105656,0.4090195520013237
10.045825262849391,15.52706997047156,0.873212459828649,0.873212459828649,0.9232209367486532,0.38426956937668016
9.932720892108817,15.808301761151686,0.8860022573334675,0.8860022573334675,0.9312133295816959,0.3644746010483747
9.82542211343935,16.09018836067504,0.873212459828649,0.873212459828649,0.9369924492071539,0.3493496101740765
9.722606491948158,16.371850712364562,0.873212459828649,0.873212459828649,0.9409129226099464,0.33864859672765363
9.622950560896179,16.652742294427135,0.894427190999916,0.894427190999916,0.9432287831131188,0.33214373802157576
9.525129821698085,16.93264911995371,0.894427190999916,0.894427190999916,0.9441212799908183,0.3295982534366631
9.42781874392233,17.21168973691923,0.9178779875342911,0.9178779875342911,0.9437232401849963,0.33073621805712755
9.329690765289584,17.490315228177366,0.9013878188659974,0.9013878188659974,0.9421230824527359,0.33526720315258296
9.229402196402116,17.76925339838569,0.9192388155425117,0.9192388155425117,0.9391787124522523,0.34342880787221347
9.125424074397685,18.04892569809496,0.9192388155425117,0.9192388155425117,0.9343053051734077,0.3564738373637334
9.015880430008625,18.328886387406083,0.9340770846134703,0.9340770846134703,0.9265489022949611,0.37617433678548917
8.89853433143904,18.60777414075254,0.9178779875342911,0.9178779875342911,0.914617210055662,0.4043208615320227
8.770787884364815,18.88331204690035,0.9394147114027969,0.9394147114027969,0.8966780536188731,0.44268325940594283
8.629696459113852,19.15231928668618,0.9433981132056604,0.9433981132056604,0.8704707250023354,0.49222019149351104
8.47237425058731,19.411044018554566,0.9433981132056604,0.9433981132056604,0.8341143386867803,0.5515915789758896
8.29675675803381,19.655789225630066,0.95524865872714,0.95524865872714,0.7865041114091149,0.6175850408944169
8.101752171512054,19.88303697445506,0.9604686356149273,0.9604686356149273,0.7270569314335976,0.686577175890927
7.887241758139962,20.089448732024948,0.95524865872714,0.95524865872714,0.6557458331187019,0.7549817231876939
7.654079009932965,20.27186732794374,0.9604686356149273,0.9604686356149273,0.5732984820921887,0.8193465996944104
7.403968426413176,20.427596065055848,0.9617692030835672,0.9617692030835672,0.4823137856171471,0.8759985229460474
7.139004128895149,20.55546108894024,0.9219544457292888,0.9219544457292888,0.3883993766704384,0.9214911416839637
6.861479466950524,20.65624978094599,0.9013878188659974,0.9013878188659974,0.29928817229931726,0.9541627690922205
6.573882891428452,20.732720260821207,0.9,0.9,0.2231270886418103,0.974789363049387
6.27889795212649,20.78960137691805,0.9,0.9,0.16693088335482778,0.985968599998183
5.9793522798894205,20.8333781521231,0.8558621384311845,0.8558621384311845,0.13331626603193938,0.9910735458134785
5.677782407406447,20.870461652337926,0.8558621384311845,0.8558621384311845,0.11900292253934339,0.9928939039127469
5.376075815487518,20.905683624117756,0.8514693182963202,0.8514693182963202,0.11825109619144163,0.9929837250677991
5.0754460536976245,20.942191865335285,0.9,0.9,0.12535615788043467,0.9921118050307917
4.776432745198073,20.981450237326012,0.9,0.9,0.13482037345817552,0.9908700555070771
4.478947186073816,21.02335306266228,0.9,0.9,0.14282877887234063,0.9897474121844604
4.1826369785372215,21.067139902393738,0.8860022573334675,0.8860022573334675,0.14832585550025848,0.9889385423726372
3.887171031563999,21.112110554277212,0.8860022573334675,0.8860022573334675,0.1515727113918079,0.9884461103982026
3.592257970646109,21.157671238430673,0.873212459828649,0.873212459828649,0.15292160892454984,0.9882383222299806
3.2976461377917707,21.20333459733324,0.873212459828649,0.873212459828649,0.15273294907484986,0.9882674973239276
3.003123591525461,21.248719695825184,0.9055385138137417,0.9055385138137417,0.151372577424196,0.9884767790919298
2.708518106887909,21.29355202110791,0.9013878188659974,0.9013878188659974,0.1492096563115611,0.9888055817315079
2.413697175436105,21.337663482743984,0.9013878188659974,0.9013878188659974,0.14661490770705435,0.9891936457731884
2.118568005243292,21.380992412657115,0.9,0.9,0.14395915610477666,0.9895836303080203
1.8230775208989705,21.423583565132166,0.9,0.9,0.1416115397415106,0.9899223059473095
1.527212266664611,21.46558773511019,0.9,0.9,0.13989223135413684,0.9901667352556137
1.2309914567332534,21.50723436627572,0.8860022573334675,0.8860022573334675,0.1389356256459298,0.9903014146846273
0.9344464339314192,21.548750588975793,0.9340770846134703,0.9340770846134703,0.13869349649702276,0.9903353543267202
0.6376140410744099,21.590335093883333,0.9219544457292888,0.9219544457292888,0.1390727484529649,0.9902821671815253
0.3405365387239226,21.632157807844532,0.9219544457292888,0.9219544457292888,0.13998010832291086,0.9901543158891477
0.043261605188050736,21.674359893878925,0.912414379544733,0.912414379544733,0.1413228678682682,0.9899635584290404
-0.2541576634787167,21.717053751179332,0.912414379544733,0.912414379544733,0.1430090033880891,0.9897213875378997
-0.5516627534755167,21.760323015111886,0.9055385138137417,0.9055385138137417,0.1449472295620193,0.9894393870481887
-0.8491897332550233,21.804222557215986,0.9013878188659974,0.9013878188659974,0.14704699116968561,0.9891295073891702
-1.146669253523582,21.848778485204388,0.9513148795220223,0.9513148795220223,0.14921839918804908,0.988804262401693
-1.444026549570494,21.89398814671003,0.9500000000000001,0.9500000000000001,0.15137655102913958,0.9884761705769757
-1.7411833241791335,21.93982315803813,0.9486832980505139,0.9486832980505139,0.15346727727241002,0.9881537303509982
-2.0380687557451127,21.986247111247998,0.9486832980505139,0.9486832980505139,0.15547796164791006,0.9878393611523135
-2.334626154703092,22.033226281332187,0.9486832980505139,0.9486832980505139,0.15741194563380947,0.9875330269777202
-2.630813253521891,22.080730092687446,0.9340770846134703,0.9340770846134703,0.15927279661844193,0.9872346105446974
-2.926602206704491,22.128731119114754,0.9340770846134703,0.9340770846134703,0.16106366258724558,0.9869440189767512
-3.221979590788032,22.177205083819253,0.9340770846134703,0.9340770846134703,0.16278730861189877,0.9866611840722703
-3.5169464043438174,22.226130859410322,0.9219544457292888,0.9219544457292888,0.1644461502119761,0.9863860621888674
-3.8115180679773046,22.2754904679015,0.9219544457292888,0.9219544457292888,0.16604228422889172,0.986118633759677
-4.10572442432812,22.325269080710562,0.9219544457292888,0.9219544457292888,0.16757751776784047,0.985858902449417
-4.399609738070041,22.37545501865945,0.912414379544733,0.912414379544733,0.16905339568784705,0.9856068939523547
-4.693232695911012,22.42603975197434,0.912414379544733,0.912414379544733,0.17047122704968606,0.9853626544314404
-4.986666406593137,22.477017900285585,0.912414379544733,0.912414379544733,0.17183211086383288,0.9851262485976503
-5.2799984008926755,22.52838723262774,0.912414379544733,0.912414379544733,0.17313696141503745,0.9848977574306725
-5.573330631620054,22.580148667439573,0.912414379544733,0.912414379544733,0.17438653337320384,0.9846772755467024
-5.866779473619852,22.632306272564037,0.912414379544733,0.912414379544733,0.17558144683394028,0.984464908225631
-6.160475723770817,22.684867265248293,0.912414379544733,0.912414379544733,0.17672221236376598,0.9842607681185185
-6.454564600985848,22.7378420121437,0.9219544457292888,0.9219544457292888,0.17780925605622222,0.9840649716663696
-6.749205746212036,22.791244029305826,0.912414379544733,0.912414379544733,0.1788429445367988,0.9838776352725005
-7.044573222430558,22.845089982194413,0.912414379544733,0.912414379544733,0.1798236097874656,0.9836988712827749
-7.3408555146568215,22.89939968567343,0.912414379544733,0.912414379544733,0.1807515735981931,0.9835287838399936
-7.638255529940372,22.95419610401104,0.873212459828649,0.873212459828649,0.18152552794375057,0.9833862327207671
-7.936972402113287,23.009438273881372,0.873212459828649,0.873212459828649,0.180830022348629,0.9835143634016711
-8.237000974105214,23.06428209368077,0.873212459828649,0.873212459828649,0.17513613169385775,0.9845442272317235
-8.537931002424148,23.116340088604854,0.8860022573334675,0.8860022573334675,0.1596268486521817,0.9871774253848056
-8.838928869293353,23.16161399223717,0.8860022573334675,0.8860022573334675,0.12899606392819696,0.9916451056154276
-9.138737582651329,23.194494746549108,0.9,0.9,0.07716999707148373,0.9970179494632918
-9.435682759653004,23.20780322684046,0.9055385138137417,0.9055385138137417,-0.0007435512599103932,0.9999997235657238
-9.727858701403632,23.19405670467793,0.8500000000000001,0.8500000000000001,-0.10300134148070222,0.9946812171008236
-10.013495795648765,23.147969466225106,0.8544003745317531,0.8544003745317531,-0.22011184453099744,0.9754746413398772
-10.291037634671493,23.066977692524095,0.873212459828649,0.873212459828649,-0.3391711265112261,0.9407246924265918
-10.559141263181091,22.951241146676796,0.9013878188659974,0.9013878188659974,-0.4479179857456932,0.8940746490341402
-10.816677141095193,22.803640185751018,0.8845903006477066,0.8845903006477066,-0.5386728493140104,0.8425150214755375
-11.062722841201438,22.629269767437545,0.8845903006477066,0.8845903006477066,-0.6108636154861236,0.7917358418533428
-11.296537695364739,22.43340388013664,0.8845903006477066,0.8845903006477066,-0.6683434476776602,0.7438528321827771
-11.517551777911812,22.220611056315125,0.848528137423857,0.848528137423857,-0.7150837555440493,0.6990387847301595
-11.725365640523286,21.99473308789357,0.8845903006477066,0.8845903006477066,-0.7540411079688452,0.6568272280387868
-11.91975031223368,21.75888502624623,0.848528137423857,0.848528137423857,-0.7873498161284282,0.6165065020277809
-12.100647299431419,21.515455182201062,0.8321658488546619,0.8321658488546619,-0.8165198066669157,0.5773174216326947
-12.268168585858843,21.26610512603972,0.8602325267042628,0.8602325267042628,-0.8425821938006862,0.5385677735346062
-12.422596632612162,21.01176968749764,0.8602325267042628,0.8602325267042628,-0.866188730339289,0.4997170033461043
-12.564384378141524,20.752656955763882,0.8500000000000001,0.8500000000000001,-0.8876831117016415,0.46045487639907895
-12.694155233501718,20.488248282464113,0.894427190999916,0.894427190999916,-0.9072247356562094,0.42064626352021833
-12.81257206987987,20.217380566652146,0.873212459828649,0.873212459828649,-0.9253472146619839,0.37912073580497846
-12.919202673803177,19.938958828254762,0.894427190999916,0.894427190999916,-0.9431730249956829,0.3323020386944578
-13.011575400771934,19.652549323608632,0.9178779875342911,0.9178779875342911,-0.9615055990232956,0.2747853399416599
-13.085112426044079,19.35842146863411,0.873212459828649,0.873212459828649,-0.9797635602885794,0.20015835213811944
-13.13312974463517,19.05754783883519,0.9,0.9,-0.9948585479719549,0.10127422933369336
-13.14686848174149,18.751766248408583,0.9,0.9,-0.9996154491347417,-0.027730017150168592
-13.116205431009329,18.44745786756774,0.9219544457292888,0.9219544457292888,-0.981210936041007,-0.1929380703581618
-13.030820028638436,18.16158717652308,0.9178779875342911,0.9178779875342911,-0.9133950150319571,-0.4070743746722102
-12.881271671846601,17.920312613939956,0.95524865872714,0.95524865872714,-0.7560604886100267,-0.6545017475628064
-12.665900924952993,17.74004374006484,0.95524865872714,0.95524865872714,-0.5352275655453084,-0.8447079099194246
-12.396129937078134,17.612914960152953,0.873212459828649,0.873212459828649,-0.3724677516725635,-0.9280451357363959
-12.09563275021571,17.51116855208568,0.8631338250816034,0.8631338250816034,-0.3288654994086392,-0.9443767697792583
-11.796603782961895,17.404138681032848,0.9013878188659974,0.9013878188659974,-0.40447958019028446,-0.9145470295228624
-11.537838760378204,17.2644712565296,0.9300537618869138,0.9300537618869138,-0.597346338780662,-0.8019833860781274
-11.352935714771085,17.073678598232764,0.8845903006477066,0.8845903006477066,-0.8361132195151135,-0.5485569105863781
-11.252922014440124,16.830199710327747,0.8276472678623424,0.8276472678623424,-0.9719770376096937,-0.2350758140674708
-11.225979645491286,16.54874844063802,0.8015609770940699,0.8015609770940699,-0.9999999928400476,-0.00011966580467116417
-11.252852342687254,16.247980315550986,0.7905694150420949,0.7905694150420949,-0.9888741510896936,0.1487545404572174
-11.31722384859746,15.94218521499703,0.8500000000000001,0.8500000000000001,-0.9695301474752277,0.24497202521239694
-11.406254501849611,15.640857857928538,0.873212459828649,0.873212459828649,-0.9508106087587881,0.3097727978240551
-11.510581237129735,15.348697802319808,0.873212459828649,0.873212459828649,-0.9350834406346915,0.35442764995240894
-11.624244500539795,15.065736706893793,0.873212459828649,0.873212459828649,-0.9231437921639746,0.38445485949473507
-11.743517323661774,14.78937725546646,0.9013878188659974,0.9013878188659974,-0.9154926997651045,0.40233458299877767
-11.865371500807608,14.517063990727825,0.8544003745317531,0.8544003745317531,-0.9122198751723188,0.4097009877222645
-11.987280020841599,14.24662733819316,0.894427190999916,0.894427190999916,-0.91287016179514,0.40825000637368625
-12.10721703809376,13.976283656851335,0.8544003745317531,0.8544003745317531,-0.9166185829971725,0.39976289635764795
-12.223657872359805,13.70463523916481,0.890224690738243,0.890224690738243,-0.9224616507358313,0.38608872415770584
-12.335579008901158,13.430670311069617,0.9192388155425117,0.9192388155425117,-0.9293749018146601,0.369137226349485
-12.442458098444963,13.153763031975398,0.9340770846134703,0.9340770846134703,-0.9364279998682834,0.3508598025745984
-12.544273957184073,12.873673494765379,0.9340770846134703,0.9340770846134703,-0.9428501823830479,0.33321694671828056
-12.641506566777052,12.590547725796371,0.9340770846134703,0.9340770846134703,-0.9480424387121532,0.3181438894599631
-12.735136948326444,12.304917590354773,0.9192388155425117,0.9192388155425117,-0.9515795221616242,0.30740268867180526
-12.826578382045268,12.0176491922818,0.912414379544733,0.912414379544733,-0.9533407340246518,0.30189641410480217
-12.917303898589742,11.729663410559326,0.9013878188659974,0.9013878188659974,-0.9534862505357561,0.3014365107933435
-13.008635257397172,11.441777586660177,0.9013878188659974,0.9013878188659974,-0.9522112902272684,0.305440106671866
-13.101734696928924,11.15469933541623,0.873212459828649,0.873212459828649,-0.9496474795450384,0.3133203864956059
-13.197604934670395,10.869026545018423,0.9192388155425117,0.9192388155425117,-0.945887939111362,0.3244934616346842
-13.297089167131062,10.585247377016765,0.9192388155425117,0.9192388155425117,-0.9410130415623125,0.3383702936276256
-13.40087106984444,10.303740266320322,0.8544003745317531,0.8544003745317531,-0.935112415441992,0.3543511965356453
-13.509474797368105,10.024773921197202,0.873212459828649,0.873212459828649,-0.9283032083635031,0.37182408924386084
-13.623264983283665,9.748507323274644,0.8860022573334675,0.8860022573334675,-0.9207441769907043,0.3901668367989655
-13.742446740196806,9.474989727538878,0.894427190999916,0.894427190999916,-0.9126407495491954,0.4087625989034257
-13.867070438506612,9.204164973960482,0.8746427842267951,0.8746427842267951,-0.904194990439416,0.4271199120437544
-13.99708884531831,8.935923040846397,0.9394147114027969,0.9394147114027969,-0.8955363187836898,0.4449884287701846
-14.132417918572123,8.670154896095918,0.9178779875342911,0.9178779875342911,-0.8867443640811139,0.4622601353895671
-14.272942806158792,8.406757909878301,0.894427190999916,0.894427190999916,-0.877896535432146,0.47885036606045833
-14.418517845923077,8.145635854635941,0.9178779875342911,0.9178779875342911,-0.8690717920884283,0.49468598140255354
-14.568966565663754,7.88669890508435,0.9013878188659974,0.9013878188659974,-0.8603492923309264,0.509704909909326
-14.724081683133614,7.629863638212178,0.894427190999916,0.894427190999916,-0.8518072430795366,0.5238553432363168
-14.883625106039483,7.375053033281205,0.894427190999916,0.894427190999916,-0.8435219854159857,0.5370946472642171
-15.047327932042188,7.122196471826331,0.894427190999916,0.894427190999916,-0.8355673331492005,0.5493880520851658
-15.214890448756584,6.871229737655591,0.8602325267042628,0.8602325267042628,-0.8280148666902936,0.560706144553326
-15.385981459947208,6.6220946654053305,0.8746427842267951,0.8746427842267951,-0.8210909596673863,0.570797368557784
-15.56008950199952,6.374661537595954,0.8514693182963202,0.8514693182963202,-0.8158780701310235,0.5782239831408558
-15.73587565274763,6.128391520784089,0.8845903006477066,0.8845903006477066,-0.814508128835644,0.5801521421667404
-15.910871441170539,5.882179100426209,0.8746427842267951,0.8746427842267951,-0.8194156281761492,0.573199815335531
-16.08147049329084,5.63434772352225,0.890224690738243,0.890224690738243,-0.8327901084236632,0.5535888684860844
-16.242928532292485,5.382649798699935,0.9178779875342911,0.9178779875342911,-0.8559941417801117,0.5169855213041561
-16.389485709658263,5.124354290583284,0.9178779875342911,0.9178779875342911,-0.887637606827208,0.4605425918914198
-16.515592487891325,4.8571245046727185,0.9178779875342911,0.9178779875342911,-0.9226650787806141,0.3856023241615165
-16.61705201980922,4.579836080171004,0.9340770846134703,0.9340770846134703,-0.9549018067991667,0.29692177315193136
-16.691114587918282,4.292644612646874,0.9055385138137417,0.9055385138137417,-0.9796468385775352,0.20072885110277686
-16.736477604413665,3.9969856540351207,0.9055385138137417,0.9055385138137417,-0.9946263475513397,0.10352984476314794
-16.75326456835103,3.6955606685954367,0.9500000000000001,0.9500000000000001,-0.9999513924272904,0.00985965429024998
-16.74244334867257,3.3919487934165535,0.9,0.9,-0.9968075200420962,-0.07984214418166717
-16.704751620684206,3.0898896717886646,0.9219544457292888,0.9219544457292888,-0.9858126354465072,-0.16784947957623195
-16.640487779504767,2.7931439082687732,0.8860022573334675,0.8860022573334675,-0.9664807219166137,-0.2567391948330859
-16.5495104517568,2.5054927427818416,0.873212459828649,0.873212459828649,-0.9372329163794898,-0.34870397252511515
-16.431240429014995,2.230737053181726,0.9178779875342911,0.9178779875342911,-0.8956810225953659,-0.44469709439406035
-16.284916970450283,1.9725651322886584,0.9300537618869138,0.9300537618869138,-0.8401012994337583,-0.5424295407605588
-16.110550833662156,1.734061032563353,0.890224690738243,0.890224690738243,-0.7712199455405925,-0.6365687673773868
-15.909308987220868,1.5175060982674875,0.9192388155425117,0.9192388155425117,-0.6923023165160752,-0.7216075821015713
-15.683522576840103,1.3243748558262067,0.9219544457292888,0.9219544457292888,-0.6082490640538469,-0.7937462290163142
-15.436686916411759,1.1553350142207712,0.9013878188659974,0.9013878188659974,-0.5242938233835852,-0.8515374253441959
-15.173337996864518,1.0102528735086025,0.894427190999916,0.894427190999916,-0.4442446721374248,-0.8959055035423724
-14.898033879343348,0.8882379365690245,0.9013878188659974,0.9013878188659974,-0.3700352027680264,-0.929017733260472
-14.614538719051387,0.7876786462691377,0.9192388155425117,0.9192388155425117,-0.3030654575292154,-0.9529697416248888
-14.32576815364714,0.7062447772786872,0.8860022573334675,0.8860022573334675,-0.24505480173888694,-0.9695092284989941
-14.033789303244465,0.6408874360700618,0.9219544457292888,0.9219544457292888,-0.19803166708472109,-0.9801956227364241
-13.739833056180176,0.5878666683957903,0.9219544457292888,0.9219544457292888,-0.16335436575226953,-0.9865674590161961
-13.444547842057096,0.5433217153608174,0.9486832980505139,0.9486832980505139,-0.14014336973100325,-0.9901312215663333
-13.148392605819243,0.5041540695973387,0.9,0.9,-0.12576204124927853,-0.99206043615337
-12.851698958575067,0.46816713503288143,0.9219544457292888,0.9219544457292888,-0.11723416441927968,-0.9931043000072617
-12.554671226044423,0.43406633575583387,0.9500000000000001,0.9500000000000001,-0.11157313174014802,-0.9937562257785838
-12.257388902206232,0.40144148089996434,0.9055385138137417,0.9055385138137417,-0.1063806854736576,-0.9943254747607319
-11.959853764973863,0.3704281299101942,0.9340770846134703,0.9340770846134703,-0.1006641915833031,-0.9949204594000869
-11.662059502711664,0.34120716552360814,0.9500000000000001,0.9500000000000001,-0.09439573376435158,-0.9955347535104385
-11.364002120793097,0.31392999866082755,0.9013878188659974,0.9013878188659974,-0.08767322399340251,-0.9961492889093495
-11.065679947143757,0.28871852858683167,0.9340770846134703,0.9340770846134703,-0.08059501205993415,-0.9967469307858736
-10.767093632241334,0.265665142910957,0.9,0.9,-0.07325980743638999,-0.9973128900271886
-10.468246149115636,0.2448327175868976,0.9500000000000001,0.9500000000000001,-0.06576661647398223,-0.9978350325367236
-10.169142793348591,0.2262546169127052,0.9500000000000001,0.9500000000000001,-0.05821463956112486,-0.9983040898147059
-9.86979118307424,0.20993469353078903,0.9219544457292888,0.9219544457292888,-0.05070314192373875,-0.9987137685037997
-9.570201258978729,0.19584728842791585,0.9500000000000001,0.9500000000000001,-0.04333131310288179,-0.9990607575642134
-9.270385284300328,0.18393723093520986,0.9500000000000001,0.9500000000000001,-0.03619813059919517,-0.9993446329175554
-8.97035784482941,0.17411983872815293,0.9500000000000001,0.9500000000000001,-0.02940224271488265,-0.9995676606029905
-8.670135848908473,0.16628091782658447,0.9500000000000001,0.9500000000000001,-0.023041884274017186,-0.9997345005395697
-8.369738527432125,0.1602767625947013,0.9500000000000001,0.9500000000000001,-0.017214836711525225,-0.9998518137189109
-8.069187433847084,0.155934155741058,0.9013878188659974,0.9013878188659974,-0.01201844106040123,-0.9999277759290807
-7.7685064441521865,0.1530503683185665,0.9,0.9,-0.007549668711021092,-0.999971500845076
-7.46772175689838,0.15139315972449632,0.9,0.9,-0.003905250529534783,-0.9999923744800765
-7.1668618931887265,0.1507007777004746,0.9,0.9,-0.0011818600383837932,-0.999999301603181
-6.865957696678404,0.15068195833248593,0.9,0.9,0.0005236591303050365,-0.9999998628905482
-6.565042333574676,0.1510159260508725,0.9,0.9,0.001114037466723153,-0.9999993794600688
-6.264151292636992,0.1513523936303339,0.9,0.9,0.0004991803798159214,-0.9999998754094664
-5.9633220580466055,0.15131629304397645,0.9,0.9,-0.0012896587805578566,-0.9999991683897691
-5.66258935146253,0.150576583345677,0.9,0.9,-0.003967339436682338,-0.9999921300779292
-5.361979303324434,0.14893054344254053,0.9500000000000001,0.9500000000000001,-0.007091770863131326,-0.9999748530768285
-5.061508762874276,0.14631375034399902,0.9500000000000001,0.9500000000000001,-0.010203405119644137,-0.9999479439070638
-4.761185298120038,0.1428000796859955,0.9500000000000001,0.9500000000000001,-0.012841612953096536,-0.9999175430888103
-4.4610071958357365,0.1386017057309844,0.9500000000000001,0.9500000000000001,-0.014544713677416447,-0.9998942200573229
-4.16096346156142,0.1340691013679314,0.9500000000000001,0.9500000000000001,-0.014850134019879583,-0.9998897306801343
-3.861033819603161,0.12969103811231322,0.9500000000000001,0.9500000000000001,-0.013294675224109424,-0.9999116218999985
-3.5611887130330695,0.12609458610611787,0.9500000000000001,0.9500000000000001,-0.009415034413942347,-0.9999556775812537
-3.2613893036892856,0.12404511411784479,0.9500000000000001,0.9500000000000001,-0.0027495671185956004,-0.9999962199331858
-2.9615874603534116,0.12444593598547352,0.9500000000000001,0.9500000000000001,0.006910220031187703,-0.9999761241445321
-2.661720767788281,0.12818905458682467,0.9500000000000001,0.9500000000000001,0.018240987243062848,-0.9998336193509391
-2.361686958411599,0.13539053435788198,0.9500000000000001,0.9500000000000001,0.027951976359283225,-0.9996092671727339
-2.0613301093290572,0.14497771996109907,0.9500000000000001,0.9500000000000001,0.032056604393898444,-0.9994860549876287
-1.760440145436268,0.15467437641897114,0.9,0.9,0.026581333713461927,-0.9996466539222815
-1.458752839418768,0.16100068911403484,0.9,0.9,0.008058805659942974,-0.9999675272984294
-1.1560890599851001,0.15954488252548893,0.9,0.9,-0.02106235013538049,-0.9997781640978035
-0.8540455710347838,0.14826130684556285,0.9500000000000001,0.9500000000000001,-0.04763090489598249,-0.9988650043418229
-0.5578088610636827,0.13101587496980563,0.9500000000000001,0.9500000000000001,-0.05421201534731055,-0.9985294474335662
-0.2745491093077306,0.11679936933575359,0.9500000000000001,0.9500000000000001,-0.050125844265317424,-0.9987429097303716
