0.00040954641707677264,-0.01031031456383739,0.9340770846134703,0.9340770846134703,0.1385945658297155,-0.9903492042317562
0.2974970404141413,0.03126563871407922,0.9219544457292888,0.9219544457292888,0.13390784763520788,-0.990993788245772
0.5949248992622777,0.07002345970382054,0.9219544457292888,0.9219544457292888,0.12453699869941916,-0.9922149645892975
0.8926897833504508,0.10597073841356268,0.9055385138137417,0.9055385138137417,0.11517417790475794,-0.9933453119353628
1.190785576527954,0.13911097924537572,0.9486832980505139,0.9486832980505139,0.10580907971729869,-0.9943864634282681
1.4892033861044176,0.16944360099522487,0.9055385138137417,0.9055385138137417,0.0964309355601801,-0.9953396780330765
1.7879315428498013,0.19696393685296948,0.9500000000000001,0.9500000000000001,0.08702854017813111,-0.9962058186913302
2.0869556009943957,0.2216632344023632,0.9,0.9,0.07759027655686082,-0.9969853303754423
2.386258338228824,0.24352865562105427,0.9340770846134703,0.9340770846134703,0.06810413947927282,-0.9976782177565008
2.685819755704043,0.2625432768805853,0.9,0.9,0.05855775784981519,-0.9982840222079097
2.985617078031338,0.2786860889463935,0.9,0.9,0.048938415966742775,-0.9988017978771695
3.285624753282332,0.2919319969778105,0.9219544457292888,0.9219544457292888,0.039233073970208546,-0.9992300865700793
3.585814452988971,0.302251820528062,0.9,0.9,0.029428387742428064,-0.9995668912058269
3.8861550721435414,0.30961229354426867,0.9,0.9,0.01951072858529713,-0.9998096476180208
4.186612729198658,0.3139760643674453,0.9,0.9,0.009466203051402847,-0.9999551944961282
4.487150766067266,0.3153016957325012,0.9,0.9,-0.000719326643106101,-0.9999997412845568
4.787729748122646,0.31354366476824025,0.9,0.9,-0.011060221140261946,-0.9999388338835173
5.088307464198406,0.3086523629973605,0.9,0.9,-0.021571040855036222,-0.9997673180277651
5.38883892658849,0.30057409633645454,0.9,0.9,-0.03226651282386083,-0.999479300511115
5.6892763734149145,0.28925108974831987,0.9500000000000001,0.9500000000000001,-0.04316062978044204,-0.9990681458423922
5.989569530394617,0.2746220015803999,0.9500000000000001,0.9500000000000001,-0.0542635459855873,-0.9985266484060754
6.289666524894524,0.2566237195663492,0.9219544457292888,0.9219544457292888,-0.06558116839418954,-0.9978472379838774
6.589514233455433,0.2351920436660712,0.9486832980505139,0.9486832980505139,-0.0771180990148563,-0.9970219650561039
6.88905828812147,0.21026169850232598,0.912414379544733,0.912414379544733,-0.08887875726133737,-0.9960424521613928
7.188243076440102,0.1817663333607304,0.9219544457292888,0.9219544457292888,-0.10086736783513067,-0.9948998814483859
7.4870117414621244,0.149638522189758,0.9486832980505139,0.9486832980505139,-0.11308792439160485,-0.9935849844662502
7.785306181741671,0.11380976360073915,0.9013878188659974,0.9013878188659974,-0.1255441499368775,-0.9920880336021732
8.083067051336212,0.0742104808678609,0.912414379544733,0.912414379544733,-0.13823945382098196,-0.9903988355239906
8.380233759806547,0.03077002192816735,0.9219544457292888,0.9219544457292888,-0.15117688521574052,-0.9885067270264107
8.676744472216818,-0.016583340618440884,0.9340770846134703,0.9340770846134703,-0.16435908299568316,-0.986400573720848
8.9725361091345,-0.06792240950920667,0.9340770846134703,0.9340770846134703,-0.17778822197821187,-0.9840687720509305
9.267544346630395,-0.12332106281851542,0.9219544457292888,0.9219544457292888,-0.19146595552604692,-0.9814992551573831
9.561703616278647,-0.18285425395789634,0.912414379544733,0.912414379544733,-0.2053933545718027,-0.9786795031560341
9.854947105156738,-0.2465980116760218,0.9055385138137417,0.9055385138137417,-0.21957084319222314,-0.9755965584296903
10.14720675584548,-0.3146294400587073,0.9340770846134703,0.9340770846134703,-0.233998130938985,-0.9722370465668656
10.438413266429018,-0.3870267185289119,0.9219544457292888,0.9219544457292888,-0.24867414222476353,-0.9685872036057352
10.728496090494842,-0.46386910184673724,0.9340770846134703,0.9340770846134703,-0.2635969431677853,-0.9646329102578863
11.01738343713376,-0.5452369201094285,0.912414379544733,0.912414379544733,-0.27876656289576784,-0.9603588930245192
11.305001349540305,-0.6312131965625186,0.9192388155425117,0.9192388155425117,-0.2942306739450091,-0.9557344351386873
11.591259123270628,-0.7219092505023408,0.9340770846134703,0.9340770846134703,-0.31014044939089425,-0.9506907497454754
11.876030365446784,-0.8174979538885886,0.9340770846134703,0.9340770846134703,-0.32671061181995925,-0.9451244236206299
12.159150580626859,-0.918217970119829,0.9178779875342911,0.9178779875342911,-0.3441578214082461,-0.9389118137309435
12.440417170487564,-1.0243737545908433,0.9178779875342911,0.9178779875342911,-0.3626905536934604,-0.9319096320253005
12.719589433824229,-1.1363355546926255,0.8860022573334675,0.8860022573334675,-0.3825057766314464,-0.9239530999155606
12.996388566550802,-1.2545394098123839,0.9178779875342911,0.9178779875342911,-0.40378455902119603,-0.9148541030656518
13.270497661699842,-1.3794871513335378,0.8860022573334675,0.8860022573334675,-0.4266863205326536,-0.9043996814850752
13.54156170942253,-1.5117464026357208,0.9178779875342911,0.9178779875342911,-0.4512547047117105,-0.8923951991553669
13.809208127803217,-1.6518951971597267,0.9340770846134703,0.9340770846134703,-0.4735560521161346,-0.8807636831206092
14.073978558517174,-1.798008456770446,0.9178779875342911,0.9178779875342911,-0.47686315130006457,-0.878977550869288
14.339565915918744,-1.9396250554560872,0.9486832980505139,0.9486832980505139,-0.4384573023189763,-0.8987520203277242
14.612038881980865,-2.0605018615972193,0.9617692030835672,0.9617692030835672,-0.37144266628041667,-0.9284558932262184
14.892824352846166,-2.1609643678065837,0.9617692030835672,0.9617692030835672,-0.3460674119602046,-0.9382096494809494
15.175029664953252,-2.2681662821544917,0.9178779875342911,0.9178779875342911,-0.4148522324078048,-0.9098887982969461
15.44506436640439,-2.412751182721057,0.9656603957913984,0.9656603957913984,-0.5489454324898699,-0.8358581890180353
15.684709752667384,-2.6028959765664132,0.9899494936611666,0.9899494936611666,-0.6945495152855291,-0.7194449046429036
15.87649178641388,-2.829249657468345,1.0124228365658294,1.0124228365658294,-0.8231195237003404,-0.5678681622553996
16.0151880239392,-3.0819211012752454,1.0295630140987002,1.0295630140987002,-0.9146229845221658,-0.4043077988164043
16.108543201269274,-3.3541951525563833,1.019803902718557,1.019803902718557,-0.9647125102885575,-0.2633054737234868
16.16775195654088,-3.640892900525511,1.0111874208078342,1.0111874208078342,-0.9872168704239598,-0.15938271785335661
16.20272322891432,-3.9375464305395336,1.0,1.0,-0.995940550310101,-0.09001344481805588
16.22193318893774,-4.2403731950401875,0.97082439194738,0.97082439194738,-0.9988117215360448,-0.04873545857178714
16.232425238547126,-4.54627601355403,0.9500000000000001,0.9500000000000001,-0.9995742998666227,-0.029175658452740654
16.23981001106628,-4.852843072692449,0.9013878188659974,0.9013878188659974,-0.9996652931138903,-0.025870866694408596
16.24826537120681,-5.158347926151662,0.9,0.9,-0.9994211852066059,-0.03401903232343671
16.260536415068184,-5.461749494712708,0.9013878188659974,0.9013878188659974,-0.9987970290213657,-0.04903564844165037
16.27793547026299,-5.7626920661775705,0.9,0.9,-0.9977965235682222,-0.06634830484021513
16.300414613507492,-6.061468324978692,0.9219544457292888,0.9219544457292888,-0.9965895587023182,-0.08251818881627661
16.327281495652084,-6.35865441546912,0.9,0.9,-0.9953455905888023,-0.09636988790814467
16.35785876052805,-6.654773761802955,0.9340770846134703,0.9340770846134703,-0.9941534491024602,-0.1079764772424169
16.391537708224647,-6.950269709713776,0.9,0.9,-0.9930680992972324,-0.11754041925304748
16.427778295089112,-7.245505526514619,0.912414379544733,0.912414379544733,-0.9921200073317991,-0.12529122495989523
16.466109133726704,-7.540764401097993,0.912414379544733,0.912414379544733,-0.9913192592615524,-0.13147671359266266
16.50612749300065,-7.836249443935888,0.9219544457292888,0.9219544457292888,-0.9906598928630697,-0.1363560657709491
16.547499298032168,-8.132083687079747,0.873212459828649,0.873212459828649,-0.990123967026127,-0.14019461444879003
16.589959130200484,-8.428310084160499,0.8860022573334675,0.8860022573334675,-0.9896852912068876,-0.1432585926523712
16.6333093988966,-8.724892768127928,0.8860022573334675,0.8860022573334675,-0.9893178956287424,-0.14577414513114703
16.677400891206943,-9.021746587671837,0.9,0.9,-0.989007896147083,-0.14786271118412808
16.72210015404864,-9.318786639320898,0.9,0.9,-0.9887514356564465,-0.14956803965859802
16.76728382240156,-9.615936880347624,0.9013878188659974,0.9013878188659974,-0.9885457746114986,-0.15092134208836114
16.8128386116397,-9.913130140413621,0.9013878188659974,0.9013878188659974,-0.9883877454206677,-0.15195283709838855
16.85866131753119,-10.210308121569563,0.9055385138137417,0.9055385138137417,-0.9882738290234716,-0.1526919738142315
16.9046588162383,-10.507421398255213,0.9055385138137417,0.9055385138137417,-0.9882002230190746,-0.15316761806939191
16.950748064317406,-10.804429417299394,0.912414379544733,0.912414379544733,-0.9881629009382552,-0.15340821754160391
16.99685609871904,-11.101300497920027,0.8631338250816034,0.8631338250816034,-0.9881576640845051,-0.15344194638707645
17.042920036787862,-11.398011831724103,0.8860022573334675,0.8860022573334675,-0.9881801870100573,-0.15329682971532155
17.08888707626267,-11.694549482707693,0.9,0.9,-0.9882260573857377,-0.15300084804941666
17.134714495276363,-11.990908387255944,0.9,0.9,-0.9882908107628408,-0.15258202175134142
17.180369652356006,-12.28709235414309,0.9,0.9,-0.9883699605061846,-0.15206847526362277
17.22582998642279,-12.583114064532436,0.9013878188659974,0.9013878188659974,-0.9884590229975871,-0.1514884809305827
17.27108301679202,-12.87899507197636,0.9013878188659974,0.9013878188659974,-0.9885535380674394,-0.150870482117436
17.316126343173146,-13.174765802416331,0.9055385138137417,0.9055385138137417,-0.9886490845094598,-0.1502430953442027
17.360967645669746,-13.470465554182887,0.9055385138137417,0.9055385138137417,-0.9887412904710723,-0.1496350911972147
17.405624684779532,-13.766142497995656,0.912414379544733,0.912414379544733,-0.9888258386354141,-0.14907535291579896
17.45012530047341,-14.061853674738236,0.912414379544733,0.912414379544733,-0.9888986254149568,-0.1485917516297892
17.49450639147448,-14.35766252929697,0.873212459828649,0.873212459828649,-0.988956738421145,-0.148204485530672
17.53880761169622,-14.653623680541534,0.8860022573334675,0.8860022573334675,-0.9889989007041671,-0.14792286640661462
17.583067378816807,-14.949773277651964,0.9,0.9,-0.9890244926629141,-0.14775165959428432
17.627322686976687,-15.246128547577685,0.9,0.9,-0.9890329117876866,-0.14769529241235166
17.671609106778625,-15.542687795037535,0.9013878188659974,0.9013878188659974,-0.9890235280092778,-0.14775811667749839
17.715960785287606,-15.839430402519705,0.9013878188659974,0.9013878188659974,-0.9889956675379755,-0.14794448144866404
17.760410446030914,-16.1363168302818,0.9055385138137417,0.9055385138137417,-0.9889485957287256,-0.1482588108888698
17.804989388998106,-16.433288616350808,0.9055385138137417,0.9055385138137417,-0.988881498739589,-0.14870568735103684
17.849727490641012,-16.730268376523107,0.8631338250816034,0.8631338250816034,-0.9887885288585871,-0.14932262118537473
17.894672971645278,-17.027157763868495,0.873212459828649,0.873212459828649,-0.9885916663304118,-0.15062044104987757
17.940158658325753,-17.32380998433223,0.873212459828649,0.873212459828649,-0.98806113760458,-0.1540622872592224
17.987110884190226,-17.61999791087525,0.8860022573334675,0.8860022573334675,-0.9868433085567287,-0.16167957309694067
18.037083598805843,-17.915410562642055,0.8860022573334675,0.8860022573334675,-0.9844704815948321,-0.17555019472629305
18.09225785872288,-18.20965315345584,0.9,0.9,-0.9803241865298618,-0.19739424840801434
18.155250382270715,-18.5022653307486,0.9219544457292888,0.9219544457292888,-0.9739038050512947,-0.2269611828190227
18.228158808276564,-18.792812133491445,0.9219544457292888,0.9219544457292888,-0.9651903082918734,-0.2615485973570465
18.312058259905697,-19.080931954414304,0.9192388155425117,0.9192388155425117,-0.9546701727816788,-0.2976656869728178
18.406983950814794,-19.366338197112846,0.9192388155425117,0.9192388155425117,-0.9432797069838106,-0.331999087939314
18.511934417257983,-19.648822439627857,0.9178779875342911,0.9178779875342911,-0.932319590130848,-0.3616354267190199
18.62498904324964,-19.928369467857827,0.9178779875342911,0.9178779875342911,-0.9232435015487985,-0.384215352176242
18.74356058032304,-20.20540444143294,0.894427190999916,0.894427190999916,-0.9175215975534611,-0.3976859540176703
18.864453386737946,-20.480849898144076,0.9178779875342911,0.9178779875342911,-0.9165465492170437,-0.3999280224219469
18.983863694263917,-20.756126015067117,0.873212459828649,0.873212459828649,-0.9213344187419207,-0.38877099794285985
19.097481215812955,-21.033094177134945,0.873212459828649,0.873212459828649,-0.931457901287681,-0.36384911450867746
19.201570010984806,-21.313456679850347,0.9192388155425117,0.9192388155425117,-0.9445006132943142,-0.3285096520449047
19.29402244706232,-21.598171374401804,0.8860022573334675,0.8860022573334675,-0.957504842009912,-0.2884171935366778
19.374451836080823,-21.887400218358206,0.9013878188659974,0.9013878188659974,-0.9683226520625753,-0.24970230576128205
19.44419070093317,-22.180510097308275,0.8631338250816034,0.8631338250816034,-0.9759514170010806,-0.21798814567215125
19.505971340632808,-22.476224195162132,0.9055385138137417,0.9055385138137417,-0.9806221959317144,-0.19590841953847288
19.562607454845843,-22.77324673175469,0.9013878188659974,0.9013878188659974,-0.9831699744698401,-0.18269318898353606
19.616407601145433,-23.070540907420774,0.9013878188659974,0.9013878188659974,-0.9842937968008211,-0.17653815898956243
19.66916040706476,-23.367335910548572,0.9013878188659974,0.9013878188659974,-0.9844540024169665,-0.17564258346202805
19.722134570096973,-23.663126917579635,0.9013878188659974,0.9013878188659974,-0.983991703625039,-0.17821427326982975
19.77607885769528,-23.957675093008913,0.9,0.9,-0.9832158381107983,-0.18244619943446483
19.831222107272843,-24.251007589384713,0.9,0.9,-0.9824541815037992,-0.18650410517117325
19.88727322620286,-24.543417547308703,0.9013878188659974,0.9013878188659974,-0.9820675943415944,-0.18852914932209713
19.94342119446679,-24.83546409409015,0.9,0.9,-0.9824034768312764,-0.18677100607380073
19.9984003668531,-25.12793915823784,0.9,0.9,-0.983554210452048,-0.18061316425457002
20.051051904805984,-25.421582158988514,0.9219544457292888,0.9219544457292888,-0.9852202629501977,-0.17129224580331467
20.10078844617052,-25.716843868751713,0.9340770846134703,0.9340770846134703,-0.9869660505676071,-0.16092860226504083
20.147626686796954,-26.01386985567201,0.8860022573334675,0.8860022573334675,-0.988431610054717,-0.1516672418310552
20.192187380540766,-26.312500483629048,0.873212459828649,0.873212459828649,-0.989342827729101,-0.14560483927736162
20.235695339262566,-26.612270912237488,0.873212459828649,0.873212459828649,-0.9894610038210643,-0.14479959225568195
20.279979432828185,-26.912411096847038,0.873212459828649,0.873212459828649,-0.988486638115145,-0.15130818308280036
20.32747258910864,-27.211845788542462,0.873212459828649,0.873212459828649,-0.9859160587970873,-0.16724091905397526
20.381211793980142,-27.509194534143564,0.8631338250816034,0.8631338250816034,-0.9808503741504981,-0.1947627878441562
20.44481201638275,-27.802782190810984,0.8631338250816034,0.8631338250816034,-0.9719554700251872,-0.2351649724940288
20.52194347280768,-28.090849716850364,0.9219544457292888,0.9219544457292888,-0.9578273363685845,-0.2873443817182831
20.61553741970289,-28.371874432443555,0.912414379544733,0.912414379544733,-0.9374064891504519,-0.3482370946619898
20.727663393014392,-28.644619522265447,0.894427190999916,0.894427190999916,-0.9102146679923808,-0.41413676264190785
20.859529125743492,-28.908134068728664,0.894427190999916,0.894427190999916,-0.876649549750698,-0.4811294700201792
21.011480547946725,-29.161753051983588,0.9178779875342911,0.9178779875342911,-0.8380993519346839,-0.545517622342911
21.1830017867359,-29.405097349918343,0.9219544457292888,0.9219544457292888,-0.7967815615518596,-0.6042674434147352
21.372715166278077,-29.638073738158795,0.9192388155425117,0.9192388155425117,-0.755383682748863,-0.6552827571642375
21.57838120779558,-29.86087489006857,0.9192388155425117,0.9192388155425117,-0.7166643895468906,-0.6974182050644955
21.79690727445896,-30.073971992681628,0.9192388155425117,0.9192388155425117,-0.6823253048011904,-0.7310486840340817
22.02490507001957,-30.27763855717721,0.95524865872714,0.95524865872714,-0.6502894005496533,-0.7596865771703305
22.260265511843066,-30.470605235236203,0.9219544457292888,0.9219544457292888,-0.6143848331273662,-0.7890065125352631
22.502644162589295,-30.649645185771103,0.8845903006477066,0.8845903006477066,-0.5664023295860654,-0.8241288740479114
22.753466586566507,-30.809569499776057,0.894427190999916,0.894427190999916,-0.4967324282902893,-0.8679037358398871
23.015800067857878,-30.943342710495884,0.873212459828649,0.873212459828649,-0.39871417756969246,-0.9170752447890651
23.292371440036842,-31.043867619434888,0.873212459828649,0.873212459828649,-0.27606211562460314,-0.9611397964483982
23.583034385300827,-31.1062658422888,0.9013878188659974,0.9013878188659974,-0.14094908554175034,-0.9900168459601808
23.88445322689969,-31.12816253498585,0.8514693182963202,0.8514693182963202,-0.005634083736865284,-0.9999841284242695
24.19010404252611,-31.10968617785783,0.8631338250816034,0.8631338250816034,0.1224737493253465,-0.9924717531124965
24.491002794738893,-31.053312646823326,0.8631338250816034,0.8631338250816034,0.24141228731668943,-0.9704226437653463
24.77977178323641,-30.962994384383812,0.8544003745317531,0.8544003745317531,0.34952688918872354,-0.936926333141541
25.05300470432875,-30.843653923155678,0.8602325267042628,0.8602325267042628,0.44185327506211614,-0.8970873331604242
25.311363286236862,-30.701163191462555,0.9178779875342911,0.9178779875342911,0.5112567431223016,-0.8594280322470154
25.559537934795095,-30.542327319909614,0.890224690738243,0.890224690738243,0.5526368050001378,-0.8334221989839481
25.804501839595186,-30.374166244557877,0.9013878188659974,0.9013878188659974,0.5687896571305475,-0.8224830247131634
26.051360170722948,-30.20220674290422,0.9178779875342911,0.9178779875342911,0.5686588322270216,-0.8225734815383974
26.3022815783409,-30.0300427695195,0.890224690738243,0.890224690738243,0.561621133213227,-0.8273945266487389
26.55649113980393,-29.85933255394213,0.9013878188659974,0.9013878188659974,0.5562020824135967,-0.8310470765960124
26.810484819492874,-29.68991318001915,0.8746427842267951,0.8746427842267951,0.5569951708570391,-0.8305157311224982
27.060659803202352,-29.521205893257665,0.9013878188659974,0.9013878188659974,0.5612940825816138,-0.827616428582024
27.306165888432254,-29.35373951159634,0.9178779875342911,0.9178779875342911,0.5619606402995813,-0.8271639733173131
27.549193827521787,-29.18930447833789,0.8602325267042628,0.8602325267042628,0.5510500807350944,-0.834472173605475
27.79497204335175,-29.030952629478513,0.8746427842267951,0.8746427842267951,0.5212059277448409,-0.8534309467576388
28.050852434041893,-28.882932368894394,0.9178779875342911,0.9178779875342911,0.4698599346085048,-0.8827409823100384
28.322076942527026,-28.750388479380707,0.9178779875342911,0.9178779875342911,0.39975622548488604,-0.9166214923217091
28.60968701169391,-28.639213883888367,0.9340770846134703,0.9340770846134703,0.3136353042656722,-0.9495435197599841
28.910459376038972,-28.556045092564965,0.912414379544733,0.912414379544733,0.2108588495371058,-0.9775165193345268
29.216974937458847,-28.508216575063607,0.9013878188659974,0.9013878188659974,0.08787491577557587,-0.9961315170083895
29.519842457415315,-28.50228764584565,0.9,0.9,-0.055117988716090305,-0.9984798482292434
29.81218089782958,-28.54107307734119,0.9055385138137417,0.9055385138137417,-0.2069324762405421,-0.9783552270402389
30.090582380088126,-28.62300517484104,0.873212459828649,0.873212459828649,-0.34727112074416155,-0.9377647725827059
30.355115576343877,-28.742131530176067,0.9300537618869138,0.9300537618869138,-0.45569640975694864,-0.8901352605838212
30.609101880067815,-28.888456376464866,0.9178779875342911,0.9178779875342911,-0.5245916637805033,-0.8513539723828176
30.856897942975383,-29.051322366309943,0.9300537618869138,0.9300537618869138,-0.5611738265777434,-0.8276979741210515
31.101847265043844,-29.222534532822756,0.9013878188659974,0.9013878188659974,-0.5766441153458113,-0.8169954493368042
31.34611286236391,-29.396615482243167,0.9178779875342911,0.9178779875342911,-0.5802469923722565,-0.8144405612707108
31.59067883792577,-29.570801875376016,0.9300537618869138,0.9300537618869138,-0.5794574139340136,-0.8150025186690562
31.83554919553591,-29.744599084021896,0.9013878188659974,0.9013878188659974,-0.578471555427515,-0.815702555813865
32.08047563300468,-29.91815093279072,0.9219544457292888,0.9219544457292888,-0.5781537064858974,-0.8159278716140409
32.32524701250862,-30.091591284914315,0.9013878188659974,0.9013878188659974,-0.5784054417511899,-0.8157494376048389
32.569695170465025,-30.265031028116187,0.9178779875342911,0.9178779875342911,-0.579109191587286,-0.8152499887881753
32.813694917531876,-30.438558074611528,0.890224690738243,0.890224690738243,-0.5801470691869202,-0.8145117421583478
33.05716403860788,-30.612237361107226,0.9178779875342911,0.9178779875342911,-0.581400782326532,-0.8136173119532896
33.30006329283241,-30.786110848801822,0.890224690738243,0.890224690738243,-0.5827516010576317,-0.8126503377620456
33.54239641358556,-30.960197523385578,0.9300537618869138,0.9300537618869138,-0.5840803822559941,-0.8116958217606469
33.784210108488104,-31.134493395040412,0.9178779875342911,0.9178779875342911,-0.5852676470561085,-0.8108401700146624
34.0255940594015,-31.308971498439913,0.9300537618869138,0.9300537618869138,-0.5861937047437403,-0.8101709329016986
34.26668092242799,-31.483581892749406,0.9013878188659974,0.9013878188659974,-0.5867388168273822,-0.8097762412098811
34.507646327910415,-31.658251661625844,0.9219544457292888,0.9219544457292888,-0.5867833979198145,-0.8097439372577462
34.74870888043239,-31.83288491321789,0.9300537618869138,0.9300537618869138,-0.5862082558044637,-0.8101604043809402
34.990130158818154,-32.007362780165884,0.9178779875342911,0.9178779875342911,-0.5848948815331627,-0.8111091033617533
35.23221471613273,-32.18154341960185,0.9300537618869138,0.9300537618869138,-0.5827258112394824,-0.8126688310223834
35.47531007968178,-32.355262013149485,0.9219544457292888,0.9219544457292888,-0.5795850938507776,-0.814911724658558
35.7198067510117,-32.5283307669242,0.9219544457292888,0.9219544457292888,-0.5753589119233634,-0.8179010468695852
35.96613820590958,-32.70053891153306,0.9300537618869138,0.9300537618869138,-0.5699829607024373,-0.8216565124849214
36.2147504848275,-32.87167313748275,0.9178779875342911,0.9178779875342911,-0.5641340959754807,-0.8256831848584099
36.465649675204666,-33.04182168963455,0.890224690738243,0.890224690738243,-0.5600330362569877,-0.8284702760514583
36.71783862069182,-33.211752901811515,0.9178779875342911,0.9178779875342911,-0.5608384419521462,-0.8279252635526284
36.96924887509264,-33.382960924136924,0.890224690738243,0.890224690738243,-0.5697878363992344,-0.821791835863243
37.21674069764958,-33.55766572620242,0.9013878188659974,0.9013878188659974,-0.5900967091828456,-0.8073325670450661
37.456103053043876,-33.73881309706792,0.8845903006477066,0.8845903006477066,-0.6248572850792873,-0.7807389917785215
37.6820536113955,-33.93007464526163,0.9300537618869138,0.9300537618869138,-0.6765671147037959,-0.7363809742934567
37.88823874826324,-34.13584779878004,0.9192388155425117,0.9192388155425117,-0.7457685714061866,-0.6662051019789443
38.06723354464459,-34.36125580508796,0.8845903006477066,0.8845903006477066,-0.8281513488152743,-0.5605045436528073
38.21054645801862,-34.612060824330136,0.873212459828649,0.873212459828649,-0.9099630400734097,-0.414689360486085
38.308798621941015,-34.8913279821377,0.9055385138137417,0.9055385138137417,-0.9714770036926202,-0.23713378354087097
38.3521201326728,-35.19205228400798,0.9513148795220223,0.9513148795220223,-0.9993704125666393,-0.035479268402621666
38.33024432160922,-35.495404635635204,0.9656603957913984,0.9656603957913984,-0.9792983628642736,0.20242212451052252
38.23250823625629,-35.770722894362606,1.0307764064044151,1.0307764064044151,-0.8641343512919631,0.5032611875728329
38.04913211350373,-35.97809378709363,0.9962429422585638,0.9962429422585638,-0.5878213691409144,0.8089907527168039
37.78490002777506,-36.095959825767004,0.9617692030835672,0.9617692030835672,-0.2814901015498002,0.9595641316397165
37.47199585301099,-36.147397890089394,0.9013878188659974,0.9013878188659974,-0.13111164590533958,0.9913676090673897
37.15396137218144,-36.179403550217515,0.8631338250816034,0.8631338250816034,-0.11214629375847261,0.9936917071185803
36.85178137244256,-36.2173942026608,0.8558621384311845,0.8558621384311845,-0.13576514644195228,0.9907410484135576
36.56153957897264,-36.260585440923656,0.8860022573334675,0.8860022573334675,-0.14509695425443506,0.9894174416625605
36.2739655857654,-36.30213023745932,0.9,0.9,-0.1327424281830954,0.9911505676536011
35.98310405515393,-36.33805392904734,0.9,0.9,-0.11056005065071146,0.9938694457523645
35.6865314562376,-36.36747760012564,0.9055385138137417,0.9055385138137417,-0.0908333958619387,0.9958661025440059
35.38530233717692,-36.39257969306043,0.9,0.9,-0.0826814010231793,0.996576031181186
35.0825387772983,-36.41758813794708,0.912414379544733,0.912414379544733,-0.08963436079952633,0.9959747393202603
34.78090190224829,-36.44697368972822,0.9,0.9,-0.11175346909226916,0.9937359619868062
34.4821166417614,-36.48511035625533,0.9055385138137417,0.9055385138137417,-0.14868462174379185,0.9888846663068983
34.186970794453046,-36.53627472261227,0.912414379544733,0.912414379544733,-0.19973049559667244,0.9798508708618408
33.895556965053146,-36.60467330038266,0.9486832980505139,0.9486832980505139,-0.26445068747339895,0.9643992087796665
33.60932009508879,-36.69467398629444,0.9340770846134703,0.9340770846134703,-0.3441848656455599,0.9389019002326856
33.33273125457186,-36.81099527235423,0.9486832980505139,0.9486832980505139,-0.44196581056312395,0.8970318959174645
33.07340295823523,-36.95871928151987,0.9300537618869138,0.9300537618869138,-0.5607385432685976,0.8279929263544533
32.84207914908773,-37.14327775705153,0.9219544457292888,0.9219544457292888,-0.6972625599693182,0.7168158218573534
32.651605169198895,-37.36901129406336,0.9178779875342911,0.9178779875342911,-0.8310114834364032,0.5562552601071099
32.51342404522232,-37.63426846759249,0.9178779875342911,0.9178779875342911,-0.9335013377434089,0.35857391487846113
32.436277623443566,-37.929589026227,0.912414379544733,0.912414379544733,-0.9897094407627322,0.1430916589641757
32.42618419983363,-38.237672601815916,0.9,0.9,-0.9965765308309366,-0.08267537842051507
32.48639570951236,-38.53371699395493,0.9013878188659974,0.9013878188659974,-0.9457832068793068,-0.32479859233853575
32.61656079764691,-38.792031498196074,0.890224690738243,0.890224690738243,-0.8179552685161453,-0.5752818254618172
32.811473612612666,-38.99592381459562,0.8845903006477066,0.8845903006477066,-0.6156876357481811,-0.7879903141453042
33.060884148567915,-39.139198701301844,0.8500000000000001,0.8500000000000001,-0.39341734508709025,-0.9193599907460762
33.34949862925688,-39.22615829920358,0.8381527307120106,0.8381527307120106,-0.21476818807798304,-0.9766650528147816
33.65796351692699,-39.270496174997305,0.8500000000000001,0.8500000000000001,-0.09899693383031835,-0.9950877383890305
33.96950089475704,-39.28783961722659,0.8500000000000001,0.8500000000000001,-0.03270836814171492,-0.9994649381811781
34.27442755179622,-39.29067050210809,0.8500000000000001,0.8500000000000001,-0.00036368436039618736,-0.9999999338668408
34.57039266805236,-39.28805815218128,0.8860022573334675,0.8860022573334675,0.008469097767389067,-0.9999641365484097
34.86231716517586,-39.2856914289292,0.9219544457292888,0.9219544457292888,0.00034956745421248366,-0.9999999389012956
35.15866361702133,-39.287852511790696,0.9513148795220223,0.9513148795220223,-0.028691274264310562,-0.9995883206506017
35.46111431154868,-39.302878757752815,0.9,0.9,-0.09407217383774188,-0.9955653801280163
35.76145607515614,-39.344811098380404,0.9340770846134703,0.9340770846134703,-0.2194081401341877,-0.9756331626399631
36.04154775851837,-39.43341124470385,0.9394147114027969,0.9394147114027969,-0.4354115520053049,-0.9002315148784404
36.274419727661325,-39.59291427669421,0.95524865872714,0.95524865872714,-0.7086445610616415,-0.7055656497291753
36.440273303380515,-39.83387672772638,0.9178779875342911,0.9178779875342911,-0.8929254202695288,-0.45020461329986994
36.545870161364206,-40.13130279035221,0.873212459828649,0.873212459828649,-0.9600859946179138,-0.27970499269503807
36.616674277109375,-40.43937219165145,0.8860022573334675,0.8860022573334675,-0.9787801450753464,-0.20491321969625045
36.67200790481504,-40.73380720181621,0.8631338250816034,0.8631338250816034,-0.9846185790735185,-0.17471764004600518
36.71952581104108,-41.01899043265277,0.8558621384311845,0.8558621384311845,-0.9882315263668052,-0.15296551995379307
36.76066889493027,-41.306600244439366,0.8514693182963202,0.8514693182963202,-0.9920554297668819,-0.12580152729616315
36.79368783999565,-41.60382310589768,0.8015609770940699,0.8015609770940699,-0.9961888802691226,-0.08722221522153474
36.813755403151816,-41.91291583787277,0.8500000000000001,0.8500000000000001,-0.9995340733790832,-0.030522715380803218
36.812839924386566,-42.23100062552929,0.8558621384311845,0.8558621384311845,-0.9980876806843256,0.0618140895442418
36.774788619540395,-42.54209709679296,0.894427190999916,0.894427190999916,-0.9675815683590488,0.2525587230167337
36.66445616371453,-42.79947590983197,0.95524865872714,0.95524865872714,-0.7735112174204932,0.633782609831373
36.444782534708445,-42.94485887105882,0.9013878188659974,0.9013878188659974,-0.38132681214960606,0.9244402967935891
36.159059529127504,-43.00794939179361,0.873212459828649,0.873212459828649,-0.16719217510359743,0.9859243259926839
35.86380405071433,-43.043380688470684,0.8015609770940699,0.8015609770940699,-0.0868099624056869,0.996224889483857
35.56544356549169,-43.05967644662893,0.8500000000000001,0.8500000000000001,-0.028012338102053277,0.999607577459303
35.26511868644924,-43.06015784904721,0.8500000000000001,0.8500000000000001,0.019829436530353333,0.9998033773932196
34.96380110583793,-43.047743869446826,0.8015609770940699,0.8015609770940699,0.05830329183095131,0.9982989162378545
34.66229359517023,-43.02495127249165,0.8500000000000001,0.8500000000000001,0.08901108644297955,0.9960306353171274
34.36123000522009,-42.99389461378808,0.8500000000000001,0.8500000000000001,0.11347215150045188,0.9935411772210845
34.06107526602279,-42.95628623988507,0.9,0.9,0.13310267576141466,0.9911022539098333
33.76212538687521,-42.91343628827409,0.9013878188659974,0.9013878188659974,0.14922932575163975,0.9888026134349115
33.46450745633561,-42.86625268738919,0.9055385138137417,0.9055385138137417,0.16310613947855343,0.9866085278692875
33.16818180369338,-42.81524552447635,0.912414379544733,0.912414379544733,0.17575934671903476,0.9844331628104054
32.87300081644036,-42.7606459031651,0.9219544457292888,0.9219544457292888,0.18769422523301604,0.9822275081742405
32.57881660242813,-42.702623505738146,0.9340770846134703,0.9340770846134703,0.19903055185279503,0.9799932854000439
32.28550171996205,-42.641328484232616,0.9013878188659974,0.9013878188659974,0.2098305559663448,0.9777377653455218
31.992949223991317,-42.57689155378015,0.912414379544733,0.912414379544733,0.22016024863803133,0.9754637178899276
31.70107266610894,-42.50942399260691,0.9219544457292888,0.9219544457292888,0.23008880306653728,0.9731696371668241
31.409806094551715,-42.43901764203353,0.9013878188659974,0.9013878188659974,0.23968790880348995,0.9708499916946026
31.11910405420026,-42.3657449064752,0.9219544457292888,0.9219544457292888,0.24903123305408748,0.9684954542813099
30.828941586578992,-42.289658753441586,0.9013878188659974,0.9013878188659974,0.2581939822228186,0.9660930946569916
30.539314229856128,-42.21079271353687,0.9340770846134703,0.9340770846134703,0.26725255482959354,0.9636265209805379
30.250238018843707,-42.12916088045976,0.912414379544733,0.912414379544733,0.2762842754951731,0.9610759590761322
29.961749484997576,-42.04475791100347,0.9013878188659974,0.9013878188659974,0.28536719862892845,0.958418260440961
29.673905656417368,-41.9575590250557,0.9340770846134703,0.9340770846134703,0.29457996952394866,0.955626831747241
29.386784057846548,-41.867520005598706,0.9340770846134703,0.9340770846134703,0.3040017295697536,0.9526714797969962
29.10048271067237,-41.77457719870922,0.9192388155425117,0.9192388155425117,0.31371205104548266,0.9495181667713559
28.815120132925905,-41.67864751355849,0.9192388155425117,0.9192388155425117,0.32379088528742167,0.9461286712729869
28.530835339282007,-41.579628422412256,0.9192388155425117,0.9192388155425117,0.33431850576984834,0.9424601512529938
28.24778784105939,-41.47739796063083,0.9340770846134703,0.9340770846134703,0.3453749151654106,0.9384647931459579
27.96615740021432,-41.371814984203766,0.9192388155425117,0.9192388155425117,0.3569995389205246,0.9341045601058443
27.686124660020155,-41.26273944677354,0.9394147114027969,0.9394147114027969,0.3690678034960002,0.9294024727870256
27.407811682224576,-41.150094649081424,0.9394147114027969,0.9394147114027969,0.38128892208547366,0.9244559253392763
27.131262015730318,-41.03388810432676,0.9178779875342911,0.9178779875342911,0.3933287615770342,0.9193978928169656
26.856440425039334,-40.91421182244869,0.9178779875342911,0.9178779875342911,0.404852479514068,0.9143820152602036
26.583232890252773,-40.791242310126215,0.9013878188659974,0.9013878188659974,0.41552674966397896,0.9095809586362772
26.31144660707097,-40.66524057077816,0.9178779875342911,0.9178779875342911,0.4250213687965631,0.9051833162770379
26.040809986793434,-40.53655210456311,0.9178779875342911,0.9178779875342911,0.4330104994429519,0.9013888768850908
25.770972656318968,-40.40560690837957,0.9394147114027969,0.9394147114027969,0.43917357993004813,0.8984022299011872
25.501505555968283,-40.272919346679515,0.9178779875342911,0.9178779875342911,0.44344960503169284,0.8962993070382436
25.23200576464203,-40.13894971768166,0.9178779875342911,0.9178779875342911,0.4475887776586146,0.8942395015397537
24.96274024682318,-40.00325411074451,0.9178779875342911,0.9178779875342911,0.455844080063733,0.8900596466927646
24.695051571003052,-39.86394860809848,0.9013878188659974,0.9013878188659974,0.4733941529162522,0.8808507115196672
24.431376806891066,-39.71768432888742,0.9013878188659974,0.9013878188659974,0.5051552749144794,0.8630284747481259
24.175226171210404,-39.559679918914824,0.9013878188659974,0.9013878188659974,0.552431496954131,0.8335583010042057
23.930054512091438,-39.38543855143071,0.9300537618869138,0.9300537618869138,0.6056590729800261,0.7957242533170492
23.696345638613675,-39.19518387869528,0.9192388155425117,0.9192388155425117,0.6489517783372906,0.7608295402998415
23.471342204242642,-38.99417854882045,0.9192388155425117,0.9192388155425117,0.676074193174036,0.7368335533375744
23.25209684406844,-38.78756787915202,0.9192388155425117,0.9192388155425117,0.6924552363940226,0.7214608413424101
23.03719444501026,-38.57748526205825,0.95524865872714,0.95524865872714,0.7048798713612413,0.709326699729934
22.826145190713234,-38.364286552314276,0.9192388155425117,0.9192388155425117,0.7160086157485096,0.698091442558855
22.618590023956266,-38.14813696498353,0.95524865872714,0.95524865872714,0.7261735501180806,0.6875114363477188
22.414211925378353,-37.929188274838246,0.95524865872714,0.95524865872714,0.7354811508002802,0.6775451843364364
22.2127359116645,-37.70757881998289,0.9219544457292888,0.9219544457292888,0.7440376773272706,0.6681376615020594
22.01392903554561,-37.48343350185411,0.95524865872714,0.95524865872714,0.7519480986356847,0.6592223122423714
21.817600385798567,-37.25686378522075,0.9219544457292888,0.9219544457292888,0.7593153427042582,0.6507228368006728
21.62360108724624,-37.027967698183886,0.9300537618869138,0.9300537618869138,0.7662397977451517,0.6425547232348923
21.431824300757434,-36.79682983217676,0.9433981132056604,0.9433981132056604,0.7728189945117034,0.634626505688125
21.242205223246913,-36.56352134196483,0.9178779875342911,0.9178779875342911,0.7791474071032694,0.6268407437334081
21.05472108767539,-36.32809994564573,0.95524865872714,0.95524865872714,0.7853163176139765,0.6190947272342286
20.86939116304958,-36.09060992464934,0.95524865872714,0.95524865872714,0.791413696960021,0.6112809176344965
20.68627675442212,-35.85108212373772,0.9178779875342911,0.9178779875342911,0.7975240595349996,0.6032871409725342
20.50548120289162,-35.609533951005126,0.9433981132056604,0.9433981132056604,0.8037282526049515,0.594996551220754
20.327149885602644,-35.365969377877995,0.9219544457292888,0.9219544457292888,0.8101031424096188,0.5862873857231289
20.151470215745736,-35.12037893911503,0.9433981132056604,0.9433981132056604,0.8167211577942352,0.577032538433704
19.978671642557362,-34.87273973280705,0.9300537618869138,0.9300537618869138,0.8236496490073847,0.5670989822685384
19.80902565131999,-34.62301542037714,0.9433981132056604,0.9433981132056604,0.830949960119068,0.5563471612025349
19.642845705101735,-34.371156245380725,0.9178779875342911,0.9178779875342911,0.8386661142355171,0.5446458930654839
19.48047615118511,-34.1171026133214,0.9178779875342911,0.9178779875342911,0.8467827590486688,0.5319388677074876
19.32224598349288,-33.860800012183894,0.9178779875342911,0.9178779875342911,0.8552204052829098,0.5182644676106357
19.168448085138337,-33.60220571071405,0.9178779875342911,0.9178779875342911,0.8638808168534682,0.5036962718470175
19.01933869579166,-33.34128893029589,0.9394147114027969,0.9394147114027969,0.8726672570909734,0.48831532681384976
18.875137411679926,-33.07803084495148,0.9178779875342911,0.9178779875342911,0.8814859898062714,0.4722101754253694
18.73602718558711,-32.81242458134109,0.9178779875342911,0.9178779875342911,0.8902473940343373,0.455477307244907
18.60215432685408,-32.544475218763075,0.9394147114027969,0.9394147114027969,0.8988671303501415,0.438221270565569
18.47362850137864,-32.274199789154,0.9178779875342911,0.9178779875342911,0.9072673000996534,0.42055445089772325
18.35052273161546,-32.001627277088495,0.9192388155425117,0.9192388155425117,0.9153775340578,0.40259653518412364
18.23287339657611,-31.726798619779355,0.894427190999916,0.894427190999916,0.9231359467709176,0.38447369712291324
18.12068023182908,-31.44976670707748,0.9178779875342911,0.9178779875342911,0.9304898974266713,0.3663175545710344
18.01390632949975,-31.17059638147196,0.9178779875342911,0.9178779875342911,0.9373965072417295,0.3482639634113844
17.9124781382704,-30.889364438089974,0.9192388155425117,0.9192388155425117,0.9438228962312654,0.3304517219649884
17.81628546338022,-30.60615962469685,0.9192388155425117,0.9192388155425117,0.9497461175125657,0.313021264884365
17.725181466625266,-30.321082641696023,0.912414379544733,0.912414379544733,0.9551527833745108,0.29611342490999104
17.638982666358558,-30.034246142129142,0.9013878188659974,0.9013878188659974,0.9600383925030624,0.2798683349722435
17.55746893748995,-29.74577473167591,0.9219544457292888,0.9219544457292888,0.9644063804225403,0.26442453252354325
17.480383511486238,-29.455804968654174,0.9013878188659974,0.9013878188659974,0.968267261844338,0.24991700550476378
17.40743373679816,-29.164485064489433,0.9219544457292888,0.9219544457292888,0.9716436065687586,0.23645021001059696
17.338306535100656,-28.871968795535597,0.9013878188659974,0.9013878188659974,0.9745757061093956,0.22405845902659635
17.272692091960828,-28.57840617137298,0.9055385138137417,0.9055385138137417,0.9771117955227723,0.21272644182203587
17.210287557771537,-28.283941977018635,0.9219544457292888,0.9219544457292888,0.9792966043132953,0.2024306320210681
17.15079705041668,-27.98871577187659,0.9340770846134703,0.9340770846134703,0.981169973061461,0.19314627607741186
17.093931655271174,-27.692861889737706,0.9,0.9,0.9827671409271381,0.18484790156747405
17.03940942520097,-27.396509438779802,0.9,0.9,0.9841190479369974,0.17750971660046563
16.986955380563057,-27.099782301567586,0.9,0.9,0.9852526401277829,0.17110591784398788
16.936301509205453,-26.80279913505272,0.8860022573334675,0.8860022573334675,0.9861911698034185,0.16561091933131983
16.88718676646722,-26.50567337057374,0.8860022573334675,0.8860022573334675,0.9869544856503156,0.16099951321268327
16.839357075178423,-26.20851321385609,0.8860022573334675,0.8860022573334675,0.987559309430653,0.1572469724886681
16.792565325660185,-25.911421645012133,0.873212459828649,0.873212459828649,0.9880194975135344,0.15432910462094682
16.746571375724656,-25.61449641854119,0.873212459828649,0.873212459828649,0.9883462866817955,0.15222226381941012
16.70114205067501,-25.317830063329424,0.9219544457292888,0.9219544457292888,0.9885485245336456,0.15090332879811552
16.656051143305447,-25.021509882649948,0.912414379544733,0.912414379544733,0.9886328854401073,0.15034965189972221
16.61107941390123,-24.72561795416277,0.912414379544733,0.912414379544733,0.9886040734690568,0.15053898471953284
16.566014590238627,-24.430231129914862,0.912414379544733,0.912414379544733,0.9884650139831185,0.15144938471764516
16.520651367584932,-24.135421036340027,0.9055385138137417,0.9055385138137417,0.9882170436422316,0.15305905610256348
16.474791435230475,-23.84125404584435,0.9055385138137417,0.9055385138137417,0.9878648987431332,0.1553156200490442
16.428259445551433,-23.547774174578887,0.9055385138137417,0.9055385138137417,0.98744459456992,0.15796573253287063
16.380991246257622,-23.254908589233327,0.9,0.9,0.9870384346063722,0.1604840447203469
16.333084727642724,-22.962413151665906,0.9,0.9,0.9867517729311709,0.16223729108066057
16.28480186858945,-22.66987022771369,0.9,0.9,0.986694051153506,0.16258797439627148
16.236568736569595,-22.376688687192686,0.9,0.9,0.9869690305408149,0.1609103251917793
16.188975487643955,-22.08210390389768,0.8860022573334675,0.8860022573334675,0.9876609163350806,0.1566075168826482
16.142776366462407,-21.78517775560235,0.8860022573334675,0.8860022573334675,0.9888170381690461,0.14913371525780217
16.098889706263858,-21.484798624059213,0.8860022573334675,0.8860022573334675,0.9904293785327769,0.13802045550996153
16.058397928876275,-21.17968139499972,0.9219544457292888,0.9219544457292888,0.9923370240090347,0.12356063604923902
16.022178341300144,-20.86871626927571,0.9219544457292888,0.9219544457292888,0.9934676254897069,0.1141143159460875
15.986643343370861,-20.554993273364396,0.9219544457292888,0.9219544457292888,0.9911536571228317,0.13271935794011488
15.939326155517083,-20.249972717362546,0.9486832980505139,0.9486832980505139,0.9765248026353914,0.21540499028088897
15.858460094815067,-19.97388268101515,0.97082439194738,0.97082439194738,0.9092443739665736,0.4162627396370394
15.713029661172879,-19.755672375923776,1.0259142264341596,1.0259142264341596,0.672718362886767,0.7398986445689356
15.473138504796445,-19.623546981490698,0.9861541461658011,0.9861541461658011,0.32317791476683994,0.946338224635863
15.154036567846937,-19.564774219675616,0.9219544457292888,0.9219544457292888,0.1693627570844714,0.9855537816439782
14.829823435431669,-19.512996328800934,0.9500000000000001,0.9500000000000001,0.26870583903546363,0.9632222859071771
14.572171132376342,-19.402453805861054,1.05,1.05,0.5630823926224439,0.8264007618090535
14.395189011532901,-19.21685067812504,1.0111874208078342,1.0111874208078342,0.8198591002534592,0.5725653287892906
14.27361476712733,-18.974949483331464,0.9617692030835672,0.9617692030835672,0.9263314008675901,0.37670961730049835
14.183898105351632,-18.697284964576113,0.9219544457292888,0.9219544457292888,0.9627262329562712,0.2704777262138741
14.11203201491418,-18.399819114829814,0.912414379544733,0.912414379544733,0.9774566124963318,0.2111363793551361
14.053569382818297,-18.09392768418942,0.9013878188659974,0.9013878188659974,0.987161957059336,0.15972247974152493
14.012809487179457,-17.786576039581476,0.9,0.9,0.9956093451903926,0.09360572508964221
13.996016640278635,-17.481785122834854,0.9,0.9,0.9999355368668777,0.01135438729077574
14.005942360466628,-17.181815618743666,0.9,0.9,0.997092312922906,-0.07620314632644602
14.041454345964837,-16.887248161559242,0.9,0.9,0.9879542094937613,-0.1547465022013649
14.09754583016709,-16.596987967020446,0.9013878188659974,0.9013878188659974,0.9775264059847126,-0.21081301098985983
14.1662229423234,-16.30870418552349,0.894427190999916,0.894427190999916,0.9710425624253104,-0.2389065548671431
14.239433815051576,-16.020280172225053,0.9178779875342911,0.9178779875342911,0.9704150339426251,-0.2414428750204361
14.310123189078237,-15.730335646683285,0.873212459828649,0.873212459828649,0.9749396790755264,-0.22246937354186452
14.372249416651258,-15.43823511164754,0.8246211251235321,0.8246211251235321,0.9826421466938595,-0.18551121675220472
14.420802841523022,-15.144071952348577,0.8015609770940699,0.8015609770940699,0.9909485464906431,-0.13424223704960261
14.452158408623955,-14.84836339029342,0.8500000000000001,0.8500000000000001,0.9972793028035398,-0.07371561706779356
14.464596428799457,-14.551599964409538,0.8631338250816034,0.8631338250816034,0.9999451794409271,-0.010470821975957213
14.458380356594951,-14.254178244694002,0.912414379544733,0.912414379544733,0.9988281725460504,0.04839712520715955
14.435756705105458,-13.956400799361854,0.9055385138137417,0.9055385138137417,0.9953505080688675,0.09631908474984208
14.400735329284192,-13.658481064115241,0.912414379544733,0.912414379544733,0.9915137261362664,0.1300020418431067
14.357635248503215,-13.360575569013825,0.9340770846134703,0.9340770846134703,0.9886238514730463,0.15040904327399982
14.310109371062252,-13.06280555212096,0.9340770846134703,0.9340770846134703,0.9871047247721941,0.1600758018327907
14.261094401653969,-12.765258069633488,0.912414379544733,0.912414379544733,0.9868839889458336,0.16143107619773756
14.212810841364016,-12.46798599588173,0.9055385138137417,0.9055385138137417,0.9876339819509004,0.1567772869257808
14.166762987671007,-12.171008023329545,0.9,0.9,0.9889313899611654,0.14837353520583627
14.123738934446523,-11.874308662574228,0.9,0.9,0.990362678392272,0.13849824998058724
14.083810571955102,-11.577838242346552,0.8860022573334675,0.8860022573334675,0.9915823460591561,0.12947760804023217
14.046333586854258,-11.281512909510786,0.873212459828649,0.873212459828649,0.9923285422370128,0.12362873558265139
14.009979164583948,-10.985217016361892,0.9055385138137417,0.9055385138137417,0.9924699043218657,0.12248873015647904
13.97318668995701,-10.688837210511284,0.9013878188659974,0.9013878188659974,0.9920384590381652,0.1259352841311065
13.934711203658214,-10.392303660213228,0.9,0.9,0.991140011951672,0.13282122085133632
13.893687151054955,-10.09559485486595,0.8860022573334675,0.8860022573334675,0.9898822183798073,0.14189148577512162
13.849628384827515,-9.798737605209618,0.873212459828649,0.873212459828649,0.9883949476544344,0.15190598227584026
13.802428164969092,-9.501807043326421,0.912414379544733,0.912414379544733,0.9868480428667402,0.16165067364562527
13.752359158785762,-9.204926622640512,0.912414379544733,0.912414379544733,0.9854544366984145,0.16993985168703235
13.700073440896507,-8.908268117918098,0.912414379544733,0.912414379544733,0.9844602791656639,0.17560739945988338
13.646602493233214,-8.612051625267323,0.8631338250816034,0.8631338250816034,0.9841203337410582,0.17750258791743903
13.593345870212586,-8.316542815694978,0.8631338250816034,0.8631338250816034,0.9845459075726967,0.17512668523630287
13.541637432390004,-8.021947832964866,0.873212459828649,0.873212459828649,0.9854275418287213,0.1700957371758733
13.491788149655365,-7.7281813635854935,0.873212459828649,0.873212459828649,0.9861414883613066,0.1659064945460157
13.442858786185395,-7.434811558082566,0.873212459828649,0.873212459828649,0.9860442642244831,0.16648335949877288
13.39265874752133,-7.1410597516445184,0.873212459828649,0.873212459828649,0.9844484225987752,0.17567385475016878
13.337772059907847,-6.84592220931109,0.873212459828649,0.873212459828649,0.9804192187030023,0.19692169915424376
13.273842910366579,-6.549508232776298,0.873212459828649,0.873212459828649,0.9724095658656484,0.23328016678016408
13.195861012388885,-6.254377450002445,0.8139410298049854,0.8139410298049854,0.9575996919926342,0.2881021171314299
13.09818752714777,-5.965661288012458,0.8077747210701756,0.8077747210701756,0.9307521868002923,0.3656506075018525
12.974558360749555,-5.691058470812819,0.8602325267042628,0.8602325267042628,0.8830014372030278,0.46937028229041877
12.81873632681008,-5.439944554685884,0.8845903006477066,0.8845903006477066,0.8051195258732351,0.5931125939125361
12.627259868672933,-5.219618814755789,0.8845903006477066,0.8845903006477066,0.6969975588102996,0.7170734990309452
12.400689733989037,-5.033602031835716,0.9219544457292888,0.9219544457292888,0.572886758683627,0.8196345293635253
12.143641605145756,-4.881591938743825,0.9192388155425117,0.9192388155425117,0.4552897961647298,0.890343305421161
11.864702987881836,-4.759517535556261,0.9340770846134703,0.9340770846134703,0.3611850959553631,0.9324941428554472
11.574170918826772,-4.6610175511642415,0.9219544457292888,0.9219544457292888,0.293240662351612,0.95603865713871
11.279910238388291,-4.5801471597671295,0.9013878188659974,0.9013878188659974,0.24597214915483145,0.9692768963718021
10.986555950355953,-4.5118992577113115,0.9219544457292888,0.9219544457292888,0.21386325784021742,0.9768636071355963
10.695511453738666,-4.452205626220283,0.9219544457292888,0.9219544457292888,0.19236172851869607,0.9813240878533959
10.405205105681555,-4.39794133622383,0.8860022573334675,0.8860022573334675,0.17787903073731173,0.9840523616271415
10.113291591573518,-4.346962542827137,0.9,0.9,0.1676915578626892,0.9858395109862378
9.818471029020106,-4.298137716800975,0.9,0.9,0.15926476872327935,0.9872359056697241
9.520616235271854,-4.2513498295867915,0.9340770846134703,0.9340770846134703,0.14994153196917698,0.9886948654619059
9.220769291221135,-4.2074926478753385,0.9219544457292888,0.9219544457292888,0.13750720106232697,0.9905007671153035
8.920775908998227,-4.168076431838279,0.912414379544733,0.912414379544733,0.12204302706006002,0.9925248105443095
8.622026114331488,-4.133869873952845,0.9,0.9,0.10628692938222013,0.9943355010470555
8.32498174762939,-4.104390551278784,0.9486832980505139,0.9486832980505139,0.09399576678976158,0.9955725969639807
8.029168105436575,-4.077895911518095,0.912414379544733,0.912414379544733,0.08905954729057759,0.9960263033858079
7.733207973063789,-4.051477185153718,0.9486832980505139,0.9486832980505139,0.09218684283531137,0.995741726557674
7.4355008000783895,-4.022933552187512,0.912414379544733,0.912414379544733,0.09632268361427467,0.9953501598037469
7.1352515970773736,-3.9936113554736044,0.9,0.9,0.0893651745409552,0.9959989285030706
6.832629414613301,-3.9688414191078034,0.9055385138137417,0.9055385138137417,0.05871605217432525,0.9982747243204457
6.528767845969329,-3.957939480081606,0.9500000000000001,0.9500000000000001,-0.009359771954743367,0.9999561963750988
6.226612572269865,-3.974513847025776,0.9500000000000001,0.9500000000000001,-0.1349187560803674,0.9908566643353247
5.936689205321376,-4.038559126265812,0.9340770846134703,0.9340770846134703,-0.34389411493725863,0.9390084332483493
5.6790818332746085,-4.175036645565879,0.9013878188659974,0.9013878188659974,-0.5579244543310118,0.8298917418913401
5.450120053312174,-4.365672670027983,0.890224690738243,0.890224690738243,-0.6080424288613326,0.7939045312280383
5.208600912147119,-4.535372618926265,0.8845903006477066,0.8845903006477066,-0.5142709740153923,0.8576277544979871
4.94639489264867,-4.667728226942785,0.8276472678623424,0.8276472678623424,-0.39918074087536404,0.9168722572497193
4.669086608387499,-4.770262177187776,0.8544003745317531,0.8544003745317531,-0.30698466144020253,0.951714462241929
4.381558514720033,-4.849921638020167,0.8500000000000001,0.8500000000000001,-0.23819140536363032,0.9712182321244277
4.08783538880957,-4.912814118946272,0.9013878188659974,0.9013878188659974,-0.19002271823682101,0.9817796934923281
3.7910843296262406,-4.964207470619811,0.9013878188659974,0.9013878188659974,-0.15902795991256563,0.98727407945618
3.493614757947072,-5.008529884841871,0.9055385138137417,0.9055385138137417,-0.14187171250326505,0.989885052514377
3.19687841635589,-5.049369894560955,0.8558621384311845,0.8558621384311845,-0.13544072979782107,0.9907854503936933
2.901469369243383,-5.089476373872946,0.873212459828649,0.873212459828649,-0.1367086764877705,0.9906112949956517
2.607124261817406,-5.130758538449246,0.8860022573334675,0.8860022573334675,-0.14261077560233248,0.9897788473604097
2.312853714552325,-5.174286162717221,0.8860022573334675,0.8860022573334675,-0.15016093904489236,0.9886615661515098
2.017643100093291,-5.220290738166821,0.9,0.9,-0.1566214265621198,0.9876587106595307
1.7208443038452514,-5.268166120887413,0.9,0.9,-0.15945398443476533,0.9872053620437227
1.4221906996532716,-5.316468556320935,0.9013878188659974,0.9013878188659974,-0.15622666345704392,0.9877212307250864
1.1217971498026127,-5.362916679261882,0.9013878188659974,0.9013878188659974,-0.14451098307498744,0.9895031964428921
0.8201600050186139,-5.404391513857326,0.9055385138137417,0.9055385138137417,-0.12171078230995704,0.9925656076398669
0.5181571044667503,-5.436936473606905,0.8631338250816034,0.8631338250816034,-0.0848607591740359,0.9963928199020737
0.21704777575269474,-5.455757361362812,0.8631338250816034,0.8631338250816034,-0.030478372550978114,0.9995354264890484
-0.081527165077804,-5.455222369329822,0.8500000000000001,0.8500000000000001,0.04494154854656829,0.9989896181713984
-0.37561905988814,-5.429095056888969,0.8544003745317531,0.8544003745317531,0.13955807030017306,0.9902138885180777
-0.6638008582789026,-5.373158288072274,0.8860022573334675,0.8860022573334675,0.24031197585367087,0.9706957063165081
-0.9460113386581476,-5.287884897380749,0.873212459828649,0.873212459828649,0.32814065178339463,0.9446288756157991
-1.2236336789801499,-5.178686245753127,0.894427190999916,0.894427190999916,0.38654685443258546,0.9222697703645466
-1.4994933544281124,-5.055906425294085,0.9178779875342911,0.9178779875342911,0.4046653277553187,0.9144648558105886
-1.777423893231933,-4.933625216743716,0.9178779875342911,0.9178779875342911,0.3812997481265599,0.9244514600987019
-2.0604134840344064,-4.824549005927619,0.894427190999916,0.894427190999916,0.323925948094657,0.9460824383482539
-2.349754672607365,-4.737666827899067,0.912414379544733,0.912414379544733,0.24286252588149765,0.9700607164102971
-2.6450216088716947,-4.678187645811704,0.9013878188659974,0.9013878188659974,0.1498572832893601,0.9887076386096815
-2.9440968647117254,-4.647583063219907,0.9500000000000001,0.9500000000000001,0.055735032321054916,0.9984455949986314
-3.243905747871781,-4.644756853977941,0.9500000000000001,0.9500000000000001,-0.03446416943145564,0.9994059340555268
-3.541765276705628,-4.668193452565106,0.9055385138137417,0.9055385138137417,-0.12015037691010343,0.9927557035486425
-3.8356450011805894,-4.716373359492254,0.912414379544733,0.912414379544733,-0.20112731547982962,0.9795651091009097
-4.124167593671339,-4.787774084268148,0.9192388155425117,0.9192388155425117,-0.27685710597530067,0.9609111003995017
-4.406570740019031,-4.880868126714638,0.9192388155425117,0.9192388155425117,-0.34670473783684197,0.9379743198838051
-4.682376034238025,-4.9941054378482335,0.9178779875342911,0.9178779875342911,-0.4103462784767078,0.9119297844353568
-4.951112668651097,-5.125898783353463,0.9013878188659974,0.9013878188659974,-0.46784920352885745,0.8838083065673312
-5.212297832103144,-5.274622705248332,0.890224690738243,0.890224690738243,-0.5195201815777923,0.8544581797451398
-5.465437039773369,-5.438613784519495,0.8746427842267951,0.8746427842267951,-0.5658141759494842,0.8245327878832994
-5.710058560103049,-5.616198055885745,0.8845903006477066,0.8845903006477066,-0.6072526152803916,0.7945088175943201
-5.94583116229175,-5.805784772184442,0.9192388155425117,0.9192388155425117,-0.6443175680870191,0.7647580476558776
-6.172607998044323,-6.005901348172569,0.9192388155425117,0.9192388155425117,-0.6773975970253283,0.735617084864341
-6.390427366295876,-6.215193969490562,0.9192388155425117,0.9192388155425117,-0.7067931313314524,0.707420291978312
-6.599512713211733,-6.432427592662296,0.9192388155425117,0.9192388155425117,-0.732732100626849,0.6805172067706776
-6.800272632187455,-6.6564859450950875,0.9192388155425117,0.9192388155425117,-0.7553842150720723,0.6552821435228867
-6.993300863848785,-6.8863715250796504,0.9300537618869138,0.9300537618869138,-0.7748729757291277,0.632116976108605
-7.179376296051727,-7.121205601790168,0.9300537618869138,0.9300537618869138,-0.7912849277668021,0.6114475963556376
-7.35946294517974,-7.360228218284125,0.9178779875342911,0.9178779875342911,-0.8047211338452762,0.5936530103880322
-7.534659269312852,-7.602806321530032,0.9300537618869138,0.9300537618869138,-0.8156094158994924,0.5786028695885362
-7.705842181473338,-7.848490861699696,0.873212459828649,0.873212459828649,-0.8248515219095234,0.5653494200965834
-7.873416396948045,-8.097056996165643,0.8845903006477066,0.8845903006477066,-0.8334978865724169,0.5525226448565838
-8.03730056281234,-8.348506314287134,0.890224690738243,0.890224690738243,-0.8425248900135022,0.5386574140469395
-8.19692725793006,-8.603066837410108,0.9300537618869138,0.9300537618869138,-0.8528123299542312,0.5222175120369246
-8.351242992953592,-8.861193018867281,0.890224690738243,0.890224690738243,-0.8651093821749979,0.5015832501916242
-8.498708210323827,-9.123565743978087,0.9178779875342911,0.9178779875342911,-0.8799688038083023,0.47503147719302297
-8.637297284270161,-9.391092330048696,0.9178779875342911,0.9178779875342911,-0.8976405847289418,0.4407282389948293
-8.76449852081049,-9.664906526371961,0.9178779875342911,0.9178779875342911,-0.917605350371001,0.39749266781981346
-8.877724346767023,-9.946114288393625,0.9178779875342911,0.9178779875342911,-0.9342760843737027,0.35655041462231113
-8.98082675107503,-10.231755655197517,0.9192388155425117,0.9192388155425117,-0.9344547410353712,0.35608192450125475
-9.092446574654742,-10.509603165669253,0.9192388155425117,0.9192388155425117,-0.8981502775180206,0.43968861594803954
-9.239719961164733,-10.760595839035883,0.9219544457292888,0.9219544457292888,-0.7971082866915492,0.6038363845344722
-9.438929734762104,-10.96698633302108,0.9192388155425117,0.9192388155425117,-0.6182561059990757,0.7859767091936374
-9.690612172311974,-11.115271568517999,0.894427190999916,0.894427190999916,-0.3931073101934226,0.9194926006621762
-9.983058336925541,-11.19961564514576,0.8558621384311845,0.8558621384311845,-0.17569995635606808,0.984443764435773
-10.294628986838992,-11.223074301172366,0.9055385138137417,0.9055385138137417,0.02012284621269734,0.9997975150300685
-10.597061979035683,-11.187257641971641,0.9394147114027969,0.9394147114027969,0.24487340322750048,0.9695550610418069
-10.859390821089283,-11.080436551215934,1.0259142264341596,1.0259142264341596,0.5466358815625131,0.8373704156395628
-11.055175937307439,-10.888200590565415,1.0124228365658294,1.0124228365658294,0.8208195692092004,0.5711875653436641
-11.178562739824518,-10.62177363077525,0.982344135219425,0.982344135219425,0.9486698936018787,0.3162679765221261
-11.245049780792092,-10.318659529604524,0.9500000000000001,0.9500000000000001,0.9877079499720838,0.15631060604432362
-11.275282821754598,-10.010611047110247,0.9,0.9,0.9976919176985357,0.06790314690070126
-11.286613326574814,-9.707971872389528,0.9,0.9,0.9996068099317668,0.028039713586925356
-11.292143554743477,-9.40953131554037,0.9013878188659974,0.9013878188659974,0.9997456450137135,0.022553165545304586
-11.30002937037126,-9.113260175183832,0.9,0.9,0.9993555801011849,0.03589463080495941
-11.313414181905541,-8.817327984012483,0.9,0.9,0.9986888389376781,0.051191825336790335
-11.330434007555256,-8.52010352160022,0.9,0.9,0.9985721790070587,0.053419128718976944
-11.345354110374931,-8.220269875169203,0.9,0.9,0.9992663947192456,0.03829715896513371
-11.353535575492977,-7.91732720269614,0.8500000000000001,0.8500000000000001,0.9999045108333434,0.01381916115877392
-11.353763064556635,-7.6118283698512075,0.8500000000000001,0.8500000000000001,0.9999635375217637,-0.00853953318163561
-11.348309688614254,-7.3053855170342095,0.9,0.9,0.9998407639945075,-0.01784507368658035
-11.342854547050392,-7.000635574066268,0.9,0.9,0.9999753344936535,-0.007023560657230049
-11.34405921442672,-6.700226744316682,0.9,0.9,0.9997945896916934,0.020267669407665053
-11.354931611505936,-6.404879670457303,0.9,0.9,0.9987124703044222,0.050728706453432845
-11.37388713577518,-6.112994798213107,0.9,0.9,0.9976859294917392,0.06799107363620908
-11.394746059589027,-5.820651292839446,0.9,0.9,0.9984266812745262,0.056072828706385525
-11.40707103245454,-5.522125947868157,0.8500000000000001,0.8500000000000001,0.9999721312112765,0.007465708323908801
-11.399270307169324,-5.214664385942858,0.9,0.9,0.9972820762820651,-0.07367808579579946
-11.361304276261937,-4.902642350439281,0.9,0.9,0.9832359645400095,-0.18233770327356083
-11.284889734930749,-4.59787975911828,1.019803902718557,1.019803902718557,0.9469852540253377,-0.32127702790359364
-11.163504259556182,-4.319613740243963,1.0688779163215976,1.0688779163215976,0.8664565222512425,-0.49925253634636874
-10.992925995070804,-4.091174498262064,1.0816653826391969,1.0816653826391969,0.7083494100419523,-0.7058619647588459
-10.773191909127307,-3.927925935882896,1.0,1.0,0.4716780231543663,-0.881770855989916
-10.509370019408586,-3.8325101013436833,0.9,0.9,0.23072533117134814,-0.9730189214788537
-10.211574613273838,-3.794753462340032,0.7905694150420949,0.7905694150420949,0.06580409857287153,-0.9978325614104863
-9.894809212208859,-3.7919816384532465,0.75,0.75,-0.0015924579249037402,-0.9999987320380749
-9.575600247722004,-3.7957662260426366,0.75,0.75,0.014902602059227775,-0.9998889500598875
-9.266660919206354,-3.7826195547496124,0.7566372975210779,0.7566372975210779,0.09962589526864182,-0.9950249650093819
-8.976023279126458,-3.7357341721953983,0.7905694150420949,0.7905694150420949,0.2388252311774906,-0.9710625669610677
-8.707037462876881,-3.6449845496762565,0.8062257748298549,0.8062257748298549,0.4038776866956325,-0.9148129941082956
-8.45848972534936,-3.507250038462028,0.8845903006477066,0.8845903006477066,0.548895023698404,-0.8358912925489346
-8.225455893428208,-3.328749975477998,0.9192388155425117,0.9192388155425117,0.6391472148567356,-0.7690844152242833
-8.000069859252873,-3.1262804402611315,0.890224690738243,0.890224690738243,0.672082256061585,-0.7404764959721343
-7.774314071227138,-2.9192779458890405,0.9178779875342911,0.9178779875342911,0.6664827175139884,-0.7455204807751221
-7.543907089823936,-2.718478629261105,0.9178779875342911,0.9178779875342911,0.6442858668478914,-0.7647847551959056
-7.307978138412731,-2.526417538206507,0.8746427842267951,0.8746427842267951,0.6176768261824513,-0.7864320303733653
-7.066526428934152,-2.343535900441563,0.8602325267042628,0.8602325267042628,0.5894024193568876,-0.8078395806447265
-6.819619092243015,-2.1701091692880996,0.8746427842267951,0.8746427842267951,0.559864642566299,-0.8285840826398431
-6.56738176624695,-2.0062696482660245,0.890224690738243,0.890224690738243,0.5295079220864305,-0.8483049925868117
-6.309998595906349,-1.8520064910933012,0.894427190999916,0.894427190999916,0.4988395294466013,-0.8666943658877063
-6.047712233234455,-1.7071657016859962,0.9178779875342911,0.9178779875342911,0.4684158117410732,-0.8835081365278712
-5.780823837297245,-1.5714501341582106,0.894427190999916,0.894427190999916,0.43882540856390734,-0.898572345890257
-5.509693074213504,-1.444419492822127,0.873212459828649,0.873212459828649,0.41067178466002446,-0.9117832446827209
-5.234738104619592,-1.3254903583848068,0.9178779875342911,0.9178779875342911,0.38452293528886267,-0.9231154381965655
-4.95642585782466,-1.2139565136084312,0.9178779875342911,0.9178779875342911,0.3606956177082587,-0.9326835858778998
-4.675215597813443,-1.109106882498765,0.9340770846134703,0.9340770846134703,0.33915553771191026,-0.9407303127035639
-4.391525015400274,-1.0102963929775295,0.9192388155425117,0.9192388155425117,0.31971298893781536,-0.9475144350902779
-4.105728766302242,-0.9169490321058849,0.9219544457292888,0.9219544457292888,0.30215230968724494,-0.9532596612417119
-3.818158471139081,-0.828557846084392,0.912414379544733,0.912414379544733,0.28624440826266717,-0.9581566358056263
-3.5291027154332406,-0.7446849402530371,0.8860022573334675,0.8860022573334675,0.27175182267117254,-0.9623673658613408
-3.2388070496098504,-0.6649614790912209,0.9013878188659974,0.9013878188659974,0.25843208817772145,-0.9660294280197174
-2.9474739889967996,-0.5890876862177798,0.873212459828649,0.873212459828649,0.2460398999038849,-0.9692597008311479
-2.655263013824615,-0.5168328443909527,0.873212459828649,0.873212459828649,0.23433196964586026,-0.9721566375856782
-2.3622916920765618,-0.44803333865938794,0.8544003745317531,0.8544003745317531,0.2231119694357976,-0.9747928236781802
-2.0686498360352754,-0.3825679850132226,0.8631338250816034,0.8631338250816034,0.21227623423725514,-0.9772097013323445
-1.7744151604868552,-0.32033074201899664,0.8860022573334675,0.8860022573334675,0.20177486998552627,-0.9794319281309569
-1.4796549082140449,-0.2612278779880686,0.9013878188659974,0.9013878188659974,0.19156309177488676,-0.9814803013151341
-1.1844258500024945,-0.20517797096584722,0.9055385138137417,0.9055385138137417,0.18159626919658292,-0.9833731717989271
-0.888774284640722,-0.15211190873178493,0.912414379544733,0.912414379544733,0.1718300216363237,-0.9851266130119826
-0.5927360389201921,-0.10197288879939109,0.9219544457292888,0.9219544457292888,0.162220307243888,-0.9867545651871586
-0.29633646763519955,-0.05471641841621114,0.9340770846134703,0.9340770846134703,0.15744646652723257,-0.9875275237572313
